"ID","Name","Region","Unit","YEAR","MONTH","START","END","SNWDavg_in","SNWDmin_in","SNWDmax_in","MISSING_pcnt"
"USC00508615","SOLDOTNA 5SSW",2,"15B",NA,NA,"1980-01-01","1980-02-01",NA,NA,NA,100
"USC00508615","SOLDOTNA 5SSW",2,"15B",NA,NA,"1980-02-01","1980-03-01",NA,NA,NA,100
"USC00508615","SOLDOTNA 5SSW",2,"15B",NA,NA,"1980-03-01","1980-04-01",NA,NA,NA,100
"USC00508615","SOLDOTNA 5SSW",2,"15B",NA,NA,"1980-04-01","1980-05-01",NA,NA,NA,100
"USC00508615","SOLDOTNA 5SSW",2,"15B",NA,NA,"1980-05-01","1980-06-01",NA,NA,NA,100
"USC00508615","SOLDOTNA 5SSW",2,"15B",NA,NA,"1980-06-01","1980-07-01",NA,NA,NA,100
"USC00508615","SOLDOTNA 5SSW",2,"15B",NA,NA,"1980-07-01","1980-08-01",NA,NA,NA,100
"USC00508615","SOLDOTNA 5SSW",2,"15B",NA,NA,"1980-08-01","1980-09-01",NA,NA,NA,100
"USC00508615","SOLDOTNA 5SSW",2,"15B",NA,NA,"1980-09-01","1980-10-01",NA,NA,NA,100
"USC00508615","SOLDOTNA 5SSW",2,"15B",NA,NA,"1980-10-01","1980-11-01",NA,NA,NA,100
"USC00508615","SOLDOTNA 5SSW",2,"15B",NA,NA,"1980-11-01","1980-12-01",NA,NA,NA,100
"USC00508615","SOLDOTNA 5SSW",2,"15B",NA,NA,"1980-12-01","1981-01-01",NA,NA,NA,100
"USC00508615","SOLDOTNA 5SSW",2,"15B",NA,NA,"1981-01-01","1981-02-01",NA,NA,NA,100
"USC00508615","SOLDOTNA 5SSW",2,"15B",NA,NA,"1981-02-01","1981-03-01",NA,NA,NA,100
"USC00508615","SOLDOTNA 5SSW",2,"15B",NA,NA,"1981-03-01","1981-04-01",NA,NA,NA,100
"USC00508615","SOLDOTNA 5SSW",2,"15B",NA,NA,"1981-04-01","1981-05-01",NA,NA,NA,100
"USC00508615","SOLDOTNA 5SSW",2,"15B",NA,NA,"1981-05-01","1981-06-01",NA,NA,NA,100
"USC00508615","SOLDOTNA 5SSW",2,"15B",NA,NA,"1981-06-01","1981-07-01",NA,NA,NA,100
"USC00508615","SOLDOTNA 5SSW",2,"15B",NA,NA,"1981-07-01","1981-08-01",NA,NA,NA,100
"USC00508615","SOLDOTNA 5SSW",2,"15B",NA,NA,"1981-08-01","1981-09-01",NA,NA,NA,100
"USC00508615","SOLDOTNA 5SSW",2,"15B",NA,NA,"1981-09-01","1981-10-01",NA,NA,NA,100
"USC00508615","SOLDOTNA 5SSW",2,"15B",NA,NA,"1981-10-01","1981-11-01",NA,NA,NA,100
"USC00508615","SOLDOTNA 5SSW",2,"15B",NA,NA,"1981-11-01","1981-12-01",NA,NA,NA,100
"USC00508615","SOLDOTNA 5SSW",2,"15B",NA,NA,"1981-12-01","1982-01-01",NA,NA,NA,100
"USC00508615","SOLDOTNA 5SSW",2,"15B",NA,NA,"1982-01-01","1982-02-01",NA,NA,NA,100
"USC00508615","SOLDOTNA 5SSW",2,"15B",NA,NA,"1982-02-01","1982-03-01",NA,NA,NA,100
"USC00508615","SOLDOTNA 5SSW",2,"15B",NA,NA,"1982-03-01","1982-04-01",NA,NA,NA,100
"USC00508615","SOLDOTNA 5SSW",2,"15B",NA,NA,"1982-04-01","1982-05-01",NA,NA,NA,100
"USC00508615","SOLDOTNA 5SSW",2,"15B",NA,NA,"1982-05-01","1982-06-01",NA,NA,NA,100
"USC00508615","SOLDOTNA 5SSW",2,"15B",NA,NA,"1982-06-01","1982-07-01",NA,NA,NA,100
"USC00508615","SOLDOTNA 5SSW",2,"15B",NA,NA,"1982-07-01","1982-08-01",NA,NA,NA,100
"USC00508615","SOLDOTNA 5SSW",2,"15B",NA,NA,"1982-08-01","1982-09-01",NA,NA,NA,100
"USC00508615","SOLDOTNA 5SSW",2,"15B",NA,NA,"1982-09-01","1982-10-01",NA,NA,NA,100
"USC00508615","SOLDOTNA 5SSW",2,"15B",NA,NA,"1982-10-01","1982-11-01",NA,NA,NA,100
"USC00508615","SOLDOTNA 5SSW",2,"15B",NA,NA,"1982-11-01","1982-12-01",NA,NA,NA,100
"USC00508615","SOLDOTNA 5SSW",2,"15B",NA,NA,"1982-12-01","1983-01-01",NA,NA,NA,100
"USC00508615","SOLDOTNA 5SSW",2,"15B",NA,NA,"1983-01-01","1983-02-01",NA,NA,NA,100
"USC00508615","SOLDOTNA 5SSW",2,"15B",NA,NA,"1983-02-01","1983-03-01",NA,NA,NA,100
"USC00508615","SOLDOTNA 5SSW",2,"15B",NA,NA,"1983-03-01","1983-04-01",NA,NA,NA,100
"USC00508615","SOLDOTNA 5SSW",2,"15B",NA,NA,"1983-04-01","1983-05-01",NA,NA,NA,100
"USC00508615","SOLDOTNA 5SSW",2,"15B",NA,NA,"1983-05-01","1983-06-01",NA,NA,NA,100
"USC00508615","SOLDOTNA 5SSW",2,"15B",NA,NA,"1983-06-01","1983-07-01",NA,NA,NA,100
"USC00508615","SOLDOTNA 5SSW",2,"15B",NA,NA,"1983-07-01","1983-08-01",NA,NA,NA,100
"USC00508615","SOLDOTNA 5SSW",2,"15B",NA,NA,"1983-08-01","1983-09-01",NA,NA,NA,100
"USC00508615","SOLDOTNA 5SSW",2,"15B",NA,NA,"1983-09-01","1983-10-01",NA,NA,NA,100
"USC00508615","SOLDOTNA 5SSW",2,"15B",NA,NA,"1983-10-01","1983-11-01",NA,NA,NA,100
"USC00508615","SOLDOTNA 5SSW",2,"15B",NA,NA,"1983-11-01","1983-12-01",NA,NA,NA,100
"USC00508615","SOLDOTNA 5SSW",2,"15B",NA,NA,"1983-12-01","1984-01-01",NA,NA,NA,100
"USC00508615","SOLDOTNA 5SSW",2,"15B",NA,NA,"1984-01-01","1984-02-01",NA,NA,NA,100
"USC00508615","SOLDOTNA 5SSW",2,"15B",NA,NA,"1984-02-01","1984-03-01",NA,NA,NA,100
"USC00508615","SOLDOTNA 5SSW",2,"15B",NA,NA,"1984-03-01","1984-04-01",NA,NA,NA,100
"USC00508615","SOLDOTNA 5SSW",2,"15B",NA,NA,"1984-04-01","1984-05-01",NA,NA,NA,100
"USC00508615","SOLDOTNA 5SSW",2,"15B",NA,NA,"1984-05-01","1984-06-01",NA,NA,NA,100
"USC00508615","SOLDOTNA 5SSW",2,"15B",NA,NA,"1984-06-01","1984-07-01",NA,NA,NA,100
"USC00508615","SOLDOTNA 5SSW",2,"15B",NA,NA,"1984-07-01","1984-08-01",NA,NA,NA,100
"USC00508615","SOLDOTNA 5SSW",2,"15B",NA,NA,"1984-08-01","1984-09-01",NA,NA,NA,100
"USC00508615","SOLDOTNA 5SSW",2,"15B",NA,NA,"1984-09-01","1984-10-01",NA,NA,NA,100
"USC00508615","SOLDOTNA 5SSW",2,"15B",NA,NA,"1984-10-01","1984-11-01",NA,NA,NA,100
"USC00508615","SOLDOTNA 5SSW",2,"15B",NA,NA,"1984-11-01","1984-12-01",NA,NA,NA,100
"USC00508615","SOLDOTNA 5SSW",2,"15B",NA,NA,"1984-12-01","1985-01-01",NA,NA,NA,100
"USC00508615","SOLDOTNA 5SSW",2,"15B",NA,NA,"1985-01-01","1985-02-01",NA,NA,NA,100
"USC00508615","SOLDOTNA 5SSW",2,"15B",NA,NA,"1985-02-01","1985-03-01",NA,NA,NA,100
"USC00508615","SOLDOTNA 5SSW",2,"15B",NA,NA,"1985-03-01","1985-04-01",NA,NA,NA,100
"USC00508615","SOLDOTNA 5SSW",2,"15B",NA,NA,"1985-04-01","1985-05-01",NA,NA,NA,100
"USC00508615","SOLDOTNA 5SSW",2,"15B",NA,NA,"1985-05-01","1985-06-01",NA,NA,NA,100
"USC00508615","SOLDOTNA 5SSW",2,"15B",NA,NA,"1985-06-01","1985-07-01",NA,NA,NA,100
"USC00508615","SOLDOTNA 5SSW",2,"15B",NA,NA,"1985-07-01","1985-08-01",NA,NA,NA,100
"USC00508615","SOLDOTNA 5SSW",2,"15B",NA,NA,"1985-08-01","1985-09-01",NA,NA,NA,100
"USC00508615","SOLDOTNA 5SSW",2,"15B",NA,NA,"1985-09-01","1985-10-01",NA,NA,NA,100
"USC00508615","SOLDOTNA 5SSW",2,"15B",NA,NA,"1985-10-01","1985-11-01",NA,NA,NA,100
"USC00508615","SOLDOTNA 5SSW",2,"15B",NA,NA,"1985-11-01","1985-12-01",NA,NA,NA,100
"USC00508615","SOLDOTNA 5SSW",2,"15B",NA,NA,"1985-12-01","1986-01-01",NA,NA,NA,100
"USC00508615","SOLDOTNA 5SSW",2,"15B",NA,NA,"1986-01-01","1986-02-01",NA,NA,NA,100
"USC00508615","SOLDOTNA 5SSW",2,"15B",NA,NA,"1986-02-01","1986-03-01",NA,NA,NA,100
"USC00508615","SOLDOTNA 5SSW",2,"15B",NA,NA,"1986-03-01","1986-04-01",NA,NA,NA,100
"USC00508615","SOLDOTNA 5SSW",2,"15B",NA,NA,"1986-04-01","1986-05-01",NA,NA,NA,100
"USC00508615","SOLDOTNA 5SSW",2,"15B",NA,NA,"1986-05-01","1986-06-01",NA,NA,NA,100
"USC00508615","SOLDOTNA 5SSW",2,"15B",NA,NA,"1986-06-01","1986-07-01",NA,NA,NA,100
"USC00508615","SOLDOTNA 5SSW",2,"15B",NA,NA,"1986-07-01","1986-08-01",NA,NA,NA,100
"USC00508615","SOLDOTNA 5SSW",2,"15B",NA,NA,"1986-08-01","1986-09-01",NA,NA,NA,100
"USC00508615","SOLDOTNA 5SSW",2,"15B",NA,NA,"1986-09-01","1986-10-01",NA,NA,NA,100
"USC00508615","SOLDOTNA 5SSW",2,"15B",NA,NA,"1986-10-01","1986-11-01",NA,NA,NA,100
"USC00508615","SOLDOTNA 5SSW",2,"15B",NA,NA,"1986-11-01","1986-12-01",NA,NA,NA,100
"USC00508615","SOLDOTNA 5SSW",2,"15B",NA,NA,"1986-12-01","1987-01-01",NA,NA,NA,100
"USC00508615","SOLDOTNA 5SSW",2,"15B",NA,NA,"1987-01-01","1987-02-01",NA,NA,NA,100
"USC00508615","SOLDOTNA 5SSW",2,"15B",NA,NA,"1987-02-01","1987-03-01",NA,NA,NA,100
"USC00508615","SOLDOTNA 5SSW",2,"15B",NA,NA,"1987-03-01","1987-04-01",NA,NA,NA,100
"USC00508615","SOLDOTNA 5SSW",2,"15B",NA,NA,"1987-04-01","1987-05-01",NA,NA,NA,100
"USC00508615","SOLDOTNA 5SSW",2,"15B",NA,NA,"1987-05-01","1987-06-01",NA,NA,NA,100
"USC00508615","SOLDOTNA 5SSW",2,"15B",NA,NA,"1987-06-01","1987-07-01",NA,NA,NA,100
"USC00508615","SOLDOTNA 5SSW",2,"15B",NA,NA,"1987-07-01","1987-08-01",NA,NA,NA,100
"USC00508615","SOLDOTNA 5SSW",2,"15B",NA,NA,"1987-08-01","1987-09-01",NA,NA,NA,100
"USC00508615","SOLDOTNA 5SSW",2,"15B",NA,NA,"1987-09-01","1987-10-01",NA,NA,NA,100
"USC00508615","SOLDOTNA 5SSW",2,"15B",NA,NA,"1987-10-01","1987-11-01",NA,NA,NA,100
"USC00508615","SOLDOTNA 5SSW",2,"15B",NA,NA,"1987-11-01","1987-12-01",NA,NA,NA,100
"USC00508615","SOLDOTNA 5SSW",2,"15B",NA,NA,"1987-12-01","1988-01-01",NA,NA,NA,100
"USC00508615","SOLDOTNA 5SSW",2,"15B",NA,NA,"1988-01-01","1988-02-01",NA,NA,NA,100
"USC00508615","SOLDOTNA 5SSW",2,"15B",NA,NA,"1988-02-01","1988-03-01",NA,NA,NA,100
"USC00508615","SOLDOTNA 5SSW",2,"15B",NA,NA,"1988-03-01","1988-04-01",NA,NA,NA,100
"USC00508615","SOLDOTNA 5SSW",2,"15B",NA,NA,"1988-04-01","1988-05-01",NA,NA,NA,100
"USC00508615","SOLDOTNA 5SSW",2,"15B",NA,NA,"1988-05-01","1988-06-01",NA,NA,NA,100
"USC00508615","SOLDOTNA 5SSW",2,"15B",NA,NA,"1988-06-01","1988-07-01",NA,NA,NA,100
"USC00508615","SOLDOTNA 5SSW",2,"15B",NA,NA,"1988-07-01","1988-08-01",NA,NA,NA,100
"USC00508615","SOLDOTNA 5SSW",2,"15B",NA,NA,"1988-08-01","1988-09-01",NA,NA,NA,100
"USC00508615","SOLDOTNA 5SSW",2,"15B",NA,NA,"1988-09-01","1988-10-01",NA,NA,NA,100
"USC00508615","SOLDOTNA 5SSW",2,"15B",NA,NA,"1988-10-01","1988-11-01",NA,NA,NA,100
"USC00508615","SOLDOTNA 5SSW",2,"15B",NA,NA,"1988-11-01","1988-12-01",NA,NA,NA,100
"USC00508615","SOLDOTNA 5SSW",2,"15B",NA,NA,"1988-12-01","1989-01-01",NA,NA,NA,100
"USC00508615","SOLDOTNA 5SSW",2,"15B",NA,NA,"1989-01-01","1989-02-01",NA,NA,NA,100
"USC00508615","SOLDOTNA 5SSW",2,"15B",NA,NA,"1989-02-01","1989-03-01",NA,NA,NA,100
"USC00508615","SOLDOTNA 5SSW",2,"15B",NA,NA,"1989-03-01","1989-04-01",NA,NA,NA,100
"USC00508615","SOLDOTNA 5SSW",2,"15B",NA,NA,"1989-04-01","1989-05-01",NA,NA,NA,100
"USC00508615","SOLDOTNA 5SSW",2,"15B",NA,NA,"1989-05-01","1989-06-01",NA,NA,NA,100
"USC00508615","SOLDOTNA 5SSW",2,"15B",NA,NA,"1989-06-01","1989-07-01",NA,NA,NA,100
"USC00508615","SOLDOTNA 5SSW",2,"15B",NA,NA,"1989-07-01","1989-08-01",NA,NA,NA,100
"USC00508615","SOLDOTNA 5SSW",2,"15B",NA,NA,"1989-08-01","1989-09-01",NA,NA,NA,100
"USC00508615","SOLDOTNA 5SSW",2,"15B",NA,NA,"1989-09-01","1989-10-01",NA,NA,NA,100
"USC00508615","SOLDOTNA 5SSW",2,"15B",NA,NA,"1989-10-01","1989-11-01",NA,NA,NA,100
"USC00508615","SOLDOTNA 5SSW",2,"15B",NA,NA,"1989-11-01","1989-12-01",NA,NA,NA,100
"USC00508615","SOLDOTNA 5SSW",2,"15B",NA,NA,"1989-12-01","1990-01-01",NA,NA,NA,100
"USC00508615","SOLDOTNA 5SSW",2,"15B",NA,NA,"1990-01-01","1990-02-01",NA,NA,NA,100
"USC00508615","SOLDOTNA 5SSW",2,"15B",NA,NA,"1990-02-01","1990-03-01",NA,NA,NA,100
"USC00508615","SOLDOTNA 5SSW",2,"15B",NA,NA,"1990-03-01","1990-04-01",NA,NA,NA,100
"USC00508615","SOLDOTNA 5SSW",2,"15B",NA,NA,"1990-04-01","1990-05-01",NA,NA,NA,100
"USC00508615","SOLDOTNA 5SSW",2,"15B",NA,NA,"1990-05-01","1990-06-01",NA,NA,NA,100
"USC00508615","SOLDOTNA 5SSW",2,"15B",NA,NA,"1990-06-01","1990-07-01",NA,NA,NA,100
"USC00508615","SOLDOTNA 5SSW",2,"15B",NA,NA,"1990-07-01","1990-08-01",NA,NA,NA,100
"USC00508615","SOLDOTNA 5SSW",2,"15B",NA,NA,"1990-08-01","1990-09-01",NA,NA,NA,100
"USC00508615","SOLDOTNA 5SSW",2,"15B",NA,NA,"1990-09-01","1990-10-01",NA,NA,NA,100
"USC00508615","SOLDOTNA 5SSW",2,"15B",NA,NA,"1990-10-01","1990-11-01",NA,NA,NA,100
"USC00508615","SOLDOTNA 5SSW",2,"15B",NA,NA,"1990-11-01","1990-12-01",NA,NA,NA,100
"USC00508615","SOLDOTNA 5SSW",2,"15B",NA,NA,"1990-12-01","1991-01-01",NA,NA,NA,100
"USC00508615","SOLDOTNA 5SSW",2,"15B",NA,NA,"1991-01-01","1991-02-01",NA,NA,NA,100
"USC00508615","SOLDOTNA 5SSW",2,"15B",NA,NA,"1991-02-01","1991-03-01",NA,NA,NA,100
"USC00508615","SOLDOTNA 5SSW",2,"15B",NA,NA,"1991-03-01","1991-04-01",NA,NA,NA,100
"USC00508615","SOLDOTNA 5SSW",2,"15B",NA,NA,"1991-04-01","1991-05-01",NA,NA,NA,100
"USC00508615","SOLDOTNA 5SSW",2,"15B",NA,NA,"1991-05-01","1991-06-01",NA,NA,NA,100
"USC00508615","SOLDOTNA 5SSW",2,"15B",NA,NA,"1991-06-01","1991-07-01",NA,NA,NA,100
"USC00508615","SOLDOTNA 5SSW",2,"15B",NA,NA,"1991-07-01","1991-08-01",NA,NA,NA,100
"USC00508615","SOLDOTNA 5SSW",2,"15B",NA,NA,"1991-08-01","1991-09-01",NA,NA,NA,100
"USC00508615","SOLDOTNA 5SSW",2,"15B",NA,NA,"1991-09-01","1991-10-01",NA,NA,NA,100
"USC00508615","SOLDOTNA 5SSW",2,"15B",NA,NA,"1991-10-01","1991-11-01",NA,NA,NA,100
"USC00508615","SOLDOTNA 5SSW",2,"15B",NA,NA,"1991-11-01","1991-12-01",NA,NA,NA,100
"USC00508615","SOLDOTNA 5SSW",2,"15B",NA,NA,"1991-12-01","1992-01-01",NA,NA,NA,100
"USC00508615","SOLDOTNA 5SSW",2,"15B",NA,NA,"1992-01-01","1992-02-01",NA,NA,NA,100
"USC00508615","SOLDOTNA 5SSW",2,"15B",NA,NA,"1992-02-01","1992-03-01",NA,NA,NA,100
"USC00508615","SOLDOTNA 5SSW",2,"15B",NA,NA,"1992-03-01","1992-04-01",NA,NA,NA,100
"USC00508615","SOLDOTNA 5SSW",2,"15B",NA,NA,"1992-04-01","1992-05-01",NA,NA,NA,100
"USC00508615","SOLDOTNA 5SSW",2,"15B",NA,NA,"1992-05-01","1992-06-01",NA,NA,NA,100
"USC00508615","SOLDOTNA 5SSW",2,"15B",NA,NA,"1992-06-01","1992-07-01",NA,NA,NA,100
"USC00508615","SOLDOTNA 5SSW",2,"15B",NA,NA,"1992-07-01","1992-08-01",NA,NA,NA,100
"USC00508615","SOLDOTNA 5SSW",2,"15B",NA,NA,"1992-08-01","1992-09-01",NA,NA,NA,100
"USC00508615","SOLDOTNA 5SSW",2,"15B",NA,NA,"1992-09-01","1992-10-01",NA,NA,NA,100
"USC00508615","SOLDOTNA 5SSW",2,"15B",NA,NA,"1992-10-01","1992-11-01",NA,NA,NA,100
"USC00508615","SOLDOTNA 5SSW",2,"15B",NA,NA,"1992-11-01","1992-12-01",NA,NA,NA,100
"USC00508615","SOLDOTNA 5SSW",2,"15B",NA,NA,"1992-12-01","1993-01-01",NA,NA,NA,100
"USC00508615","SOLDOTNA 5SSW",2,"15B",NA,NA,"1993-01-01","1993-02-01",NA,NA,NA,100
"USC00508615","SOLDOTNA 5SSW",2,"15B",NA,NA,"1993-02-01","1993-03-01",NA,NA,NA,100
"USC00508615","SOLDOTNA 5SSW",2,"15B",NA,NA,"1993-03-01","1993-04-01",NA,NA,NA,100
"USC00508615","SOLDOTNA 5SSW",2,"15B",NA,NA,"1993-04-01","1993-05-01",NA,NA,NA,100
"USC00508615","SOLDOTNA 5SSW",2,"15B",NA,NA,"1993-05-01","1993-06-01",NA,NA,NA,100
"USC00508615","SOLDOTNA 5SSW",2,"15B",NA,NA,"1993-06-01","1993-07-01",NA,NA,NA,100
"USC00508615","SOLDOTNA 5SSW",2,"15B",NA,NA,"1993-07-01","1993-08-01",NA,NA,NA,100
"USC00508615","SOLDOTNA 5SSW",2,"15B",NA,NA,"1993-08-01","1993-09-01",NA,NA,NA,100
"USC00508615","SOLDOTNA 5SSW",2,"15B",NA,NA,"1993-09-01","1993-10-01",NA,NA,NA,100
"USC00508615","SOLDOTNA 5SSW",2,"15B",NA,NA,"1993-10-01","1993-11-01",NA,NA,NA,100
"USC00508615","SOLDOTNA 5SSW",2,"15B",NA,NA,"1993-11-01","1993-12-01",NA,NA,NA,100
"USC00508615","SOLDOTNA 5SSW",2,"15B",NA,NA,"1993-12-01","1994-01-01",NA,NA,NA,100
"USC00508615","SOLDOTNA 5SSW",2,"15B",NA,NA,"1994-01-01","1994-02-01",NA,NA,NA,100
"USC00508615","SOLDOTNA 5SSW",2,"15B",NA,NA,"1994-02-01","1994-03-01",NA,NA,NA,100
"USC00508615","SOLDOTNA 5SSW",2,"15B",NA,NA,"1994-03-01","1994-04-01",NA,NA,NA,100
"USC00508615","SOLDOTNA 5SSW",2,"15B",NA,NA,"1994-04-01","1994-05-01",NA,NA,NA,100
"USC00508615","SOLDOTNA 5SSW",2,"15B",NA,NA,"1994-05-01","1994-06-01",NA,NA,NA,100
"USC00508615","SOLDOTNA 5SSW",2,"15B",NA,NA,"1994-06-01","1994-07-01",NA,NA,NA,100
"USC00508615","SOLDOTNA 5SSW",2,"15B",NA,NA,"1994-07-01","1994-08-01",NA,NA,NA,100
"USC00508615","SOLDOTNA 5SSW",2,"15B",NA,NA,"1994-08-01","1994-09-01",NA,NA,NA,100
"USC00508615","SOLDOTNA 5SSW",2,"15B",NA,NA,"1994-09-01","1994-10-01",NA,NA,NA,100
"USC00508615","SOLDOTNA 5SSW",2,"15B",NA,NA,"1994-10-01","1994-11-01",NA,NA,NA,100
"USC00508615","SOLDOTNA 5SSW",2,"15B",NA,NA,"1994-11-01","1994-12-01",NA,NA,NA,100
"USC00508615","SOLDOTNA 5SSW",2,"15B",NA,NA,"1994-12-01","1995-01-01",NA,NA,NA,100
"USC00508615","SOLDOTNA 5SSW",2,"15B",NA,NA,"1995-01-01","1995-02-01",NA,NA,NA,100
"USC00508615","SOLDOTNA 5SSW",2,"15B",NA,NA,"1995-02-01","1995-03-01",NA,NA,NA,100
"USC00508615","SOLDOTNA 5SSW",2,"15B",NA,NA,"1995-03-01","1995-04-01",NA,NA,NA,100
"USC00508615","SOLDOTNA 5SSW",2,"15B",NA,NA,"1995-04-01","1995-05-01",NA,NA,NA,100
"USC00508615","SOLDOTNA 5SSW",2,"15B",NA,NA,"1995-05-01","1995-06-01",NA,NA,NA,100
"USC00508615","SOLDOTNA 5SSW",2,"15B",NA,NA,"1995-06-01","1995-07-01",NA,NA,NA,100
"USC00508615","SOLDOTNA 5SSW",2,"15B",NA,NA,"1995-07-01","1995-08-01",NA,NA,NA,100
"USC00508615","SOLDOTNA 5SSW",2,"15B",NA,NA,"1995-08-01","1995-09-01",NA,NA,NA,100
"USC00508615","SOLDOTNA 5SSW",2,"15B",NA,NA,"1995-09-01","1995-10-01",NA,NA,NA,100
"USC00508615","SOLDOTNA 5SSW",2,"15B",NA,NA,"1995-10-01","1995-11-01",NA,NA,NA,100
"USC00508615","SOLDOTNA 5SSW",2,"15B",NA,NA,"1995-11-01","1995-12-01",NA,NA,NA,100
"USC00508615","SOLDOTNA 5SSW",2,"15B",NA,NA,"1995-12-01","1996-01-01",NA,NA,NA,100
"USC00508615","SOLDOTNA 5SSW",2,"15B",NA,NA,"1996-01-01","1996-02-01",NA,NA,NA,100
"USC00508615","SOLDOTNA 5SSW",2,"15B",NA,NA,"1996-02-01","1996-03-01",NA,NA,NA,100
"USC00508615","SOLDOTNA 5SSW",2,"15B",NA,NA,"1996-03-01","1996-04-01",NA,NA,NA,100
"USC00508615","SOLDOTNA 5SSW",2,"15B",NA,NA,"1996-04-01","1996-05-01",NA,NA,NA,100
"USC00508615","SOLDOTNA 5SSW",2,"15B",NA,NA,"1996-05-01","1996-06-01",NA,NA,NA,100
"USC00508615","SOLDOTNA 5SSW",2,"15B",NA,NA,"1996-06-01","1996-07-01",NA,NA,NA,100
"USC00508615","SOLDOTNA 5SSW",2,"15B",NA,NA,"1996-07-01","1996-08-01",NA,NA,NA,100
"USC00508615","SOLDOTNA 5SSW",2,"15B",NA,NA,"1996-08-01","1996-09-01",NA,NA,NA,100
"USC00508615","SOLDOTNA 5SSW",2,"15B",NA,NA,"1996-09-01","1996-10-01",NA,NA,NA,100
"USC00508615","SOLDOTNA 5SSW",2,"15B",NA,NA,"1996-10-01","1996-11-01",NA,NA,NA,100
"USC00508615","SOLDOTNA 5SSW",2,"15B",NA,NA,"1996-11-01","1996-12-01",NA,NA,NA,100
"USC00508615","SOLDOTNA 5SSW",2,"15B",NA,NA,"1996-12-01","1997-01-01",NA,NA,NA,100
"USC00508615","SOLDOTNA 5SSW",2,"15B",NA,NA,"1997-01-01","1997-02-01",NA,NA,NA,100
"USC00508615","SOLDOTNA 5SSW",2,"15B",NA,NA,"1997-02-01","1997-03-01",NA,NA,NA,100
"USC00508615","SOLDOTNA 5SSW",2,"15B",NA,NA,"1997-03-01","1997-04-01",NA,NA,NA,100
"USC00508615","SOLDOTNA 5SSW",2,"15B",NA,NA,"1997-04-01","1997-05-01",NA,NA,NA,100
"USC00508615","SOLDOTNA 5SSW",2,"15B",NA,NA,"1997-05-01","1997-06-01",NA,NA,NA,100
"USC00508615","SOLDOTNA 5SSW",2,"15B",NA,NA,"1997-06-01","1997-07-01",NA,NA,NA,100
"USC00508615","SOLDOTNA 5SSW",2,"15B",NA,NA,"1997-07-01","1997-08-01",NA,NA,NA,100
"USC00508615","SOLDOTNA 5SSW",2,"15B",NA,NA,"1997-08-01","1997-09-01",NA,NA,NA,100
"USC00508615","SOLDOTNA 5SSW",2,"15B",NA,NA,"1997-09-01","1997-10-01",NA,NA,NA,100
"USC00508615","SOLDOTNA 5SSW",2,"15B",NA,NA,"1997-10-01","1997-11-01",NA,NA,NA,100
"USC00508615","SOLDOTNA 5SSW",2,"15B",NA,NA,"1997-11-01","1997-12-01",NA,NA,NA,100
"USC00508615","SOLDOTNA 5SSW",2,"15B",NA,NA,"1997-12-01","1998-01-01",NA,NA,NA,100
"USC00508615","SOLDOTNA 5SSW",2,"15B",NA,NA,"1998-01-01","1998-02-01",NA,NA,NA,100
"USC00508615","SOLDOTNA 5SSW",2,"15B",NA,NA,"1998-02-01","1998-03-01",NA,NA,NA,100
"USC00508615","SOLDOTNA 5SSW",2,"15B",NA,NA,"1998-03-01","1998-04-01",NA,NA,NA,100
"USC00508615","SOLDOTNA 5SSW",2,"15B",NA,NA,"1998-04-01","1998-05-01",NA,NA,NA,100
"USC00508615","SOLDOTNA 5SSW",2,"15B",NA,NA,"1998-05-01","1998-06-01",NA,NA,NA,100
"USC00508615","SOLDOTNA 5SSW",2,"15B",NA,NA,"1998-06-01","1998-07-01",NA,NA,NA,100
"USC00508615","SOLDOTNA 5SSW",2,"15B",NA,NA,"1998-07-01","1998-08-01",NA,NA,NA,100
"USC00508615","SOLDOTNA 5SSW",2,"15B",NA,NA,"1998-08-01","1998-09-01",NA,NA,NA,100
"USC00508615","SOLDOTNA 5SSW",2,"15B",NA,NA,"1998-09-01","1998-10-01",NA,NA,NA,100
"USC00508615","SOLDOTNA 5SSW",2,"15B",NA,NA,"1998-10-01","1998-11-01",NA,NA,NA,100
"USC00508615","SOLDOTNA 5SSW",2,"15B",NA,NA,"1998-11-01","1998-12-01",NA,NA,NA,100
"USC00508615","SOLDOTNA 5SSW",2,"15B",NA,NA,"1998-12-01","1999-01-01",NA,NA,NA,100
"USC00508615","SOLDOTNA 5SSW",2,"15B",NA,NA,"1999-01-01","1999-02-01",NA,NA,NA,100
"USC00508615","SOLDOTNA 5SSW",2,"15B",NA,NA,"1999-02-01","1999-03-01",NA,NA,NA,100
"USC00508615","SOLDOTNA 5SSW",2,"15B",NA,NA,"1999-03-01","1999-04-01",NA,NA,NA,100
"USC00508615","SOLDOTNA 5SSW",2,"15B",NA,NA,"1999-04-01","1999-05-01",NA,NA,NA,100
"USC00508615","SOLDOTNA 5SSW",2,"15B",NA,NA,"1999-05-01","1999-06-01",NA,NA,NA,100
"USC00508615","SOLDOTNA 5SSW",2,"15B",NA,NA,"1999-06-01","1999-07-01",NA,NA,NA,100
"USC00508615","SOLDOTNA 5SSW",2,"15B",NA,NA,"1999-07-01","1999-08-01",NA,NA,NA,100
"USC00508615","SOLDOTNA 5SSW",2,"15B",NA,NA,"1999-08-01","1999-09-01",NA,NA,NA,100
"USC00508615","SOLDOTNA 5SSW",2,"15B",NA,NA,"1999-09-01","1999-10-01",NA,NA,NA,100
"USC00508615","SOLDOTNA 5SSW",2,"15B",NA,NA,"1999-10-01","1999-11-01",NA,NA,NA,100
"USC00508615","SOLDOTNA 5SSW",2,"15B",NA,NA,"1999-11-01","1999-12-01",NA,NA,NA,100
"USC00508615","SOLDOTNA 5SSW",2,"15B",NA,NA,"1999-12-01","2000-01-01",NA,NA,NA,100
"USC00508615","SOLDOTNA 5SSW",2,"15B",NA,NA,"2000-01-01","2000-02-01",NA,NA,NA,100
"USC00508615","SOLDOTNA 5SSW",2,"15B",NA,NA,"2000-02-01","2000-03-01",NA,NA,NA,100
"USC00508615","SOLDOTNA 5SSW",2,"15B",NA,NA,"2000-03-01","2000-04-01",NA,NA,NA,100
"USC00508615","SOLDOTNA 5SSW",2,"15B",NA,NA,"2000-04-01","2000-05-01",NA,NA,NA,100
"USC00508615","SOLDOTNA 5SSW",2,"15B",NA,NA,"2000-05-01","2000-06-01",NA,NA,NA,100
"USC00508615","SOLDOTNA 5SSW",2,"15B",NA,NA,"2000-06-01","2000-07-01",NA,NA,NA,100
"USC00508615","SOLDOTNA 5SSW",2,"15B",NA,NA,"2000-07-01","2000-08-01",NA,NA,NA,100
"USC00508615","SOLDOTNA 5SSW",2,"15B",NA,NA,"2000-08-01","2000-09-01",NA,NA,NA,100
"USC00508615","SOLDOTNA 5SSW",2,"15B",NA,NA,"2000-09-01","2000-10-01",NA,NA,NA,100
"USC00508615","SOLDOTNA 5SSW",2,"15B",NA,NA,"2000-10-01","2000-11-01",NA,NA,NA,100
"USC00508615","SOLDOTNA 5SSW",2,"15B",NA,NA,"2000-11-01","2000-12-01",NA,NA,NA,100
"USC00508615","SOLDOTNA 5SSW",2,"15B",NA,NA,"2000-12-01","2001-01-01",NA,NA,NA,100
"USC00508615","SOLDOTNA 5SSW",2,"15B",NA,NA,"2001-01-01","2001-02-01",NA,NA,NA,100
"USC00508615","SOLDOTNA 5SSW",2,"15B",NA,NA,"2001-02-01","2001-03-01",NA,NA,NA,100
"USC00508615","SOLDOTNA 5SSW",2,"15B",NA,NA,"2001-03-01","2001-04-01",NA,NA,NA,100
"USC00508615","SOLDOTNA 5SSW",2,"15B",NA,NA,"2001-04-01","2001-05-01",NA,NA,NA,100
"USC00508615","SOLDOTNA 5SSW",2,"15B",NA,NA,"2001-05-01","2001-06-01",NA,NA,NA,100
"USC00508615","SOLDOTNA 5SSW",2,"15B",NA,NA,"2001-06-01","2001-07-01",NA,NA,NA,100
"USC00508615","SOLDOTNA 5SSW",2,"15B",NA,NA,"2001-07-01","2001-08-01",NA,NA,NA,100
"USC00508615","SOLDOTNA 5SSW",2,"15B",NA,NA,"2001-08-01","2001-09-01",NA,NA,NA,100
"USC00508615","SOLDOTNA 5SSW",2,"15B",NA,NA,"2001-09-01","2001-10-01",NA,NA,NA,100
"USC00508615","SOLDOTNA 5SSW",2,"15B",NA,NA,"2001-10-01","2001-11-01",NA,NA,NA,100
"USC00508615","SOLDOTNA 5SSW",2,"15B",NA,NA,"2001-11-01","2001-12-01",NA,NA,NA,100
"USC00508615","SOLDOTNA 5SSW",2,"15B",NA,NA,"2001-12-01","2002-01-01",NA,NA,NA,100
"USC00508615","SOLDOTNA 5SSW",2,"15B",NA,NA,"2002-01-01","2002-02-01",NA,NA,NA,100
"USC00508615","SOLDOTNA 5SSW",2,"15B",NA,NA,"2002-02-01","2002-03-01",NA,NA,NA,100
"USC00508615","SOLDOTNA 5SSW",2,"15B",NA,NA,"2002-03-01","2002-04-01",NA,NA,NA,100
"USC00508615","SOLDOTNA 5SSW",2,"15B",NA,NA,"2002-04-01","2002-05-01",NA,NA,NA,100
"USC00508615","SOLDOTNA 5SSW",2,"15B",NA,NA,"2002-05-01","2002-06-01",NA,NA,NA,100
"USC00508615","SOLDOTNA 5SSW",2,"15B",NA,NA,"2002-06-01","2002-07-01",NA,NA,NA,100
"USC00508615","SOLDOTNA 5SSW",2,"15B",NA,NA,"2002-07-01","2002-08-01",NA,NA,NA,100
"USC00508615","SOLDOTNA 5SSW",2,"15B",NA,NA,"2002-08-01","2002-09-01",NA,NA,NA,100
"USC00508615","SOLDOTNA 5SSW",2,"15B",NA,NA,"2002-09-01","2002-10-01",NA,NA,NA,100
"USC00508615","SOLDOTNA 5SSW",2,"15B",NA,NA,"2002-10-01","2002-11-01",NA,NA,NA,100
"USC00508615","SOLDOTNA 5SSW",2,"15B",NA,NA,"2002-11-01","2002-12-01",NA,NA,NA,100
"USC00508615","SOLDOTNA 5SSW",2,"15B",NA,NA,"2002-12-01","2003-01-01",NA,NA,NA,100
"USC00508615","SOLDOTNA 5SSW",2,"15B",NA,NA,"2003-01-01","2003-02-01",NA,NA,NA,100
"USC00508615","SOLDOTNA 5SSW",2,"15B",NA,NA,"2003-02-01","2003-03-01",NA,NA,NA,100
"USC00508615","SOLDOTNA 5SSW",2,"15B",NA,NA,"2003-03-01","2003-04-01",NA,NA,NA,100
"USC00508615","SOLDOTNA 5SSW",2,"15B",NA,NA,"2003-04-01","2003-05-01",NA,NA,NA,100
"USC00508615","SOLDOTNA 5SSW",2,"15B",NA,NA,"2003-05-01","2003-06-01",NA,NA,NA,100
"USC00508615","SOLDOTNA 5SSW",2,"15B",NA,NA,"2003-06-01","2003-07-01",NA,NA,NA,100
"USC00508615","SOLDOTNA 5SSW",2,"15B",NA,NA,"2003-07-01","2003-08-01",NA,NA,NA,100
"USC00508615","SOLDOTNA 5SSW",2,"15B",NA,NA,"2003-08-01","2003-09-01",NA,NA,NA,100
"USC00508615","SOLDOTNA 5SSW",2,"15B",NA,NA,"2003-09-01","2003-10-01",NA,NA,NA,100
"USC00508615","SOLDOTNA 5SSW",2,"15B",NA,NA,"2003-10-01","2003-11-01",NA,NA,NA,100
"USC00508615","SOLDOTNA 5SSW",2,"15B",NA,NA,"2003-11-01","2003-12-01",NA,NA,NA,100
"USC00508615","SOLDOTNA 5SSW",2,"15B",NA,NA,"2003-12-01","2004-01-01",NA,NA,NA,100
"USC00508615","SOLDOTNA 5SSW",2,"15B",NA,NA,"2004-01-01","2004-02-01",NA,NA,NA,100
"USC00508615","SOLDOTNA 5SSW",2,"15B",NA,NA,"2004-02-01","2004-03-01",NA,NA,NA,100
"USC00508615","SOLDOTNA 5SSW",2,"15B",NA,NA,"2004-03-01","2004-04-01",NA,NA,NA,100
"USC00508615","SOLDOTNA 5SSW",2,"15B",NA,NA,"2004-04-01","2004-05-01",NA,NA,NA,100
"USC00508615","SOLDOTNA 5SSW",2,"15B",NA,NA,"2004-05-01","2004-06-01",NA,NA,NA,100
"USC00508615","SOLDOTNA 5SSW",2,"15B","2004","06","2004-06-01","2004-07-01",0,0,0,0
"USC00508615","SOLDOTNA 5SSW",2,"15B","2004","07","2004-07-01","2004-08-01",0,0,0,0
"USC00508615","SOLDOTNA 5SSW",2,"15B","2004","08","2004-08-01","2004-09-01",0,0,0,0
"USC00508615","SOLDOTNA 5SSW",2,"15B","2004","09","2004-09-01","2004-10-01",0.0669291338582677,0,2.00787401574803,0
"USC00508615","SOLDOTNA 5SSW",2,"15B","2004","10","2004-10-01","2004-11-01",0,0,0,0
"USC00508615","SOLDOTNA 5SSW",2,"15B",NA,NA,"2004-11-01","2004-12-01",NA,NA,NA,100
"USC00508615","SOLDOTNA 5SSW",2,"15B","2004","12","2004-12-01","2005-01-01",1.22301244602489,0,7.00787401574803,0
"USC00508615","SOLDOTNA 5SSW",2,"15B","2005","01","2005-01-01","2005-02-01",0.193040386080772,0,2.00787401574803,0
"USC00508615","SOLDOTNA 5SSW",2,"15B","2005","02","2005-02-01","2005-03-01",26.2343677628532,22.007874015748,32.007874015748,39
"USC00508615","SOLDOTNA 5SSW",2,"15B","2005","03","2005-03-01","2005-04-01",13.5204470408941,2.00787401574803,24.0157480314961,0
"USC00508615","SOLDOTNA 5SSW",2,"15B","2005","04","2005-04-01","2005-05-01",1.79790026246719,0,7.99212598425197,0
"USC00508615","SOLDOTNA 5SSW",2,"15B","2005","05","2005-05-01","2005-06-01",0,0,0,0
"USC00508615","SOLDOTNA 5SSW",2,"15B","2005","06","2005-06-01","2005-07-01",0,0,0,0
"USC00508615","SOLDOTNA 5SSW",2,"15B","2005","07","2005-07-01","2005-08-01",0,0,0,0
"USC00508615","SOLDOTNA 5SSW",2,"15B","2005","08","2005-08-01","2005-09-01",0,0,0,0
"USC00508615","SOLDOTNA 5SSW",2,"15B","2005","09","2005-09-01","2005-10-01",0,0,0,0
"USC00508615","SOLDOTNA 5SSW",2,"15B","2005","10","2005-10-01","2005-11-01",0.383540767081534,0,2.00787401574803,0
"USC00508615","SOLDOTNA 5SSW",2,"15B","2005","11","2005-11-01","2005-12-01",3.82975834917187,2.00787401574803,5.98425196850394,3
"USC00508615","SOLDOTNA 5SSW",2,"15B","2005","12","2005-12-01","2006-01-01",4.46456692913386,0,7.99212598425197,3
"USC00508615","SOLDOTNA 5SSW",2,"15B","2006","01","2006-01-01","2006-02-01",9.10498687664042,5.98425196850394,12.992125984252,3
"USC00508615","SOLDOTNA 5SSW",2,"15B","2006","02","2006-02-01","2006-03-01",14.498031496063,12.992125984252,20,14
"USC00508615","SOLDOTNA 5SSW",2,"15B","2006","03","2006-03-01","2006-04-01",19.9695199390399,17.007874015748,24.0157480314961,0
"USC00508615","SOLDOTNA 5SSW",2,"15B","2006","04","2006-04-01","2006-05-01",7,0,15.9842519685039,0
"USC00508615","SOLDOTNA 5SSW",2,"15B","2006","05","2006-05-01","2006-06-01",0,0,0,0
"USC00508615","SOLDOTNA 5SSW",2,"15B","2006","06","2006-06-01","2006-07-01",0,0,0,0
"USC00508615","SOLDOTNA 5SSW",2,"15B","2006","07","2006-07-01","2006-08-01",0,0,0,0
"USC00508615","SOLDOTNA 5SSW",2,"15B","2006","08","2006-08-01","2006-09-01",0,0,0,0
"USC00508615","SOLDOTNA 5SSW",2,"15B","2006","09","2006-09-01","2006-10-01",0,0,0,0
"USC00508615","SOLDOTNA 5SSW",2,"15B","2006","10","2006-10-01","2006-11-01",0.128270256540513,0,2.00787401574803,0
"USC00508615","SOLDOTNA 5SSW",2,"15B","2006","11","2006-11-01","2006-12-01",2.36351706036745,0,5,0
"USC00508615","SOLDOTNA 5SSW",2,"15B","2006","12","2006-12-01","2007-01-01",7.82514254683682,2.99212598425197,14.0157480314961,6
"USC00508615","SOLDOTNA 5SSW",2,"15B","2007","01","2007-01-01","2007-02-01",15.5524511049022,12.992125984252,19.0157480314961,0
"USC00508615","SOLDOTNA 5SSW",2,"15B","2007","02","2007-02-01","2007-03-01",13.9327896512936,12.007874015748,15.9842519685039,0
"USC00508615","SOLDOTNA 5SSW",2,"15B","2007","03","2007-03-01","2007-04-01",16.7567200651643,12.007874015748,20,6
"USC00508615","SOLDOTNA 5SSW",2,"15B","2007","04","2007-04-01","2007-05-01",2.26509186351706,0,14.0157480314961,0
"USC00508615","SOLDOTNA 5SSW",2,"15B","2007","05","2007-05-01","2007-06-01",0,0,0,0
"USC00508615","SOLDOTNA 5SSW",2,"15B","2007","06","2007-06-01","2007-07-01",0,0,0,0
"USC00508615","SOLDOTNA 5SSW",2,"15B","2007","07","2007-07-01","2007-08-01",0,0,0,0
"USC00508615","SOLDOTNA 5SSW",2,"15B","2007","08","2007-08-01","2007-09-01",0,0,0,0
"USC00508615","SOLDOTNA 5SSW",2,"15B","2007","09","2007-09-01","2007-10-01",0,0,0,0
"USC00508615","SOLDOTNA 5SSW",2,"15B","2007","10","2007-10-01","2007-11-01",0.307389460932768,0,4.01574803149606,16
"USC00508615","SOLDOTNA 5SSW",2,"15B","2007","11","2007-11-01","2007-12-01",2.03703703703704,0,9.01574803149606,10
"USC00508615","SOLDOTNA 5SSW",2,"15B","2007","12","2007-12-01","2008-01-01",3.17404289980994,0,10,6
"USC00508615","SOLDOTNA 5SSW",2,"15B","2008","01","2008-01-01","2008-02-01",14.7677165354331,7.99212598425197,19.0157480314961,3
"USC00508615","SOLDOTNA 5SSW",2,"15B","2008","02","2008-02-01","2008-03-01",16.7607928319305,14.0157480314961,20,0
"USC00508615","SOLDOTNA 5SSW",2,"15B","2008","03","2008-03-01","2008-04-01",11.2693456421396,7.99212598425197,15,6
"USC00508615","SOLDOTNA 5SSW",2,"15B","2008","04","2008-04-01","2008-05-01",2.96850393700787,0,7.00787401574803,0
"USC00508615","SOLDOTNA 5SSW",2,"15B","2008","05","2008-05-01","2008-06-01",0,0,0,0
"USC00508615","SOLDOTNA 5SSW",2,"15B","2008","06","2008-06-01","2008-07-01",0,0,0,0
"USC00508615","SOLDOTNA 5SSW",2,"15B","2008","07","2008-07-01","2008-08-01",0,0,0,0
"USC00508615","SOLDOTNA 5SSW",2,"15B","2008","08","2008-08-01","2008-09-01",0,0,0,0
"USC00508615","SOLDOTNA 5SSW",2,"15B","2008","09","2008-09-01","2008-10-01",0,0,0,0
"USC00508615","SOLDOTNA 5SSW",2,"15B","2008","10","2008-10-01","2008-11-01",2.0256540513081,0,4.01574803149606,0
"USC00508615","SOLDOTNA 5SSW",2,"15B","2008","11","2008-11-01","2008-12-01",4.59448818897638,2.99212598425197,9.01574803149606,33
"USC00508615","SOLDOTNA 5SSW",2,"15B","2008","12","2008-12-01","2009-01-01",10.0971128608924,7.99212598425197,17.992125984252,3
"USC00508615","SOLDOTNA 5SSW",2,"15B","2009","01","2009-01-01","2009-02-01",11.5481330962662,7.99212598425197,15.9842519685039,0
"USC00508615","SOLDOTNA 5SSW",2,"15B","2009","02","2009-02-01","2009-03-01",14.8527267424905,12.992125984252,19.0157480314961,4
"USC00508615","SOLDOTNA 5SSW",2,"15B","2009","03","2009-03-01","2009-04-01",17.376968503937,15.9842519685039,20,23
"USC00508615","SOLDOTNA 5SSW",2,"15B","2009","04","2009-04-01","2009-05-01",7.38256855824056,0,17.992125984252,3
"USC00508615","SOLDOTNA 5SSW",2,"15B","2009","05","2009-05-01","2009-06-01",0,0,0,0
"USC00508615","SOLDOTNA 5SSW",2,"15B","2009","06","2009-06-01","2009-07-01",0,0,0,0
"USC00508615","SOLDOTNA 5SSW",2,"15B","2009","07","2009-07-01","2009-08-01",0,0,0,0
"USC00508615","SOLDOTNA 5SSW",2,"15B","2009","08","2009-08-01","2009-09-01",0,0,0,0
"USC00508615","SOLDOTNA 5SSW",2,"15B","2009","09","2009-09-01","2009-10-01",0,0,0,0
"USC00508615","SOLDOTNA 5SSW",2,"15B","2009","10","2009-10-01","2009-11-01",0,0,0,0
"USC00508615","SOLDOTNA 5SSW",2,"15B","2009","11","2009-11-01","2009-12-01",1.43175853018373,0,5,0
"USC00508615","SOLDOTNA 5SSW",2,"15B","2009","12","2009-12-01","2010-01-01",9.39039878079756,7.99212598425197,10.9842519685039,0
"USC00508615","SOLDOTNA 5SSW",2,"15B","2010","01","2010-01-01","2010-02-01",10.9137139107612,7.99212598425197,12.007874015748,23
"USC00508615","SOLDOTNA 5SSW",2,"15B","2010","02","2010-02-01","2010-03-01",10.1012373453318,5,17.007874015748,0
"USC00508615","SOLDOTNA 5SSW",2,"15B","2010","03","2010-03-01","2010-04-01",11.1010046158023,5.98425196850394,17.007874015748,6
"USC00508615","SOLDOTNA 5SSW",2,"15B","2010","04","2010-04-01","2010-05-01",1.46587926509186,0,7.00787401574803,0
"USC00508615","SOLDOTNA 5SSW",2,"15B","2010","05","2010-05-01","2010-06-01",0,0,0,0
"USC00508615","SOLDOTNA 5SSW",2,"15B","2010","06","2010-06-01","2010-07-01",0,0,0,0
"USC00508615","SOLDOTNA 5SSW",2,"15B","2010","07","2010-07-01","2010-08-01",0,0,0,0
"USC00508615","SOLDOTNA 5SSW",2,"15B","2010","08","2010-08-01","2010-09-01",0,0,0,0
"USC00508615","SOLDOTNA 5SSW",2,"15B","2010","09","2010-09-01","2010-10-01",0,0,0,0
"USC00508615","SOLDOTNA 5SSW",2,"15B","2010","10","2010-10-01","2010-11-01",0,0,0,0
"USC00508615","SOLDOTNA 5SSW",2,"15B","2010","11","2010-11-01","2010-12-01",8.92337976983646,0,15,13
"USC00508615","SOLDOTNA 5SSW",2,"15B","2010","12","2010-12-01","2011-01-01",10.1993903987808,7.99212598425197,17.007874015748,0
"USC00508615","SOLDOTNA 5SSW",2,"15B","2011","01","2011-01-01","2011-02-01",10.2844805689611,7.99212598425197,15,0
"USC00508615","SOLDOTNA 5SSW",2,"15B","2011","02","2011-02-01","2011-03-01",16.6943715368912,15,20.9842519685039,4
"USC00508615","SOLDOTNA 5SSW",2,"15B","2011","03","2011-03-01","2011-04-01",13.5859580052493,7.99212598425197,15,23
"USC00508615","SOLDOTNA 5SSW",2,"15B","2011","04","2011-04-01","2011-05-01",4.50393700787402,0,7.99212598425197,67
"USC00508615","SOLDOTNA 5SSW",2,"15B",NA,NA,"2011-05-01","2011-06-01",NA,NA,NA,100
"USC00508615","SOLDOTNA 5SSW",2,"15B",NA,NA,"2011-06-01","2011-07-01",NA,NA,NA,100
"USC00508615","SOLDOTNA 5SSW",2,"15B",NA,NA,"2011-07-01","2011-08-01",NA,NA,NA,100
"USC00508615","SOLDOTNA 5SSW",2,"15B",NA,NA,"2011-08-01","2011-09-01",NA,NA,NA,100
"USC00508615","SOLDOTNA 5SSW",2,"15B",NA,NA,"2011-09-01","2011-10-01",NA,NA,NA,100
"USC00508615","SOLDOTNA 5SSW",2,"15B","2011","10","2011-10-01","2011-11-01",2.00787401574803,2.00787401574803,2.00787401574803,97
"USC00508615","SOLDOTNA 5SSW",2,"15B","2011","11","2011-11-01","2011-12-01",9.46456692913386,2.00787401574803,14.0157480314961,0
"USC00508615","SOLDOTNA 5SSW",2,"15B","2011","12","2011-12-01","2012-01-01",10.8707735062529,7.99212598425197,12.992125984252,45
"USC00508615","SOLDOTNA 5SSW",2,"15B","2012","01","2012-01-01","2012-02-01",20.330271216098,12.992125984252,25.9842519685039,42
"USC00508615","SOLDOTNA 5SSW",2,"15B","2012","02","2012-02-01","2012-03-01",26.0009085402786,22.007874015748,42.007874015748,10
"USC00508615","SOLDOTNA 5SSW",2,"15B","2012","03","2012-03-01","2012-04-01",31.7213473315836,22.992125984252,37.992125984252,42
"USC00508615","SOLDOTNA 5SSW",2,"15B","2012","04","2012-04-01","2012-05-01",12.2514763779528,0,22.992125984252,47
"USC00508615","SOLDOTNA 5SSW",2,"15B",NA,NA,"2012-05-01","2012-06-01",NA,NA,NA,100
"USC00508615","SOLDOTNA 5SSW",2,"15B",NA,NA,"2012-06-01","2012-07-01",NA,NA,NA,100
"USC00508615","SOLDOTNA 5SSW",2,"15B",NA,NA,"2012-07-01","2012-08-01",NA,NA,NA,100
"USC00508615","SOLDOTNA 5SSW",2,"15B","2012","08","2012-08-01","2012-09-01",0,0,0,0
"USC00508615","SOLDOTNA 5SSW",2,"15B","2012","09","2012-09-01","2012-10-01",0,0,0,0
"USC00508615","SOLDOTNA 5SSW",2,"15B","2012","10","2012-10-01","2012-11-01",1.22809245618491,0,4.01574803149606,0
"USC00508615","SOLDOTNA 5SSW",2,"15B","2012","11","2012-11-01","2012-12-01",5.45729860690491,2.00787401574803,7.99212598425197,57
"USC00508615","SOLDOTNA 5SSW",2,"15B","2012","12","2012-12-01","2013-01-01",10.7152230971129,5.98425196850394,22.992125984252,42
"USC00508615","SOLDOTNA 5SSW",2,"15B","2013","01","2013-01-01","2013-02-01",14.3484251968504,10.9842519685039,22.007874015748,35
"USC00508615","SOLDOTNA 5SSW",2,"15B","2013","02","2013-02-01","2013-03-01",23.8082980012114,22.007874015748,29.0157480314961,7
"USC00508615","SOLDOTNA 5SSW",2,"15B","2013","03","2013-03-01","2013-04-01",18.683562992126,0,22.992125984252,48
"USC00508615","SOLDOTNA 5SSW",2,"15B","2013","04","2013-04-01","2013-05-01",7.66841644794401,0,15,40
"USC00508615","SOLDOTNA 5SSW",2,"15B","2013","05","2013-05-01","2013-06-01",0,0,0,0
"USC00508615","SOLDOTNA 5SSW",2,"15B","2013","06","2013-06-01","2013-07-01",0,0,0,0
"USC00508615","SOLDOTNA 5SSW",2,"15B","2013","07","2013-07-01","2013-08-01",0,0,0,13
"USC00508615","SOLDOTNA 5SSW",2,"15B","2013","08","2013-08-01","2013-09-01",0,0,0,3
"USC00508615","SOLDOTNA 5SSW",2,"15B","2013","09","2013-09-01","2013-10-01",0,0,0,0
"USC00508615","SOLDOTNA 5SSW",2,"15B","2013","10","2013-10-01","2013-11-01",0,0,0,0
"USC00508615","SOLDOTNA 5SSW",2,"15B","2013","11","2013-11-01","2013-12-01",4.59556191839656,0,10,27
"USC00508615","SOLDOTNA 5SSW",2,"15B","2013","12","2013-12-01","2014-01-01",12.2595001711743,7.99212598425197,19.0157480314961,26
"USC00508615","SOLDOTNA 5SSW",2,"15B","2014","01","2014-01-01","2014-02-01",14.5200599925009,7.99212598425197,20.9842519685039,32
"USC00508615","SOLDOTNA 5SSW",2,"15B","2014","02","2014-02-01","2014-03-01",8.125,7.00787401574803,9.01574803149606,71
"USC00508615","SOLDOTNA 5SSW",2,"15B","2014","03","2014-03-01","2014-04-01",0.408017179670723,0,2.99212598425197,29
"USC00508615","SOLDOTNA 5SSW",2,"15B","2014","04","2014-04-01","2014-05-01",0,0,0,0
"USC00508615","SOLDOTNA 5SSW",2,"15B","2014","05","2014-05-01","2014-06-01",0,0,0,0
"USC00508615","SOLDOTNA 5SSW",2,"15B","2014","06","2014-06-01","2014-07-01",0,0,0,0
"USC00508615","SOLDOTNA 5SSW",2,"15B","2014","07","2014-07-01","2014-08-01",0,0,0,0
"USC00508615","SOLDOTNA 5SSW",2,"15B","2014","08","2014-08-01","2014-09-01",0,0,0,0
"USC00508615","SOLDOTNA 5SSW",2,"15B","2014","09","2014-09-01","2014-10-01",0,0,0,0
"USC00508615","SOLDOTNA 5SSW",2,"15B","2014","10","2014-10-01","2014-11-01",0.031750063500127,0,0.984251968503937,0
"USC00508615","SOLDOTNA 5SSW",2,"15B","2014","11","2014-11-01","2014-12-01",0.397637795275591,0,4.01574803149606,0
"USC00508615","SOLDOTNA 5SSW",2,"15B","2014","12","2014-12-01","2015-01-01",4.38785877571755,0,7.99212598425197,0
"USC00508615","SOLDOTNA 5SSW",2,"15B","2015","01","2015-01-01","2015-02-01",1.61036322072644,0,5.98425196850394,0
"USC00508615","SOLDOTNA 5SSW",2,"15B","2015","02","2015-02-01","2015-03-01",2.92744656917885,0,5,0
"USC00508615","SOLDOTNA 5SSW",2,"15B","2015","03","2015-03-01","2015-04-01",0,0,0,0
"USC00508615","SOLDOTNA 5SSW",2,"15B","2015","04","2015-04-01","2015-05-01",0,0,0,0
"USC00508615","SOLDOTNA 5SSW",2,"15B","2015","05","2015-05-01","2015-06-01",0,0,0,0
"USC00508615","SOLDOTNA 5SSW",2,"15B","2015","06","2015-06-01","2015-07-01",0,0,0,0
"USC00508615","SOLDOTNA 5SSW",2,"15B","2015","07","2015-07-01","2015-08-01",0,0,0,0
"USC00508615","SOLDOTNA 5SSW",2,"15B","2015","08","2015-08-01","2015-09-01",0,0,0,0
"USC00508615","SOLDOTNA 5SSW",2,"15B","2015","09","2015-09-01","2015-10-01",0,0,0,0
"USC00508615","SOLDOTNA 5SSW",2,"15B","2015","10","2015-10-01","2015-11-01",0.226060452120904,0,4.01574803149606,0
"USC00508615","SOLDOTNA 5SSW",2,"15B","2015","11","2015-11-01","2015-12-01",4.96456692913386,0,12.007874015748,0
"USC00508615","SOLDOTNA 5SSW",2,"15B","2015","12","2015-12-01","2016-01-01",2.35458470916942,0,5,0
"USC00508615","SOLDOTNA 5SSW",2,"15B","2016","01","2016-01-01","2016-02-01",1.93675387350775,0,4.01574803149606,0
"USC00508615","SOLDOTNA 5SSW",2,"15B","2016","02","2016-02-01","2016-03-01",2.45180559326636,0.984251968503937,5.98425196850394,0
"USC00508615","SOLDOTNA 5SSW",2,"15B","2016","03","2016-03-01","2016-04-01",0.579121158242316,0,2.99212598425197,0
"USC00508615","SOLDOTNA 5SSW",2,"15B","2016","04","2016-04-01","2016-05-01",0,0,0,0
"USC00508615","SOLDOTNA 5SSW",2,"15B","2016","05","2016-05-01","2016-06-01",0,0,0,0
"USC00508615","SOLDOTNA 5SSW",2,"15B","2016","06","2016-06-01","2016-07-01",0,0,0,0
"USC00508615","SOLDOTNA 5SSW",2,"15B","2016","07","2016-07-01","2016-08-01",0,0,0,0
"USC00508615","SOLDOTNA 5SSW",2,"15B","2016","08","2016-08-01","2016-09-01",0,0,0,0
"USC00508615","SOLDOTNA 5SSW",2,"15B","2016","09","2016-09-01","2016-10-01",0,0,0,0
"USC00508615","SOLDOTNA 5SSW",2,"15B","2016","10","2016-10-01","2016-11-01",0.222250444500889,0,0.984251968503937,0
"USC00508615","SOLDOTNA 5SSW",2,"15B","2016","11","2016-11-01","2016-12-01",0.534120734908136,0,5,0
"USC00508615","SOLDOTNA 5SSW",2,"15B","2016","12","2016-12-01","2017-01-01",8.47853695707391,5.98425196850394,10.9842519685039,0
"USC00508615","SOLDOTNA 5SSW",2,"15B","2017","01","2017-01-01","2017-02-01",12.5819151638303,10,15.9842519685039,0
"USC00508615","SOLDOTNA 5SSW",2,"15B","2017","02","2017-02-01","2017-03-01",17.5167687372412,12.992125984252,24.0157480314961,4
"USC00508615","SOLDOTNA 5SSW",2,"15B","2017","03","2017-03-01","2017-04-01",19.3212598425197,17.992125984252,20.9842519685039,19
"USC00508615","SOLDOTNA 5SSW",2,"15B","2017","04","2017-04-01","2017-05-01",2.33333333333333,0,15,0
"USC00508615","SOLDOTNA 5SSW",2,"15B","2017","05","2017-05-01","2017-06-01",0,0,0,0
"USC00508615","SOLDOTNA 5SSW",2,"15B","2017","06","2017-06-01","2017-07-01",0,0,0,0
"USC00508615","SOLDOTNA 5SSW",2,"15B","2017","07","2017-07-01","2017-08-01",0,0,0,0
"USC00508615","SOLDOTNA 5SSW",2,"15B","2017","08","2017-08-01","2017-09-01",0,0,0,0
"USC00508615","SOLDOTNA 5SSW",2,"15B","2017","09","2017-09-01","2017-10-01",0,0,0,0
"USC00508615","SOLDOTNA 5SSW",2,"15B","2017","10","2017-10-01","2017-11-01",0,0,0,0
"USC00508615","SOLDOTNA 5SSW",2,"15B","2017","11","2017-11-01","2017-12-01",5.06561679790026,0,10,0
"USC00508615","SOLDOTNA 5SSW",2,"15B","2017","12","2017-12-01","2018-01-01",4.15925831851664,2.00787401574803,10,0
"USC00508615","SOLDOTNA 5SSW",2,"15B","2018","01","2018-01-01","2018-02-01",4.29133858267717,2.00787401574803,7.99212598425197,0
"USC00508615","SOLDOTNA 5SSW",2,"15B","2018","02","2018-02-01","2018-03-01",11.822272215973,7.00787401574803,17.007874015748,0
"USC00508615","SOLDOTNA 5SSW",2,"15B","2018","03","2018-03-01","2018-04-01",14.4869189738379,10.9842519685039,20,0
"USC00508615","SOLDOTNA 5SSW",2,"15B","2018","04","2018-04-01","2018-05-01",0,0,0,0
"USC00508615","SOLDOTNA 5SSW",2,"15B","2018","05","2018-05-01","2018-06-01",0,0,0,0
"USC00508615","SOLDOTNA 5SSW",2,"15B","2018","06","2018-06-01","2018-07-01",0,0,0,0
"USC00508615","SOLDOTNA 5SSW",2,"15B","2018","07","2018-07-01","2018-08-01",0,0,0,0
"USC00508615","SOLDOTNA 5SSW",2,"15B","2018","08","2018-08-01","2018-09-01",0,0,0,0
"USC00508615","SOLDOTNA 5SSW",2,"15B","2018","09","2018-09-01","2018-10-01",0,0,0,0
"USC00508615","SOLDOTNA 5SSW",2,"15B","2018","10","2018-10-01","2018-11-01",0,0,0,0
"USC00508615","SOLDOTNA 5SSW",2,"15B","2018","11","2018-11-01","2018-12-01",0.729658792650919,0,5,50
