"ID","Name","Region","Unit","YEAR","MONTH","START","END","SNWDavg_in","SNWDmin_in","SNWDmax_in","MISSING_pcnt"
"USS0050L02S","Kenai Moose Pens",2,"15A",NA,NA,"1980-01-01","1980-02-01",NA,NA,NA,100
"USS0050L02S","Kenai Moose Pens",2,"15A",NA,NA,"1980-02-01","1980-03-01",NA,NA,NA,100
"USS0050L02S","Kenai Moose Pens",2,"15A",NA,NA,"1980-03-01","1980-04-01",NA,NA,NA,100
"USS0050L02S","Kenai Moose Pens",2,"15A",NA,NA,"1980-04-01","1980-05-01",NA,NA,NA,100
"USS0050L02S","Kenai Moose Pens",2,"15A",NA,NA,"1980-05-01","1980-06-01",NA,NA,NA,100
"USS0050L02S","Kenai Moose Pens",2,"15A",NA,NA,"1980-06-01","1980-07-01",NA,NA,NA,100
"USS0050L02S","Kenai Moose Pens",2,"15A",NA,NA,"1980-07-01","1980-08-01",NA,NA,NA,100
"USS0050L02S","Kenai Moose Pens",2,"15A",NA,NA,"1980-08-01","1980-09-01",NA,NA,NA,100
"USS0050L02S","Kenai Moose Pens",2,"15A",NA,NA,"1980-09-01","1980-10-01",NA,NA,NA,100
"USS0050L02S","Kenai Moose Pens",2,"15A",NA,NA,"1980-10-01","1980-11-01",NA,NA,NA,100
"USS0050L02S","Kenai Moose Pens",2,"15A",NA,NA,"1980-11-01","1980-12-01",NA,NA,NA,100
"USS0050L02S","Kenai Moose Pens",2,"15A",NA,NA,"1980-12-01","1981-01-01",NA,NA,NA,100
"USS0050L02S","Kenai Moose Pens",2,"15A",NA,NA,"1981-01-01","1981-02-01",NA,NA,NA,100
"USS0050L02S","Kenai Moose Pens",2,"15A",NA,NA,"1981-02-01","1981-03-01",NA,NA,NA,100
"USS0050L02S","Kenai Moose Pens",2,"15A",NA,NA,"1981-03-01","1981-04-01",NA,NA,NA,100
"USS0050L02S","Kenai Moose Pens",2,"15A",NA,NA,"1981-04-01","1981-05-01",NA,NA,NA,100
"USS0050L02S","Kenai Moose Pens",2,"15A",NA,NA,"1981-05-01","1981-06-01",NA,NA,NA,100
"USS0050L02S","Kenai Moose Pens",2,"15A",NA,NA,"1981-06-01","1981-07-01",NA,NA,NA,100
"USS0050L02S","Kenai Moose Pens",2,"15A",NA,NA,"1981-07-01","1981-08-01",NA,NA,NA,100
"USS0050L02S","Kenai Moose Pens",2,"15A",NA,NA,"1981-08-01","1981-09-01",NA,NA,NA,100
"USS0050L02S","Kenai Moose Pens",2,"15A",NA,NA,"1981-09-01","1981-10-01",NA,NA,NA,100
"USS0050L02S","Kenai Moose Pens",2,"15A",NA,NA,"1981-10-01","1981-11-01",NA,NA,NA,100
"USS0050L02S","Kenai Moose Pens",2,"15A",NA,NA,"1981-11-01","1981-12-01",NA,NA,NA,100
"USS0050L02S","Kenai Moose Pens",2,"15A",NA,NA,"1981-12-01","1982-01-01",NA,NA,NA,100
"USS0050L02S","Kenai Moose Pens",2,"15A",NA,NA,"1982-01-01","1982-02-01",NA,NA,NA,100
"USS0050L02S","Kenai Moose Pens",2,"15A",NA,NA,"1982-02-01","1982-03-01",NA,NA,NA,100
"USS0050L02S","Kenai Moose Pens",2,"15A",NA,NA,"1982-03-01","1982-04-01",NA,NA,NA,100
"USS0050L02S","Kenai Moose Pens",2,"15A",NA,NA,"1982-04-01","1982-05-01",NA,NA,NA,100
"USS0050L02S","Kenai Moose Pens",2,"15A",NA,NA,"1982-05-01","1982-06-01",NA,NA,NA,100
"USS0050L02S","Kenai Moose Pens",2,"15A",NA,NA,"1982-06-01","1982-07-01",NA,NA,NA,100
"USS0050L02S","Kenai Moose Pens",2,"15A",NA,NA,"1982-07-01","1982-08-01",NA,NA,NA,100
"USS0050L02S","Kenai Moose Pens",2,"15A",NA,NA,"1982-08-01","1982-09-01",NA,NA,NA,100
"USS0050L02S","Kenai Moose Pens",2,"15A",NA,NA,"1982-09-01","1982-10-01",NA,NA,NA,100
"USS0050L02S","Kenai Moose Pens",2,"15A",NA,NA,"1982-10-01","1982-11-01",NA,NA,NA,100
"USS0050L02S","Kenai Moose Pens",2,"15A",NA,NA,"1982-11-01","1982-12-01",NA,NA,NA,100
"USS0050L02S","Kenai Moose Pens",2,"15A",NA,NA,"1982-12-01","1983-01-01",NA,NA,NA,100
"USS0050L02S","Kenai Moose Pens",2,"15A",NA,NA,"1983-01-01","1983-02-01",NA,NA,NA,100
"USS0050L02S","Kenai Moose Pens",2,"15A",NA,NA,"1983-02-01","1983-03-01",NA,NA,NA,100
"USS0050L02S","Kenai Moose Pens",2,"15A",NA,NA,"1983-03-01","1983-04-01",NA,NA,NA,100
"USS0050L02S","Kenai Moose Pens",2,"15A",NA,NA,"1983-04-01","1983-05-01",NA,NA,NA,100
"USS0050L02S","Kenai Moose Pens",2,"15A",NA,NA,"1983-05-01","1983-06-01",NA,NA,NA,100
"USS0050L02S","Kenai Moose Pens",2,"15A",NA,NA,"1983-06-01","1983-07-01",NA,NA,NA,100
"USS0050L02S","Kenai Moose Pens",2,"15A",NA,NA,"1983-07-01","1983-08-01",NA,NA,NA,100
"USS0050L02S","Kenai Moose Pens",2,"15A",NA,NA,"1983-08-01","1983-09-01",NA,NA,NA,100
"USS0050L02S","Kenai Moose Pens",2,"15A",NA,NA,"1983-09-01","1983-10-01",NA,NA,NA,100
"USS0050L02S","Kenai Moose Pens",2,"15A",NA,NA,"1983-10-01","1983-11-01",NA,NA,NA,100
"USS0050L02S","Kenai Moose Pens",2,"15A",NA,NA,"1983-11-01","1983-12-01",NA,NA,NA,100
"USS0050L02S","Kenai Moose Pens",2,"15A",NA,NA,"1983-12-01","1984-01-01",NA,NA,NA,100
"USS0050L02S","Kenai Moose Pens",2,"15A",NA,NA,"1984-01-01","1984-02-01",NA,NA,NA,100
"USS0050L02S","Kenai Moose Pens",2,"15A",NA,NA,"1984-02-01","1984-03-01",NA,NA,NA,100
"USS0050L02S","Kenai Moose Pens",2,"15A",NA,NA,"1984-03-01","1984-04-01",NA,NA,NA,100
"USS0050L02S","Kenai Moose Pens",2,"15A",NA,NA,"1984-04-01","1984-05-01",NA,NA,NA,100
"USS0050L02S","Kenai Moose Pens",2,"15A",NA,NA,"1984-05-01","1984-06-01",NA,NA,NA,100
"USS0050L02S","Kenai Moose Pens",2,"15A",NA,NA,"1984-06-01","1984-07-01",NA,NA,NA,100
"USS0050L02S","Kenai Moose Pens",2,"15A",NA,NA,"1984-07-01","1984-08-01",NA,NA,NA,100
"USS0050L02S","Kenai Moose Pens",2,"15A",NA,NA,"1984-08-01","1984-09-01",NA,NA,NA,100
"USS0050L02S","Kenai Moose Pens",2,"15A",NA,NA,"1984-09-01","1984-10-01",NA,NA,NA,100
"USS0050L02S","Kenai Moose Pens",2,"15A",NA,NA,"1984-10-01","1984-11-01",NA,NA,NA,100
"USS0050L02S","Kenai Moose Pens",2,"15A",NA,NA,"1984-11-01","1984-12-01",NA,NA,NA,100
"USS0050L02S","Kenai Moose Pens",2,"15A",NA,NA,"1984-12-01","1985-01-01",NA,NA,NA,100
"USS0050L02S","Kenai Moose Pens",2,"15A",NA,NA,"1985-01-01","1985-02-01",NA,NA,NA,100
"USS0050L02S","Kenai Moose Pens",2,"15A",NA,NA,"1985-02-01","1985-03-01",NA,NA,NA,100
"USS0050L02S","Kenai Moose Pens",2,"15A",NA,NA,"1985-03-01","1985-04-01",NA,NA,NA,100
"USS0050L02S","Kenai Moose Pens",2,"15A",NA,NA,"1985-04-01","1985-05-01",NA,NA,NA,100
"USS0050L02S","Kenai Moose Pens",2,"15A",NA,NA,"1985-05-01","1985-06-01",NA,NA,NA,100
"USS0050L02S","Kenai Moose Pens",2,"15A",NA,NA,"1985-06-01","1985-07-01",NA,NA,NA,100
"USS0050L02S","Kenai Moose Pens",2,"15A",NA,NA,"1985-07-01","1985-08-01",NA,NA,NA,100
"USS0050L02S","Kenai Moose Pens",2,"15A",NA,NA,"1985-08-01","1985-09-01",NA,NA,NA,100
"USS0050L02S","Kenai Moose Pens",2,"15A",NA,NA,"1985-09-01","1985-10-01",NA,NA,NA,100
"USS0050L02S","Kenai Moose Pens",2,"15A",NA,NA,"1985-10-01","1985-11-01",NA,NA,NA,100
"USS0050L02S","Kenai Moose Pens",2,"15A",NA,NA,"1985-11-01","1985-12-01",NA,NA,NA,100
"USS0050L02S","Kenai Moose Pens",2,"15A",NA,NA,"1985-12-01","1986-01-01",NA,NA,NA,100
"USS0050L02S","Kenai Moose Pens",2,"15A",NA,NA,"1986-01-01","1986-02-01",NA,NA,NA,100
"USS0050L02S","Kenai Moose Pens",2,"15A",NA,NA,"1986-02-01","1986-03-01",NA,NA,NA,100
"USS0050L02S","Kenai Moose Pens",2,"15A",NA,NA,"1986-03-01","1986-04-01",NA,NA,NA,100
"USS0050L02S","Kenai Moose Pens",2,"15A",NA,NA,"1986-04-01","1986-05-01",NA,NA,NA,100
"USS0050L02S","Kenai Moose Pens",2,"15A",NA,NA,"1986-05-01","1986-06-01",NA,NA,NA,100
"USS0050L02S","Kenai Moose Pens",2,"15A",NA,NA,"1986-06-01","1986-07-01",NA,NA,NA,100
"USS0050L02S","Kenai Moose Pens",2,"15A",NA,NA,"1986-07-01","1986-08-01",NA,NA,NA,100
"USS0050L02S","Kenai Moose Pens",2,"15A",NA,NA,"1986-08-01","1986-09-01",NA,NA,NA,100
"USS0050L02S","Kenai Moose Pens",2,"15A",NA,NA,"1986-09-01","1986-10-01",NA,NA,NA,100
"USS0050L02S","Kenai Moose Pens",2,"15A",NA,NA,"1986-10-01","1986-11-01",NA,NA,NA,100
"USS0050L02S","Kenai Moose Pens",2,"15A",NA,NA,"1986-11-01","1986-12-01",NA,NA,NA,100
"USS0050L02S","Kenai Moose Pens",2,"15A",NA,NA,"1986-12-01","1987-01-01",NA,NA,NA,100
"USS0050L02S","Kenai Moose Pens",2,"15A",NA,NA,"1987-01-01","1987-02-01",NA,NA,NA,100
"USS0050L02S","Kenai Moose Pens",2,"15A",NA,NA,"1987-02-01","1987-03-01",NA,NA,NA,100
"USS0050L02S","Kenai Moose Pens",2,"15A",NA,NA,"1987-03-01","1987-04-01",NA,NA,NA,100
"USS0050L02S","Kenai Moose Pens",2,"15A",NA,NA,"1987-04-01","1987-05-01",NA,NA,NA,100
"USS0050L02S","Kenai Moose Pens",2,"15A",NA,NA,"1987-05-01","1987-06-01",NA,NA,NA,100
"USS0050L02S","Kenai Moose Pens",2,"15A",NA,NA,"1987-06-01","1987-07-01",NA,NA,NA,100
"USS0050L02S","Kenai Moose Pens",2,"15A",NA,NA,"1987-07-01","1987-08-01",NA,NA,NA,100
"USS0050L02S","Kenai Moose Pens",2,"15A",NA,NA,"1987-08-01","1987-09-01",NA,NA,NA,100
"USS0050L02S","Kenai Moose Pens",2,"15A",NA,NA,"1987-09-01","1987-10-01",NA,NA,NA,100
"USS0050L02S","Kenai Moose Pens",2,"15A",NA,NA,"1987-10-01","1987-11-01",NA,NA,NA,100
"USS0050L02S","Kenai Moose Pens",2,"15A",NA,NA,"1987-11-01","1987-12-01",NA,NA,NA,100
"USS0050L02S","Kenai Moose Pens",2,"15A",NA,NA,"1987-12-01","1988-01-01",NA,NA,NA,100
"USS0050L02S","Kenai Moose Pens",2,"15A",NA,NA,"1988-01-01","1988-02-01",NA,NA,NA,100
"USS0050L02S","Kenai Moose Pens",2,"15A",NA,NA,"1988-02-01","1988-03-01",NA,NA,NA,100
"USS0050L02S","Kenai Moose Pens",2,"15A",NA,NA,"1988-03-01","1988-04-01",NA,NA,NA,100
"USS0050L02S","Kenai Moose Pens",2,"15A",NA,NA,"1988-04-01","1988-05-01",NA,NA,NA,100
"USS0050L02S","Kenai Moose Pens",2,"15A",NA,NA,"1988-05-01","1988-06-01",NA,NA,NA,100
"USS0050L02S","Kenai Moose Pens",2,"15A",NA,NA,"1988-06-01","1988-07-01",NA,NA,NA,100
"USS0050L02S","Kenai Moose Pens",2,"15A",NA,NA,"1988-07-01","1988-08-01",NA,NA,NA,100
"USS0050L02S","Kenai Moose Pens",2,"15A",NA,NA,"1988-08-01","1988-09-01",NA,NA,NA,100
"USS0050L02S","Kenai Moose Pens",2,"15A",NA,NA,"1988-09-01","1988-10-01",NA,NA,NA,100
"USS0050L02S","Kenai Moose Pens",2,"15A",NA,NA,"1988-10-01","1988-11-01",NA,NA,NA,100
"USS0050L02S","Kenai Moose Pens",2,"15A",NA,NA,"1988-11-01","1988-12-01",NA,NA,NA,100
"USS0050L02S","Kenai Moose Pens",2,"15A",NA,NA,"1988-12-01","1989-01-01",NA,NA,NA,100
"USS0050L02S","Kenai Moose Pens",2,"15A",NA,NA,"1989-01-01","1989-02-01",NA,NA,NA,100
"USS0050L02S","Kenai Moose Pens",2,"15A",NA,NA,"1989-02-01","1989-03-01",NA,NA,NA,100
"USS0050L02S","Kenai Moose Pens",2,"15A",NA,NA,"1989-03-01","1989-04-01",NA,NA,NA,100
"USS0050L02S","Kenai Moose Pens",2,"15A",NA,NA,"1989-04-01","1989-05-01",NA,NA,NA,100
"USS0050L02S","Kenai Moose Pens",2,"15A",NA,NA,"1989-05-01","1989-06-01",NA,NA,NA,100
"USS0050L02S","Kenai Moose Pens",2,"15A",NA,NA,"1989-06-01","1989-07-01",NA,NA,NA,100
"USS0050L02S","Kenai Moose Pens",2,"15A",NA,NA,"1989-07-01","1989-08-01",NA,NA,NA,100
"USS0050L02S","Kenai Moose Pens",2,"15A",NA,NA,"1989-08-01","1989-09-01",NA,NA,NA,100
"USS0050L02S","Kenai Moose Pens",2,"15A",NA,NA,"1989-09-01","1989-10-01",NA,NA,NA,100
"USS0050L02S","Kenai Moose Pens",2,"15A",NA,NA,"1989-10-01","1989-11-01",NA,NA,NA,100
"USS0050L02S","Kenai Moose Pens",2,"15A",NA,NA,"1989-11-01","1989-12-01",NA,NA,NA,100
"USS0050L02S","Kenai Moose Pens",2,"15A",NA,NA,"1989-12-01","1990-01-01",NA,NA,NA,100
"USS0050L02S","Kenai Moose Pens",2,"15A",NA,NA,"1990-01-01","1990-02-01",NA,NA,NA,100
"USS0050L02S","Kenai Moose Pens",2,"15A",NA,NA,"1990-02-01","1990-03-01",NA,NA,NA,100
"USS0050L02S","Kenai Moose Pens",2,"15A",NA,NA,"1990-03-01","1990-04-01",NA,NA,NA,100
"USS0050L02S","Kenai Moose Pens",2,"15A",NA,NA,"1990-04-01","1990-05-01",NA,NA,NA,100
"USS0050L02S","Kenai Moose Pens",2,"15A",NA,NA,"1990-05-01","1990-06-01",NA,NA,NA,100
"USS0050L02S","Kenai Moose Pens",2,"15A",NA,NA,"1990-06-01","1990-07-01",NA,NA,NA,100
"USS0050L02S","Kenai Moose Pens",2,"15A",NA,NA,"1990-07-01","1990-08-01",NA,NA,NA,100
"USS0050L02S","Kenai Moose Pens",2,"15A",NA,NA,"1990-08-01","1990-09-01",NA,NA,NA,100
"USS0050L02S","Kenai Moose Pens",2,"15A",NA,NA,"1990-09-01","1990-10-01",NA,NA,NA,100
"USS0050L02S","Kenai Moose Pens",2,"15A",NA,NA,"1990-10-01","1990-11-01",NA,NA,NA,100
"USS0050L02S","Kenai Moose Pens",2,"15A",NA,NA,"1990-11-01","1990-12-01",NA,NA,NA,100
"USS0050L02S","Kenai Moose Pens",2,"15A",NA,NA,"1990-12-01","1991-01-01",NA,NA,NA,100
"USS0050L02S","Kenai Moose Pens",2,"15A",NA,NA,"1991-01-01","1991-02-01",NA,NA,NA,100
"USS0050L02S","Kenai Moose Pens",2,"15A",NA,NA,"1991-02-01","1991-03-01",NA,NA,NA,100
"USS0050L02S","Kenai Moose Pens",2,"15A",NA,NA,"1991-03-01","1991-04-01",NA,NA,NA,100
"USS0050L02S","Kenai Moose Pens",2,"15A",NA,NA,"1991-04-01","1991-05-01",NA,NA,NA,100
"USS0050L02S","Kenai Moose Pens",2,"15A",NA,NA,"1991-05-01","1991-06-01",NA,NA,NA,100
"USS0050L02S","Kenai Moose Pens",2,"15A",NA,NA,"1991-06-01","1991-07-01",NA,NA,NA,100
"USS0050L02S","Kenai Moose Pens",2,"15A",NA,NA,"1991-07-01","1991-08-01",NA,NA,NA,100
"USS0050L02S","Kenai Moose Pens",2,"15A",NA,NA,"1991-08-01","1991-09-01",NA,NA,NA,100
"USS0050L02S","Kenai Moose Pens",2,"15A",NA,NA,"1991-09-01","1991-10-01",NA,NA,NA,100
"USS0050L02S","Kenai Moose Pens",2,"15A",NA,NA,"1991-10-01","1991-11-01",NA,NA,NA,100
"USS0050L02S","Kenai Moose Pens",2,"15A",NA,NA,"1991-11-01","1991-12-01",NA,NA,NA,100
"USS0050L02S","Kenai Moose Pens",2,"15A",NA,NA,"1991-12-01","1992-01-01",NA,NA,NA,100
"USS0050L02S","Kenai Moose Pens",2,"15A",NA,NA,"1992-01-01","1992-02-01",NA,NA,NA,100
"USS0050L02S","Kenai Moose Pens",2,"15A",NA,NA,"1992-02-01","1992-03-01",NA,NA,NA,100
"USS0050L02S","Kenai Moose Pens",2,"15A",NA,NA,"1992-03-01","1992-04-01",NA,NA,NA,100
"USS0050L02S","Kenai Moose Pens",2,"15A",NA,NA,"1992-04-01","1992-05-01",NA,NA,NA,100
"USS0050L02S","Kenai Moose Pens",2,"15A",NA,NA,"1992-05-01","1992-06-01",NA,NA,NA,100
"USS0050L02S","Kenai Moose Pens",2,"15A",NA,NA,"1992-06-01","1992-07-01",NA,NA,NA,100
"USS0050L02S","Kenai Moose Pens",2,"15A",NA,NA,"1992-07-01","1992-08-01",NA,NA,NA,100
"USS0050L02S","Kenai Moose Pens",2,"15A",NA,NA,"1992-08-01","1992-09-01",NA,NA,NA,100
"USS0050L02S","Kenai Moose Pens",2,"15A",NA,NA,"1992-09-01","1992-10-01",NA,NA,NA,100
"USS0050L02S","Kenai Moose Pens",2,"15A",NA,NA,"1992-10-01","1992-11-01",NA,NA,NA,100
"USS0050L02S","Kenai Moose Pens",2,"15A",NA,NA,"1992-11-01","1992-12-01",NA,NA,NA,100
"USS0050L02S","Kenai Moose Pens",2,"15A",NA,NA,"1992-12-01","1993-01-01",NA,NA,NA,100
"USS0050L02S","Kenai Moose Pens",2,"15A",NA,NA,"1993-01-01","1993-02-01",NA,NA,NA,100
"USS0050L02S","Kenai Moose Pens",2,"15A",NA,NA,"1993-02-01","1993-03-01",NA,NA,NA,100
"USS0050L02S","Kenai Moose Pens",2,"15A",NA,NA,"1993-03-01","1993-04-01",NA,NA,NA,100
"USS0050L02S","Kenai Moose Pens",2,"15A",NA,NA,"1993-04-01","1993-05-01",NA,NA,NA,100
"USS0050L02S","Kenai Moose Pens",2,"15A",NA,NA,"1993-05-01","1993-06-01",NA,NA,NA,100
"USS0050L02S","Kenai Moose Pens",2,"15A",NA,NA,"1993-06-01","1993-07-01",NA,NA,NA,100
"USS0050L02S","Kenai Moose Pens",2,"15A",NA,NA,"1993-07-01","1993-08-01",NA,NA,NA,100
"USS0050L02S","Kenai Moose Pens",2,"15A",NA,NA,"1993-08-01","1993-09-01",NA,NA,NA,100
"USS0050L02S","Kenai Moose Pens",2,"15A",NA,NA,"1993-09-01","1993-10-01",NA,NA,NA,100
"USS0050L02S","Kenai Moose Pens",2,"15A",NA,NA,"1993-10-01","1993-11-01",NA,NA,NA,100
"USS0050L02S","Kenai Moose Pens",2,"15A",NA,NA,"1993-11-01","1993-12-01",NA,NA,NA,100
"USS0050L02S","Kenai Moose Pens",2,"15A",NA,NA,"1993-12-01","1994-01-01",NA,NA,NA,100
"USS0050L02S","Kenai Moose Pens",2,"15A",NA,NA,"1994-01-01","1994-02-01",NA,NA,NA,100
"USS0050L02S","Kenai Moose Pens",2,"15A",NA,NA,"1994-02-01","1994-03-01",NA,NA,NA,100
"USS0050L02S","Kenai Moose Pens",2,"15A",NA,NA,"1994-03-01","1994-04-01",NA,NA,NA,100
"USS0050L02S","Kenai Moose Pens",2,"15A",NA,NA,"1994-04-01","1994-05-01",NA,NA,NA,100
"USS0050L02S","Kenai Moose Pens",2,"15A",NA,NA,"1994-05-01","1994-06-01",NA,NA,NA,100
"USS0050L02S","Kenai Moose Pens",2,"15A",NA,NA,"1994-06-01","1994-07-01",NA,NA,NA,100
"USS0050L02S","Kenai Moose Pens",2,"15A",NA,NA,"1994-07-01","1994-08-01",NA,NA,NA,100
"USS0050L02S","Kenai Moose Pens",2,"15A",NA,NA,"1994-08-01","1994-09-01",NA,NA,NA,100
"USS0050L02S","Kenai Moose Pens",2,"15A",NA,NA,"1994-09-01","1994-10-01",NA,NA,NA,100
"USS0050L02S","Kenai Moose Pens",2,"15A",NA,NA,"1994-10-01","1994-11-01",NA,NA,NA,100
"USS0050L02S","Kenai Moose Pens",2,"15A",NA,NA,"1994-11-01","1994-12-01",NA,NA,NA,100
"USS0050L02S","Kenai Moose Pens",2,"15A",NA,NA,"1994-12-01","1995-01-01",NA,NA,NA,100
"USS0050L02S","Kenai Moose Pens",2,"15A",NA,NA,"1995-01-01","1995-02-01",NA,NA,NA,100
"USS0050L02S","Kenai Moose Pens",2,"15A",NA,NA,"1995-02-01","1995-03-01",NA,NA,NA,100
"USS0050L02S","Kenai Moose Pens",2,"15A",NA,NA,"1995-03-01","1995-04-01",NA,NA,NA,100
"USS0050L02S","Kenai Moose Pens",2,"15A",NA,NA,"1995-04-01","1995-05-01",NA,NA,NA,100
"USS0050L02S","Kenai Moose Pens",2,"15A",NA,NA,"1995-05-01","1995-06-01",NA,NA,NA,100
"USS0050L02S","Kenai Moose Pens",2,"15A",NA,NA,"1995-06-01","1995-07-01",NA,NA,NA,100
"USS0050L02S","Kenai Moose Pens",2,"15A",NA,NA,"1995-07-01","1995-08-01",NA,NA,NA,100
"USS0050L02S","Kenai Moose Pens",2,"15A",NA,NA,"1995-08-01","1995-09-01",NA,NA,NA,100
"USS0050L02S","Kenai Moose Pens",2,"15A",NA,NA,"1995-09-01","1995-10-01",NA,NA,NA,100
"USS0050L02S","Kenai Moose Pens",2,"15A",NA,NA,"1995-10-01","1995-11-01",NA,NA,NA,100
"USS0050L02S","Kenai Moose Pens",2,"15A",NA,NA,"1995-11-01","1995-12-01",NA,NA,NA,100
"USS0050L02S","Kenai Moose Pens",2,"15A",NA,NA,"1995-12-01","1996-01-01",NA,NA,NA,100
"USS0050L02S","Kenai Moose Pens",2,"15A",NA,NA,"1996-01-01","1996-02-01",NA,NA,NA,100
"USS0050L02S","Kenai Moose Pens",2,"15A",NA,NA,"1996-02-01","1996-03-01",NA,NA,NA,100
"USS0050L02S","Kenai Moose Pens",2,"15A",NA,NA,"1996-03-01","1996-04-01",NA,NA,NA,100
"USS0050L02S","Kenai Moose Pens",2,"15A",NA,NA,"1996-04-01","1996-05-01",NA,NA,NA,100
"USS0050L02S","Kenai Moose Pens",2,"15A",NA,NA,"1996-05-01","1996-06-01",NA,NA,NA,100
"USS0050L02S","Kenai Moose Pens",2,"15A",NA,NA,"1996-06-01","1996-07-01",NA,NA,NA,100
"USS0050L02S","Kenai Moose Pens",2,"15A",NA,NA,"1996-07-01","1996-08-01",NA,NA,NA,100
"USS0050L02S","Kenai Moose Pens",2,"15A",NA,NA,"1996-08-01","1996-09-01",NA,NA,NA,100
"USS0050L02S","Kenai Moose Pens",2,"15A",NA,NA,"1996-09-01","1996-10-01",NA,NA,NA,100
"USS0050L02S","Kenai Moose Pens",2,"15A",NA,NA,"1996-10-01","1996-11-01",NA,NA,NA,100
"USS0050L02S","Kenai Moose Pens",2,"15A",NA,NA,"1996-11-01","1996-12-01",NA,NA,NA,100
"USS0050L02S","Kenai Moose Pens",2,"15A",NA,NA,"1996-12-01","1997-01-01",NA,NA,NA,100
"USS0050L02S","Kenai Moose Pens",2,"15A",NA,NA,"1997-01-01","1997-02-01",NA,NA,NA,100
"USS0050L02S","Kenai Moose Pens",2,"15A",NA,NA,"1997-02-01","1997-03-01",NA,NA,NA,100
"USS0050L02S","Kenai Moose Pens",2,"15A",NA,NA,"1997-03-01","1997-04-01",NA,NA,NA,100
"USS0050L02S","Kenai Moose Pens",2,"15A",NA,NA,"1997-04-01","1997-05-01",NA,NA,NA,100
"USS0050L02S","Kenai Moose Pens",2,"15A",NA,NA,"1997-05-01","1997-06-01",NA,NA,NA,100
"USS0050L02S","Kenai Moose Pens",2,"15A",NA,NA,"1997-06-01","1997-07-01",NA,NA,NA,100
"USS0050L02S","Kenai Moose Pens",2,"15A",NA,NA,"1997-07-01","1997-08-01",NA,NA,NA,100
"USS0050L02S","Kenai Moose Pens",2,"15A",NA,NA,"1997-08-01","1997-09-01",NA,NA,NA,100
"USS0050L02S","Kenai Moose Pens",2,"15A",NA,NA,"1997-09-01","1997-10-01",NA,NA,NA,100
"USS0050L02S","Kenai Moose Pens",2,"15A",NA,NA,"1997-10-01","1997-11-01",NA,NA,NA,100
"USS0050L02S","Kenai Moose Pens",2,"15A",NA,NA,"1997-11-01","1997-12-01",NA,NA,NA,100
"USS0050L02S","Kenai Moose Pens",2,"15A",NA,NA,"1997-12-01","1998-01-01",NA,NA,NA,100
"USS0050L02S","Kenai Moose Pens",2,"15A",NA,NA,"1998-01-01","1998-02-01",NA,NA,NA,100
"USS0050L02S","Kenai Moose Pens",2,"15A",NA,NA,"1998-02-01","1998-03-01",NA,NA,NA,100
"USS0050L02S","Kenai Moose Pens",2,"15A",NA,NA,"1998-03-01","1998-04-01",NA,NA,NA,100
"USS0050L02S","Kenai Moose Pens",2,"15A",NA,NA,"1998-04-01","1998-05-01",NA,NA,NA,100
"USS0050L02S","Kenai Moose Pens",2,"15A",NA,NA,"1998-05-01","1998-06-01",NA,NA,NA,100
"USS0050L02S","Kenai Moose Pens",2,"15A",NA,NA,"1998-06-01","1998-07-01",NA,NA,NA,100
"USS0050L02S","Kenai Moose Pens",2,"15A",NA,NA,"1998-07-01","1998-08-01",NA,NA,NA,100
"USS0050L02S","Kenai Moose Pens",2,"15A",NA,NA,"1998-08-01","1998-09-01",NA,NA,NA,100
"USS0050L02S","Kenai Moose Pens",2,"15A",NA,NA,"1998-09-01","1998-10-01",NA,NA,NA,100
"USS0050L02S","Kenai Moose Pens",2,"15A",NA,NA,"1998-10-01","1998-11-01",NA,NA,NA,100
"USS0050L02S","Kenai Moose Pens",2,"15A",NA,NA,"1998-11-01","1998-12-01",NA,NA,NA,100
"USS0050L02S","Kenai Moose Pens",2,"15A",NA,NA,"1998-12-01","1999-01-01",NA,NA,NA,100
"USS0050L02S","Kenai Moose Pens",2,"15A",NA,NA,"1999-01-01","1999-02-01",NA,NA,NA,100
"USS0050L02S","Kenai Moose Pens",2,"15A",NA,NA,"1999-02-01","1999-03-01",NA,NA,NA,100
"USS0050L02S","Kenai Moose Pens",2,"15A",NA,NA,"1999-03-01","1999-04-01",NA,NA,NA,100
"USS0050L02S","Kenai Moose Pens",2,"15A",NA,NA,"1999-04-01","1999-05-01",NA,NA,NA,100
"USS0050L02S","Kenai Moose Pens",2,"15A",NA,NA,"1999-05-01","1999-06-01",NA,NA,NA,100
"USS0050L02S","Kenai Moose Pens",2,"15A",NA,NA,"1999-06-01","1999-07-01",NA,NA,NA,100
"USS0050L02S","Kenai Moose Pens",2,"15A",NA,NA,"1999-07-01","1999-08-01",NA,NA,NA,100
"USS0050L02S","Kenai Moose Pens",2,"15A",NA,NA,"1999-08-01","1999-09-01",NA,NA,NA,100
"USS0050L02S","Kenai Moose Pens",2,"15A",NA,NA,"1999-09-01","1999-10-01",NA,NA,NA,100
"USS0050L02S","Kenai Moose Pens",2,"15A",NA,NA,"1999-10-01","1999-11-01",NA,NA,NA,100
"USS0050L02S","Kenai Moose Pens",2,"15A",NA,NA,"1999-11-01","1999-12-01",NA,NA,NA,100
"USS0050L02S","Kenai Moose Pens",2,"15A",NA,NA,"1999-12-01","2000-01-01",NA,NA,NA,100
"USS0050L02S","Kenai Moose Pens",2,"15A",NA,NA,"2000-01-01","2000-02-01",NA,NA,NA,100
"USS0050L02S","Kenai Moose Pens",2,"15A",NA,NA,"2000-02-01","2000-03-01",NA,NA,NA,100
"USS0050L02S","Kenai Moose Pens",2,"15A",NA,NA,"2000-03-01","2000-04-01",NA,NA,NA,100
"USS0050L02S","Kenai Moose Pens",2,"15A",NA,NA,"2000-04-01","2000-05-01",NA,NA,NA,100
"USS0050L02S","Kenai Moose Pens",2,"15A",NA,NA,"2000-05-01","2000-06-01",NA,NA,NA,100
"USS0050L02S","Kenai Moose Pens",2,"15A",NA,NA,"2000-06-01","2000-07-01",NA,NA,NA,100
"USS0050L02S","Kenai Moose Pens",2,"15A",NA,NA,"2000-07-01","2000-08-01",NA,NA,NA,100
"USS0050L02S","Kenai Moose Pens",2,"15A",NA,NA,"2000-08-01","2000-09-01",NA,NA,NA,100
"USS0050L02S","Kenai Moose Pens",2,"15A",NA,NA,"2000-09-01","2000-10-01",NA,NA,NA,100
"USS0050L02S","Kenai Moose Pens",2,"15A","2000","10","2000-10-01","2000-11-01",4.42632170978628,2.99212598425197,7.99212598425197,77
"USS0050L02S","Kenai Moose Pens",2,"15A","2000","11","2000-11-01","2000-12-01",4.05905511811024,2.99212598425197,7.99212598425197,0
"USS0050L02S","Kenai Moose Pens",2,"15A","2000","12","2000-12-01","2001-01-01",4.29006858013716,2.99212598425197,5.98425196850394,0
"USS0050L02S","Kenai Moose Pens",2,"15A","2001","01","2001-01-01","2001-02-01",5.73622047244094,0,74.0157480314961,3
"USS0050L02S","Kenai Moose Pens",2,"15A","2001","02","2001-02-01","2001-03-01",9.96208807232429,2.00787401574803,14.0157480314961,4
"USS0050L02S","Kenai Moose Pens",2,"15A","2001","03","2001-03-01","2001-04-01",15.5172413793103,7.99212598425197,74.0157480314961,6
"USS0050L02S","Kenai Moose Pens",2,"15A","2001","04","2001-04-01","2001-05-01",11.8533100029163,0,74.0157480314961,10
"USS0050L02S","Kenai Moose Pens",2,"15A","2001","05","2001-05-01","2001-06-01",0,0,0,97
"USS0050L02S","Kenai Moose Pens",2,"15A",NA,NA,"2001-06-01","2001-07-01",NA,NA,NA,100
"USS0050L02S","Kenai Moose Pens",2,"15A","2001","07","2001-07-01","2001-08-01",0.614778921865536,0,2.00787401574803,58
"USS0050L02S","Kenai Moose Pens",2,"15A","2001","08","2001-08-01","2001-09-01",0.984251968503937,0.984251968503937,0.984251968503937,10
"USS0050L02S","Kenai Moose Pens",2,"15A","2001","09","2001-09-01","2001-10-01",6.43044619422572,0,75,10
"USS0050L02S","Kenai Moose Pens",2,"15A","2001","10","2001-10-01","2001-11-01",8.06000543035569,0,75,6
"USS0050L02S","Kenai Moose Pens",2,"15A","2001","11","2001-11-01","2001-12-01",11.515069237035,5.98425196850394,74.0157480314961,3
"USS0050L02S","Kenai Moose Pens",2,"15A","2001","12","2001-12-01","2002-01-01",19.5199390398781,7.99212598425197,74.0157480314961,0
"USS0050L02S","Kenai Moose Pens",2,"15A","2002","01","2002-01-01","2002-02-01",14.1803865425913,12.007874015748,19.0157480314961,29
"USS0050L02S","Kenai Moose Pens",2,"15A","2002","02","2002-02-01","2002-03-01",20.3800726832223,17.007874015748,24.0157480314961,7
"USS0050L02S","Kenai Moose Pens",2,"15A","2002","03","2002-03-01","2002-04-01",21.1902887139108,20,22.007874015748,3
"USS0050L02S","Kenai Moose Pens",2,"15A","2002","04","2002-04-01","2002-05-01",18.8243279934836,7.99212598425197,22.992125984252,3
"USS0050L02S","Kenai Moose Pens",2,"15A","2002","05","2002-05-01","2002-06-01",1.69145523476232,0.984251968503937,7.99212598425197,13
"USS0050L02S","Kenai Moose Pens",2,"15A","2002","06","2002-06-01","2002-07-01",0.719261053906723,0,0.984251968503937,13
"USS0050L02S","Kenai Moose Pens",2,"15A","2002","07","2002-07-01","2002-08-01",0.402648532569792,0,0.984251968503937,29
"USS0050L02S","Kenai Moose Pens",2,"15A","2002","08","2002-08-01","2002-09-01",0.848493076296497,0,0.984251968503937,6
"USS0050L02S","Kenai Moose Pens",2,"15A","2002","09","2002-09-01","2002-10-01",0.984251968503937,0.984251968503937,0.984251968503937,7
"USS0050L02S","Kenai Moose Pens",2,"15A","2002","10","2002-10-01","2002-11-01",63.5433070866142,57.007874015748,75,10
"USS0050L02S","Kenai Moose Pens",2,"15A","2002","11","2002-11-01","2002-12-01",12.9310344827586,0,75,3
"USS0050L02S","Kenai Moose Pens",2,"15A","2002","12","2002-12-01","2003-01-01",24.9657099314199,0,72.992125984252,0
"USS0050L02S","Kenai Moose Pens",2,"15A","2003","01","2003-01-01","2003-02-01",16.3106426212852,5,72.992125984252,0
"USS0050L02S","Kenai Moose Pens",2,"15A","2003","02","2003-02-01","2003-03-01",1.35123734533183,0,5.98425196850394,0
"USS0050L02S","Kenai Moose Pens",2,"15A","2003","03","2003-03-01","2003-04-01",0.218722659667542,0,0.984251968503937,71
"USS0050L02S","Kenai Moose Pens",2,"15A","2003","04","2003-04-01","2003-05-01",0.665354330708661,0,2.99212598425197,0
"USS0050L02S","Kenai Moose Pens",2,"15A","2003","05","2003-05-01","2003-06-01",0.738188976377953,0,0.984251968503937,48
"USS0050L02S","Kenai Moose Pens",2,"15A","2003","06","2003-06-01","2003-07-01",0.688976377952756,0,0.984251968503937,0
"USS0050L02S","Kenai Moose Pens",2,"15A","2003","07","2003-07-01","2003-08-01",0.754593175853018,0,0.984251968503937,3
"USS0050L02S","Kenai Moose Pens",2,"15A","2003","08","2003-08-01","2003-09-01",0.984251968503937,0.984251968503937,0.984251968503937,0
"USS0050L02S","Kenai Moose Pens",2,"15A","2003","09","2003-09-01","2003-10-01",0.94488188976378,0,0.984251968503937,17
"USS0050L02S","Kenai Moose Pens",2,"15A","2003","10","2003-10-01","2003-11-01",0.218722659667542,0,0.984251968503937,13
"USS0050L02S","Kenai Moose Pens",2,"15A","2003","11","2003-11-01","2003-12-01",4.10534890035297,0,10.9842519685039,3
"USS0050L02S","Kenai Moose Pens",2,"15A","2003","12","2003-12-01","2004-01-01",19.9326898653797,10,32.992125984252,0
"USS0050L02S","Kenai Moose Pens",2,"15A","2004","01","2004-01-01","2004-02-01",27.007874015748,27.007874015748,27.007874015748,87
"USS0050L02S","Kenai Moose Pens",2,"15A","2004","02","2004-02-01","2004-03-01",29.5207711105077,25.9842519685039,32.992125984252,0
"USS0050L02S","Kenai Moose Pens",2,"15A","2004","03","2004-03-01","2004-04-01",29.2303784607569,27.992125984252,32.992125984252,0
"USS0050L02S","Kenai Moose Pens",2,"15A","2004","04","2004-04-01","2004-05-01",20.1994750656168,5.98425196850394,32.007874015748,0
"USS0050L02S","Kenai Moose Pens",2,"15A","2004","05","2004-05-01","2004-06-01",0.223520447040894,0,2.99212598425197,0
"USS0050L02S","Kenai Moose Pens",2,"15A","2004","06","2004-06-01","2004-07-01",0,0,0,7
"USS0050L02S","Kenai Moose Pens",2,"15A","2004","07","2004-07-01","2004-08-01",0,0,0,3
"USS0050L02S","Kenai Moose Pens",2,"15A","2004","08","2004-08-01","2004-09-01",0,0,0,16
"USS0050L02S","Kenai Moose Pens",2,"15A","2004","09","2004-09-01","2004-10-01",0.0578971746178786,0,0.984251968503937,43
"USS0050L02S","Kenai Moose Pens",2,"15A","2004","10","2004-10-01","2004-11-01",0,0,0,13
"USS0050L02S","Kenai Moose Pens",2,"15A","2004","11","2004-11-01","2004-12-01",2.67060367454068,0,10,0
"USS0050L02S","Kenai Moose Pens",2,"15A","2004","12","2004-12-01","2005-01-01",7.26187452374905,2.00787401574803,12.992125984252,0
"USS0050L02S","Kenai Moose Pens",2,"15A","2005","01","2005-01-01","2005-02-01",10.4062276306371,9.01574803149606,12.992125984252,29
"USS0050L02S","Kenai Moose Pens",2,"15A","2005","02","2005-02-01","2005-03-01",16.6774465691789,10,25,0
"USS0050L02S","Kenai Moose Pens",2,"15A","2005","03","2005-03-01","2005-04-01",14.7040894081788,12.992125984252,17.992125984252,0
"USS0050L02S","Kenai Moose Pens",2,"15A","2005","04","2005-04-01","2005-05-01",6.46091113610799,0,12.992125984252,7
"USS0050L02S","Kenai Moose Pens",2,"15A","2005","05","2005-05-01","2005-06-01",0,0,0,23
"USS0050L02S","Kenai Moose Pens",2,"15A","2005","06","2005-06-01","2005-07-01",1.8740157480315,0,2.00787401574803,0
"USS0050L02S","Kenai Moose Pens",2,"15A","2005","07","2005-07-01","2005-08-01",2.00787401574803,2.00787401574803,2.00787401574803,13
"USS0050L02S","Kenai Moose Pens",2,"15A","2005","08","2005-08-01","2005-09-01",1.10236220472441,0.984251968503937,2.00787401574803,16
"USS0050L02S","Kenai Moose Pens",2,"15A","2005","09","2005-09-01","2005-10-01",0.47389909594634,0,0.984251968503937,10
"USS0050L02S","Kenai Moose Pens",2,"15A","2005","10","2005-10-01","2005-11-01",0.426509186351706,0,0.984251968503937,3
"USS0050L02S","Kenai Moose Pens",2,"15A","2005","11","2005-11-01","2005-12-01",1.01837270341207,0.984251968503937,2.00787401574803,0
"USS0050L02S","Kenai Moose Pens",2,"15A","2005","12","2005-12-01","2006-01-01",1.50149334781428,0.984251968503937,15.9842519685039,6
"USS0050L02S","Kenai Moose Pens",2,"15A","2006","01","2006-01-01","2006-02-01",5.63881127762256,0.984251968503937,12.992125984252,0
"USS0050L02S","Kenai Moose Pens",2,"15A","2006","02","2006-02-01","2006-03-01",12.6490438695163,12.007874015748,14.0157480314961,0
"USS0050L02S","Kenai Moose Pens",2,"15A","2006","03","2006-03-01","2006-04-01",16.285151856018,12.992125984252,19.0157480314961,10
"USS0050L02S","Kenai Moose Pens",2,"15A","2006","04","2006-04-01","2006-05-01",9.79500407276677,0,15,3
"USS0050L02S","Kenai Moose Pens",2,"15A","2006","05","2006-05-01","2006-06-01",0.381000762001524,0,0.984251968503937,0
"USS0050L02S","Kenai Moose Pens",2,"15A","2006","06","2006-06-01","2006-07-01",0,0,0,3
"USS0050L02S","Kenai Moose Pens",2,"15A","2006","07","2006-07-01","2006-08-01",0,0,0,0
"USS0050L02S","Kenai Moose Pens",2,"15A","2006","08","2006-08-01","2006-09-01",0,0,0,52
"USS0050L02S","Kenai Moose Pens",2,"15A","2006","09","2006-09-01","2006-10-01",0,0,0,97
"USS0050L02S","Kenai Moose Pens",2,"15A","2006","10","2006-10-01","2006-11-01",0.548641097282195,0,4.01574803149606,0
"USS0050L02S","Kenai Moose Pens",2,"15A","2006","11","2006-11-01","2006-12-01",4.42632170978628,2.99212598425197,5,7
"USS0050L02S","Kenai Moose Pens",2,"15A","2006","12","2006-12-01","2007-01-01",9.00116652085156,5,15.9842519685039,13
"USS0050L02S","Kenai Moose Pens",2,"15A","2007","01","2007-01-01","2007-02-01",16.6408432816866,14.0157480314961,19.0157480314961,0
"USS0050L02S","Kenai Moose Pens",2,"15A","2007","02","2007-02-01","2007-03-01",16.8503937007874,15,19.0157480314961,0
"USS0050L02S","Kenai Moose Pens",2,"15A","2007","03","2007-03-01","2007-04-01",19.2951485902972,17.992125984252,22.007874015748,0
"USS0050L02S","Kenai Moose Pens",2,"15A","2007","04","2007-04-01","2007-05-01",8.16929133858268,0,19.0157480314961,0
"USS0050L02S","Kenai Moose Pens",2,"15A","2007","05","2007-05-01","2007-06-01",0,0,0,0
"USS0050L02S","Kenai Moose Pens",2,"15A","2007","06","2007-06-01","2007-07-01",0,0,0,0
"USS0050L02S","Kenai Moose Pens",2,"15A","2007","07","2007-07-01","2007-08-01",0,0,0,0
"USS0050L02S","Kenai Moose Pens",2,"15A","2007","08","2007-08-01","2007-09-01",0,0,0,0
"USS0050L02S","Kenai Moose Pens",2,"15A","2007","09","2007-09-01","2007-10-01",0,0,0,0
"USS0050L02S","Kenai Moose Pens",2,"15A","2007","10","2007-10-01","2007-11-01",0.478790957581915,0,2.00787401574803,0
"USS0050L02S","Kenai Moose Pens",2,"15A","2007","11","2007-11-01","2007-12-01",3.33333333333333,0,7.99212598425197,0
"USS0050L02S","Kenai Moose Pens",2,"15A","2007","12","2007-12-01","2008-01-01",4.48818897637795,2.99212598425197,9.01574803149606,0
"USS0050L02S","Kenai Moose Pens",2,"15A","2008","01","2008-01-01","2008-02-01",11.4516129032258,7.99212598425197,15,0
"USS0050L02S","Kenai Moose Pens",2,"15A","2008","02","2008-02-01","2008-03-01",15.2131414607657,14.0157480314961,17.992125984252,0
"USS0050L02S","Kenai Moose Pens",2,"15A","2008","03","2008-03-01","2008-04-01",12.5196850393701,10.9842519685039,15,0
"USS0050L02S","Kenai Moose Pens",2,"15A","2008","04","2008-04-01","2008-05-01",10.3674540682415,5,14.0157480314961,0
"USS0050L02S","Kenai Moose Pens",2,"15A","2008","05","2008-05-01","2008-06-01",0.226060452120904,0,4.01574803149606,0
"USS0050L02S","Kenai Moose Pens",2,"15A","2008","06","2008-06-01","2008-07-01",0,0,0,0
"USS0050L02S","Kenai Moose Pens",2,"15A","2008","07","2008-07-01","2008-08-01",0,0,0,0
"USS0050L02S","Kenai Moose Pens",2,"15A","2008","08","2008-08-01","2008-09-01",0,0,0,0
"USS0050L02S","Kenai Moose Pens",2,"15A","2008","09","2008-09-01","2008-10-01",0,0,0,0
"USS0050L02S","Kenai Moose Pens",2,"15A","2008","10","2008-10-01","2008-11-01",1.28778257556515,0,4.01574803149606,0
"USS0050L02S","Kenai Moose Pens",2,"15A","2008","11","2008-11-01","2008-12-01",4.50656167979003,2.00787401574803,10,0
"USS0050L02S","Kenai Moose Pens",2,"15A","2008","12","2008-12-01","2009-01-01",10.3924307848616,7.99212598425197,17.007874015748,0
"USS0050L02S","Kenai Moose Pens",2,"15A","2009","01","2009-01-01","2009-02-01",11.1658623317247,7.00787401574803,15,0
"USS0050L02S","Kenai Moose Pens",2,"15A","2009","02","2009-02-01","2009-03-01",13.8217097862767,12.992125984252,17.992125984252,0
"USS0050L02S","Kenai Moose Pens",2,"15A","2009","03","2009-03-01","2009-04-01",18.0962661925324,17.007874015748,20,0
"USS0050L02S","Kenai Moose Pens",2,"15A","2009","04","2009-04-01","2009-05-01",11.3989501312336,0,17.992125984252,0
"USS0050L02S","Kenai Moose Pens",2,"15A","2009","05","2009-05-01","2009-06-01",0,0,0,0
"USS0050L02S","Kenai Moose Pens",2,"15A","2009","06","2009-06-01","2009-07-01",0,0,0,0
"USS0050L02S","Kenai Moose Pens",2,"15A","2009","07","2009-07-01","2009-08-01",0,0,0,0
"USS0050L02S","Kenai Moose Pens",2,"15A","2009","08","2009-08-01","2009-09-01",0,0,0,0
"USS0050L02S","Kenai Moose Pens",2,"15A","2009","09","2009-09-01","2009-10-01",0,0,0,0
"USS0050L02S","Kenai Moose Pens",2,"15A","2009","10","2009-10-01","2009-11-01",0,0,0,0
"USS0050L02S","Kenai Moose Pens",2,"15A","2009","11","2009-11-01","2009-12-01",2.33464566929134,0,9.01574803149606,0
"USS0050L02S","Kenai Moose Pens",2,"15A","2009","12","2009-12-01","2010-01-01",8.77698755397511,7.00787401574803,10,0
"USS0050L02S","Kenai Moose Pens",2,"15A","2010","01","2010-01-01","2010-02-01",10.2349504699009,9.01574803149606,12.007874015748,0
"USS0050L02S","Kenai Moose Pens",2,"15A","2010","02","2010-02-01","2010-03-01",10.9631608548931,7.99212598425197,14.0157480314961,0
"USS0050L02S","Kenai Moose Pens",2,"15A","2010","03","2010-03-01","2010-04-01",13.0353060706121,9.01574803149606,15,0
"USS0050L02S","Kenai Moose Pens",2,"15A","2010","04","2010-04-01","2010-05-01",8.83333333333333,0,12.007874015748,0
"USS0050L02S","Kenai Moose Pens",2,"15A","2010","05","2010-05-01","2010-06-01",0,0,0,0
"USS0050L02S","Kenai Moose Pens",2,"15A","2010","06","2010-06-01","2010-07-01",0,0,0,0
"USS0050L02S","Kenai Moose Pens",2,"15A","2010","07","2010-07-01","2010-08-01",0,0,0,0
"USS0050L02S","Kenai Moose Pens",2,"15A","2010","08","2010-08-01","2010-09-01",0,0,0,0
"USS0050L02S","Kenai Moose Pens",2,"15A","2010","09","2010-09-01","2010-10-01",0,0,0,0
"USS0050L02S","Kenai Moose Pens",2,"15A","2010","10","2010-10-01","2010-11-01",0.095250190500381,0,0.984251968503937,0
"USS0050L02S","Kenai Moose Pens",2,"15A","2010","11","2010-11-01","2010-12-01",10.6679790026247,2.00787401574803,22.007874015748,0
"USS0050L02S","Kenai Moose Pens",2,"15A","2010","12","2010-12-01","2011-01-01",13.6118872237744,12.007874015748,15.9842519685039,0
"USS0050L02S","Kenai Moose Pens",2,"15A","2011","01","2011-01-01","2011-02-01",15.4267208534417,14.0157480314961,17.992125984252,0
"USS0050L02S","Kenai Moose Pens",2,"15A","2011","02","2011-02-01","2011-03-01",19.64848143982,19.0157480314961,20.9842519685039,0
"USS0050L02S","Kenai Moose Pens",2,"15A","2011","03","2011-03-01","2011-04-01",19.8742697485395,19.0157480314961,22.007874015748,0
"USS0050L02S","Kenai Moose Pens",2,"15A","2011","04","2011-04-01","2011-05-01",12.7650918635171,0.984251968503937,19.0157480314961,0
"USS0050L02S","Kenai Moose Pens",2,"15A","2011","05","2011-05-01","2011-06-01",0,0,0,0
"USS0050L02S","Kenai Moose Pens",2,"15A","2011","06","2011-06-01","2011-07-01",0,0,0,0
"USS0050L02S","Kenai Moose Pens",2,"15A","2011","07","2011-07-01","2011-08-01",0,0,0,0
"USS0050L02S","Kenai Moose Pens",2,"15A","2011","08","2011-08-01","2011-09-01",0,0,0,0
"USS0050L02S","Kenai Moose Pens",2,"15A","2011","09","2011-09-01","2011-10-01",0,0,0,0
"USS0050L02S","Kenai Moose Pens",2,"15A","2011","10","2011-10-01","2011-11-01",0.386080772161544,0,5.98425196850394,0
"USS0050L02S","Kenai Moose Pens",2,"15A","2011","11","2011-11-01","2011-12-01",8.86745406824147,5,12.007874015748,0
"USS0050L02S","Kenai Moose Pens",2,"15A","2011","12","2011-12-01","2012-01-01",11.8757937515875,9.01574803149606,15,0
"USS0050L02S","Kenai Moose Pens",2,"15A","2012","01","2012-01-01","2012-02-01",21.4490728981458,15,27.992125984252,0
"USS0050L02S","Kenai Moose Pens",2,"15A","2012","02","2012-02-01","2012-03-01",27.0635351615531,22.992125984252,32.007874015748,0
"USS0050L02S","Kenai Moose Pens",2,"15A","2012","03","2012-03-01","2012-04-01",31.2192024384049,27.007874015748,34.0157480314961,0
"USS0050L02S","Kenai Moose Pens",2,"15A","2012","04","2012-04-01","2012-05-01",21.0669291338583,10.9842519685039,27.007874015748,0
"USS0050L02S","Kenai Moose Pens",2,"15A","2012","05","2012-05-01","2012-06-01",1.96596393192786,0,10.9842519685039,0
"USS0050L02S","Kenai Moose Pens",2,"15A","2012","06","2012-06-01","2012-07-01",0,0,0,0
"USS0050L02S","Kenai Moose Pens",2,"15A","2012","07","2012-07-01","2012-08-01",0,0,0,0
"USS0050L02S","Kenai Moose Pens",2,"15A","2012","08","2012-08-01","2012-09-01",0,0,0,0
"USS0050L02S","Kenai Moose Pens",2,"15A","2012","09","2012-09-01","2012-10-01",0,0,0,0
"USS0050L02S","Kenai Moose Pens",2,"15A","2012","10","2012-10-01","2012-11-01",0.607061214122428,0,2.00787401574803,0
"USS0050L02S","Kenai Moose Pens",2,"15A","2012","11","2012-11-01","2012-12-01",3.30577427821522,0.984251968503937,5,0
"USS0050L02S","Kenai Moose Pens",2,"15A","2012","12","2012-12-01","2013-01-01",8.3261366522733,4.01574803149606,15,0
"USS0050L02S","Kenai Moose Pens",2,"15A","2013","01","2013-01-01","2013-02-01",11.9062738125476,9.01574803149606,15,0
"USS0050L02S","Kenai Moose Pens",2,"15A","2013","02","2013-02-01","2013-03-01",17.1091113610799,14.0157480314961,20,0
"USS0050L02S","Kenai Moose Pens",2,"15A","2013","03","2013-03-01","2013-04-01",21.1658623317247,17.007874015748,32.007874015748,0
"USS0050L02S","Kenai Moose Pens",2,"15A","2013","04","2013-04-01","2013-05-01",23.4028871391076,20,27.992125984252,0
"USS0050L02S","Kenai Moose Pens",2,"15A","2013","05","2013-05-01","2013-06-01",6.000762001524,0,19.0157480314961,0
"USS0050L02S","Kenai Moose Pens",2,"15A","2013","06","2013-06-01","2013-07-01",0,0,0,0
"USS0050L02S","Kenai Moose Pens",2,"15A","2013","07","2013-07-01","2013-08-01",0,0,0,0
"USS0050L02S","Kenai Moose Pens",2,"15A","2013","08","2013-08-01","2013-09-01",0,0,0,0
"USS0050L02S","Kenai Moose Pens",2,"15A","2013","09","2013-09-01","2013-10-01",0,0,0,3
"USS0050L02S","Kenai Moose Pens",2,"15A","2013","10","2013-10-01","2013-11-01",0,0,0,0
"USS0050L02S","Kenai Moose Pens",2,"15A","2013","11","2013-11-01","2013-12-01",1.36482939632546,0,4.01574803149606,0
"USS0050L02S","Kenai Moose Pens",2,"15A","2013","12","2013-12-01","2014-01-01",8.45440690881382,4.01574803149606,12.992125984252,0
"USS0050L02S","Kenai Moose Pens",2,"15A","2014","01","2014-01-01","2014-02-01",9.86537973075946,7.00787401574803,12.007874015748,0
"USS0050L02S","Kenai Moose Pens",2,"15A","2014","02","2014-02-01","2014-03-01",7.82761529808774,7.00787401574803,10,0
"USS0050L02S","Kenai Moose Pens",2,"15A","2014","03","2014-03-01","2014-04-01",8.22961645923292,7.00787401574803,9.01574803149606,0
"USS0050L02S","Kenai Moose Pens",2,"15A","2014","04","2014-04-01","2014-05-01",3.70209973753281,0,9.01574803149606,0
"USS0050L02S","Kenai Moose Pens",2,"15A","2014","05","2014-05-01","2014-06-01",0,0,0,0
"USS0050L02S","Kenai Moose Pens",2,"15A","2014","06","2014-06-01","2014-07-01",0,0,0,0
"USS0050L02S","Kenai Moose Pens",2,"15A","2014","07","2014-07-01","2014-08-01",0,0,0,6
"USS0050L02S","Kenai Moose Pens",2,"15A","2014","08","2014-08-01","2014-09-01",0,0,0,3
"USS0050L02S","Kenai Moose Pens",2,"15A","2014","09","2014-09-01","2014-10-01",0,0,0,0
"USS0050L02S","Kenai Moose Pens",2,"15A","2014","10","2014-10-01","2014-11-01",0.128270256540513,0,2.00787401574803,0
"USS0050L02S","Kenai Moose Pens",2,"15A","2014","11","2014-11-01","2014-12-01",0.0656167979002625,0,0.984251968503937,0
"USS0050L02S","Kenai Moose Pens",2,"15A","2014","12","2014-12-01","2015-01-01",2.13233426466853,0.984251968503937,2.99212598425197,0
"USS0050L02S","Kenai Moose Pens",2,"15A","2015","01","2015-01-01","2015-02-01",3.38582677165354,2.00787401574803,5.98425196850394,0
"USS0050L02S","Kenai Moose Pens",2,"15A","2015","02","2015-02-01","2015-03-01",5.25168728908886,4.01574803149606,7.99212598425197,0
"USS0050L02S","Kenai Moose Pens",2,"15A","2015","03","2015-03-01","2015-04-01",2.09296418592837,0,4.01574803149606,0
"USS0050L02S","Kenai Moose Pens",2,"15A","2015","04","2015-04-01","2015-05-01",0,0,0,0
"USS0050L02S","Kenai Moose Pens",2,"15A","2015","05","2015-05-01","2015-06-01",0,0,0,0
"USS0050L02S","Kenai Moose Pens",2,"15A","2015","06","2015-06-01","2015-07-01",0,0,0,0
"USS0050L02S","Kenai Moose Pens",2,"15A","2015","07","2015-07-01","2015-08-01",0,0,0,0
"USS0050L02S","Kenai Moose Pens",2,"15A","2015","08","2015-08-01","2015-09-01",0,0,0,0
"USS0050L02S","Kenai Moose Pens",2,"15A","2015","09","2015-09-01","2015-10-01",0,0,0,0
"USS0050L02S","Kenai Moose Pens",2,"15A","2015","10","2015-10-01","2015-11-01",0.063500127000254,0,0.984251968503937,0
"USS0050L02S","Kenai Moose Pens",2,"15A","2015","11","2015-11-01","2015-12-01",4.60236220472441,0.984251968503937,9.01574803149606,0
"USS0050L02S","Kenai Moose Pens",2,"15A","2015","12","2015-12-01","2016-01-01",7.48285496570993,5,9.01574803149606,0
"USS0050L02S","Kenai Moose Pens",2,"15A","2016","01","2016-01-01","2016-02-01",9.18973837947676,5.98425196850394,10.9842519685039,0
"USS0050L02S","Kenai Moose Pens",2,"15A","2016","02","2016-02-01","2016-03-01",11.4023893565029,10.9842519685039,14.0157480314961,0
"USS0050L02S","Kenai Moose Pens",2,"15A","2016","03","2016-03-01","2016-04-01",10.0558801117602,2.00787401574803,12.992125984252,0
"USS0050L02S","Kenai Moose Pens",2,"15A","2016","04","2016-04-01","2016-05-01",0.0997375328083989,0,2.00787401574803,0
"USS0050L02S","Kenai Moose Pens",2,"15A","2016","05","2016-05-01","2016-06-01",0,0,0,0
"USS0050L02S","Kenai Moose Pens",2,"15A","2016","06","2016-06-01","2016-07-01",0,0,0,0
"USS0050L02S","Kenai Moose Pens",2,"15A","2016","07","2016-07-01","2016-08-01",0,0,0,0
"USS0050L02S","Kenai Moose Pens",2,"15A","2016","08","2016-08-01","2016-09-01",0,0,0,0
"USS0050L02S","Kenai Moose Pens",2,"15A","2016","09","2016-09-01","2016-10-01",0,0,0,0
"USS0050L02S","Kenai Moose Pens",2,"15A","2016","10","2016-10-01","2016-11-01",0.254000508001016,0,0.984251968503937,0
"USS0050L02S","Kenai Moose Pens",2,"15A","2016","11","2016-11-01","2016-12-01",0.299212598425197,0,2.00787401574803,0
"USS0050L02S","Kenai Moose Pens",2,"15A","2016","12","2016-12-01","2017-01-01",7.64414528829058,5,10,0
"USS0050L02S","Kenai Moose Pens",2,"15A","2017","01","2017-01-01","2017-02-01",13.2308864617729,9.01574803149606,22.007874015748,0
"USS0050L02S","Kenai Moose Pens",2,"15A","2017","02","2017-02-01","2017-03-01",17.9274465691789,15,22.007874015748,0
"USS0050L02S","Kenai Moose Pens",2,"15A","2017","03","2017-03-01","2017-04-01",20.3213106426213,19.0157480314961,22.992125984252,0
"USS0050L02S","Kenai Moose Pens",2,"15A","2017","04","2017-04-01","2017-05-01",8.93438320209974,0,20,0
"USS0050L02S","Kenai Moose Pens",2,"15A","2017","05","2017-05-01","2017-06-01",0,0,0,0
"USS0050L02S","Kenai Moose Pens",2,"15A","2017","06","2017-06-01","2017-07-01",0,0,0,0
"USS0050L02S","Kenai Moose Pens",2,"15A","2017","07","2017-07-01","2017-08-01",0,0,0,0
"USS0050L02S","Kenai Moose Pens",2,"15A","2017","08","2017-08-01","2017-09-01",0,0,0,0
"USS0050L02S","Kenai Moose Pens",2,"15A","2017","09","2017-09-01","2017-10-01",0,0,0,0
"USS0050L02S","Kenai Moose Pens",2,"15A","2017","10","2017-10-01","2017-11-01",0,0,0,0
"USS0050L02S","Kenai Moose Pens",2,"15A","2017","11","2017-11-01","2017-12-01",4.76509186351706,0,9.01574803149606,0
"USS0050L02S","Kenai Moose Pens",2,"15A","2017","12","2017-12-01","2018-01-01",7.13487426974854,7.00787401574803,7.99212598425197,0
"USS0050L02S","Kenai Moose Pens",2,"15A","2018","01","2018-01-01","2018-02-01",10.8039116078232,7.99212598425197,14.0157480314961,0
"USS0050L02S","Kenai Moose Pens",2,"15A","2018","02","2018-02-01","2018-03-01",15.7536557930259,12.992125984252,22.007874015748,0
"USS0050L02S","Kenai Moose Pens",2,"15A","2018","03","2018-03-01","2018-04-01",20.3505207010414,17.992125984252,24.0157480314961,0
"USS0050L02S","Kenai Moose Pens",2,"15A","2018","04","2018-04-01","2018-05-01",9.86482939632546,0,17.992125984252,0
"USS0050L02S","Kenai Moose Pens",2,"15A","2018","05","2018-05-01","2018-06-01",0,0,0,0
"USS0050L02S","Kenai Moose Pens",2,"15A","2018","06","2018-06-01","2018-07-01",0,0,0,0
"USS0050L02S","Kenai Moose Pens",2,"15A","2018","07","2018-07-01","2018-08-01",0,0,0,0
"USS0050L02S","Kenai Moose Pens",2,"15A","2018","08","2018-08-01","2018-09-01",0,0,0,0
"USS0050L02S","Kenai Moose Pens",2,"15A","2018","09","2018-09-01","2018-10-01",0,0,0,0
"USS0050L02S","Kenai Moose Pens",2,"15A","2018","10","2018-10-01","2018-11-01",0,0,0,0
"USS0050L02S","Kenai Moose Pens",2,"15A","2018","11","2018-11-01","2018-12-01",0.0669291338582677,0,2.00787401574803,0
