"ID","Name","Region","Unit","YEAR","MONTH","START","END","SNWDavg_in","SNWDmin_in","SNWDmax_in","MISSING_pcnt"
"US1AKBC0004","SLEETMUTE 1.4 SSE",3,"19A",NA,NA,"1980-01-01","1980-02-01",NA,NA,NA,100
"US1AKBC0004","SLEETMUTE 1.4 SSE",3,"19A",NA,NA,"1980-02-01","1980-03-01",NA,NA,NA,100
"US1AKBC0004","SLEETMUTE 1.4 SSE",3,"19A",NA,NA,"1980-03-01","1980-04-01",NA,NA,NA,100
"US1AKBC0004","SLEETMUTE 1.4 SSE",3,"19A",NA,NA,"1980-04-01","1980-05-01",NA,NA,NA,100
"US1AKBC0004","SLEETMUTE 1.4 SSE",3,"19A",NA,NA,"1980-05-01","1980-06-01",NA,NA,NA,100
"US1AKBC0004","SLEETMUTE 1.4 SSE",3,"19A",NA,NA,"1980-06-01","1980-07-01",NA,NA,NA,100
"US1AKBC0004","SLEETMUTE 1.4 SSE",3,"19A",NA,NA,"1980-07-01","1980-08-01",NA,NA,NA,100
"US1AKBC0004","SLEETMUTE 1.4 SSE",3,"19A",NA,NA,"1980-08-01","1980-09-01",NA,NA,NA,100
"US1AKBC0004","SLEETMUTE 1.4 SSE",3,"19A",NA,NA,"1980-09-01","1980-10-01",NA,NA,NA,100
"US1AKBC0004","SLEETMUTE 1.4 SSE",3,"19A",NA,NA,"1980-10-01","1980-11-01",NA,NA,NA,100
"US1AKBC0004","SLEETMUTE 1.4 SSE",3,"19A",NA,NA,"1980-11-01","1980-12-01",NA,NA,NA,100
"US1AKBC0004","SLEETMUTE 1.4 SSE",3,"19A",NA,NA,"1980-12-01","1981-01-01",NA,NA,NA,100
"US1AKBC0004","SLEETMUTE 1.4 SSE",3,"19A",NA,NA,"1981-01-01","1981-02-01",NA,NA,NA,100
"US1AKBC0004","SLEETMUTE 1.4 SSE",3,"19A",NA,NA,"1981-02-01","1981-03-01",NA,NA,NA,100
"US1AKBC0004","SLEETMUTE 1.4 SSE",3,"19A",NA,NA,"1981-03-01","1981-04-01",NA,NA,NA,100
"US1AKBC0004","SLEETMUTE 1.4 SSE",3,"19A",NA,NA,"1981-04-01","1981-05-01",NA,NA,NA,100
"US1AKBC0004","SLEETMUTE 1.4 SSE",3,"19A",NA,NA,"1981-05-01","1981-06-01",NA,NA,NA,100
"US1AKBC0004","SLEETMUTE 1.4 SSE",3,"19A",NA,NA,"1981-06-01","1981-07-01",NA,NA,NA,100
"US1AKBC0004","SLEETMUTE 1.4 SSE",3,"19A",NA,NA,"1981-07-01","1981-08-01",NA,NA,NA,100
"US1AKBC0004","SLEETMUTE 1.4 SSE",3,"19A",NA,NA,"1981-08-01","1981-09-01",NA,NA,NA,100
"US1AKBC0004","SLEETMUTE 1.4 SSE",3,"19A",NA,NA,"1981-09-01","1981-10-01",NA,NA,NA,100
"US1AKBC0004","SLEETMUTE 1.4 SSE",3,"19A",NA,NA,"1981-10-01","1981-11-01",NA,NA,NA,100
"US1AKBC0004","SLEETMUTE 1.4 SSE",3,"19A",NA,NA,"1981-11-01","1981-12-01",NA,NA,NA,100
"US1AKBC0004","SLEETMUTE 1.4 SSE",3,"19A",NA,NA,"1981-12-01","1982-01-01",NA,NA,NA,100
"US1AKBC0004","SLEETMUTE 1.4 SSE",3,"19A",NA,NA,"1982-01-01","1982-02-01",NA,NA,NA,100
"US1AKBC0004","SLEETMUTE 1.4 SSE",3,"19A",NA,NA,"1982-02-01","1982-03-01",NA,NA,NA,100
"US1AKBC0004","SLEETMUTE 1.4 SSE",3,"19A",NA,NA,"1982-03-01","1982-04-01",NA,NA,NA,100
"US1AKBC0004","SLEETMUTE 1.4 SSE",3,"19A",NA,NA,"1982-04-01","1982-05-01",NA,NA,NA,100
"US1AKBC0004","SLEETMUTE 1.4 SSE",3,"19A",NA,NA,"1982-05-01","1982-06-01",NA,NA,NA,100
"US1AKBC0004","SLEETMUTE 1.4 SSE",3,"19A",NA,NA,"1982-06-01","1982-07-01",NA,NA,NA,100
"US1AKBC0004","SLEETMUTE 1.4 SSE",3,"19A",NA,NA,"1982-07-01","1982-08-01",NA,NA,NA,100
"US1AKBC0004","SLEETMUTE 1.4 SSE",3,"19A",NA,NA,"1982-08-01","1982-09-01",NA,NA,NA,100
"US1AKBC0004","SLEETMUTE 1.4 SSE",3,"19A",NA,NA,"1982-09-01","1982-10-01",NA,NA,NA,100
"US1AKBC0004","SLEETMUTE 1.4 SSE",3,"19A",NA,NA,"1982-10-01","1982-11-01",NA,NA,NA,100
"US1AKBC0004","SLEETMUTE 1.4 SSE",3,"19A",NA,NA,"1982-11-01","1982-12-01",NA,NA,NA,100
"US1AKBC0004","SLEETMUTE 1.4 SSE",3,"19A",NA,NA,"1982-12-01","1983-01-01",NA,NA,NA,100
"US1AKBC0004","SLEETMUTE 1.4 SSE",3,"19A",NA,NA,"1983-01-01","1983-02-01",NA,NA,NA,100
"US1AKBC0004","SLEETMUTE 1.4 SSE",3,"19A",NA,NA,"1983-02-01","1983-03-01",NA,NA,NA,100
"US1AKBC0004","SLEETMUTE 1.4 SSE",3,"19A",NA,NA,"1983-03-01","1983-04-01",NA,NA,NA,100
"US1AKBC0004","SLEETMUTE 1.4 SSE",3,"19A",NA,NA,"1983-04-01","1983-05-01",NA,NA,NA,100
"US1AKBC0004","SLEETMUTE 1.4 SSE",3,"19A",NA,NA,"1983-05-01","1983-06-01",NA,NA,NA,100
"US1AKBC0004","SLEETMUTE 1.4 SSE",3,"19A",NA,NA,"1983-06-01","1983-07-01",NA,NA,NA,100
"US1AKBC0004","SLEETMUTE 1.4 SSE",3,"19A",NA,NA,"1983-07-01","1983-08-01",NA,NA,NA,100
"US1AKBC0004","SLEETMUTE 1.4 SSE",3,"19A",NA,NA,"1983-08-01","1983-09-01",NA,NA,NA,100
"US1AKBC0004","SLEETMUTE 1.4 SSE",3,"19A",NA,NA,"1983-09-01","1983-10-01",NA,NA,NA,100
"US1AKBC0004","SLEETMUTE 1.4 SSE",3,"19A",NA,NA,"1983-10-01","1983-11-01",NA,NA,NA,100
"US1AKBC0004","SLEETMUTE 1.4 SSE",3,"19A",NA,NA,"1983-11-01","1983-12-01",NA,NA,NA,100
"US1AKBC0004","SLEETMUTE 1.4 SSE",3,"19A",NA,NA,"1983-12-01","1984-01-01",NA,NA,NA,100
"US1AKBC0004","SLEETMUTE 1.4 SSE",3,"19A",NA,NA,"1984-01-01","1984-02-01",NA,NA,NA,100
"US1AKBC0004","SLEETMUTE 1.4 SSE",3,"19A",NA,NA,"1984-02-01","1984-03-01",NA,NA,NA,100
"US1AKBC0004","SLEETMUTE 1.4 SSE",3,"19A",NA,NA,"1984-03-01","1984-04-01",NA,NA,NA,100
"US1AKBC0004","SLEETMUTE 1.4 SSE",3,"19A",NA,NA,"1984-04-01","1984-05-01",NA,NA,NA,100
"US1AKBC0004","SLEETMUTE 1.4 SSE",3,"19A",NA,NA,"1984-05-01","1984-06-01",NA,NA,NA,100
"US1AKBC0004","SLEETMUTE 1.4 SSE",3,"19A",NA,NA,"1984-06-01","1984-07-01",NA,NA,NA,100
"US1AKBC0004","SLEETMUTE 1.4 SSE",3,"19A",NA,NA,"1984-07-01","1984-08-01",NA,NA,NA,100
"US1AKBC0004","SLEETMUTE 1.4 SSE",3,"19A",NA,NA,"1984-08-01","1984-09-01",NA,NA,NA,100
"US1AKBC0004","SLEETMUTE 1.4 SSE",3,"19A",NA,NA,"1984-09-01","1984-10-01",NA,NA,NA,100
"US1AKBC0004","SLEETMUTE 1.4 SSE",3,"19A",NA,NA,"1984-10-01","1984-11-01",NA,NA,NA,100
"US1AKBC0004","SLEETMUTE 1.4 SSE",3,"19A",NA,NA,"1984-11-01","1984-12-01",NA,NA,NA,100
"US1AKBC0004","SLEETMUTE 1.4 SSE",3,"19A",NA,NA,"1984-12-01","1985-01-01",NA,NA,NA,100
"US1AKBC0004","SLEETMUTE 1.4 SSE",3,"19A",NA,NA,"1985-01-01","1985-02-01",NA,NA,NA,100
"US1AKBC0004","SLEETMUTE 1.4 SSE",3,"19A",NA,NA,"1985-02-01","1985-03-01",NA,NA,NA,100
"US1AKBC0004","SLEETMUTE 1.4 SSE",3,"19A",NA,NA,"1985-03-01","1985-04-01",NA,NA,NA,100
"US1AKBC0004","SLEETMUTE 1.4 SSE",3,"19A",NA,NA,"1985-04-01","1985-05-01",NA,NA,NA,100
"US1AKBC0004","SLEETMUTE 1.4 SSE",3,"19A",NA,NA,"1985-05-01","1985-06-01",NA,NA,NA,100
"US1AKBC0004","SLEETMUTE 1.4 SSE",3,"19A",NA,NA,"1985-06-01","1985-07-01",NA,NA,NA,100
"US1AKBC0004","SLEETMUTE 1.4 SSE",3,"19A",NA,NA,"1985-07-01","1985-08-01",NA,NA,NA,100
"US1AKBC0004","SLEETMUTE 1.4 SSE",3,"19A",NA,NA,"1985-08-01","1985-09-01",NA,NA,NA,100
"US1AKBC0004","SLEETMUTE 1.4 SSE",3,"19A",NA,NA,"1985-09-01","1985-10-01",NA,NA,NA,100
"US1AKBC0004","SLEETMUTE 1.4 SSE",3,"19A",NA,NA,"1985-10-01","1985-11-01",NA,NA,NA,100
"US1AKBC0004","SLEETMUTE 1.4 SSE",3,"19A",NA,NA,"1985-11-01","1985-12-01",NA,NA,NA,100
"US1AKBC0004","SLEETMUTE 1.4 SSE",3,"19A",NA,NA,"1985-12-01","1986-01-01",NA,NA,NA,100
"US1AKBC0004","SLEETMUTE 1.4 SSE",3,"19A",NA,NA,"1986-01-01","1986-02-01",NA,NA,NA,100
"US1AKBC0004","SLEETMUTE 1.4 SSE",3,"19A",NA,NA,"1986-02-01","1986-03-01",NA,NA,NA,100
"US1AKBC0004","SLEETMUTE 1.4 SSE",3,"19A",NA,NA,"1986-03-01","1986-04-01",NA,NA,NA,100
"US1AKBC0004","SLEETMUTE 1.4 SSE",3,"19A",NA,NA,"1986-04-01","1986-05-01",NA,NA,NA,100
"US1AKBC0004","SLEETMUTE 1.4 SSE",3,"19A",NA,NA,"1986-05-01","1986-06-01",NA,NA,NA,100
"US1AKBC0004","SLEETMUTE 1.4 SSE",3,"19A",NA,NA,"1986-06-01","1986-07-01",NA,NA,NA,100
"US1AKBC0004","SLEETMUTE 1.4 SSE",3,"19A",NA,NA,"1986-07-01","1986-08-01",NA,NA,NA,100
"US1AKBC0004","SLEETMUTE 1.4 SSE",3,"19A",NA,NA,"1986-08-01","1986-09-01",NA,NA,NA,100
"US1AKBC0004","SLEETMUTE 1.4 SSE",3,"19A",NA,NA,"1986-09-01","1986-10-01",NA,NA,NA,100
"US1AKBC0004","SLEETMUTE 1.4 SSE",3,"19A",NA,NA,"1986-10-01","1986-11-01",NA,NA,NA,100
"US1AKBC0004","SLEETMUTE 1.4 SSE",3,"19A",NA,NA,"1986-11-01","1986-12-01",NA,NA,NA,100
"US1AKBC0004","SLEETMUTE 1.4 SSE",3,"19A",NA,NA,"1986-12-01","1987-01-01",NA,NA,NA,100
"US1AKBC0004","SLEETMUTE 1.4 SSE",3,"19A",NA,NA,"1987-01-01","1987-02-01",NA,NA,NA,100
"US1AKBC0004","SLEETMUTE 1.4 SSE",3,"19A",NA,NA,"1987-02-01","1987-03-01",NA,NA,NA,100
"US1AKBC0004","SLEETMUTE 1.4 SSE",3,"19A",NA,NA,"1987-03-01","1987-04-01",NA,NA,NA,100
"US1AKBC0004","SLEETMUTE 1.4 SSE",3,"19A",NA,NA,"1987-04-01","1987-05-01",NA,NA,NA,100
"US1AKBC0004","SLEETMUTE 1.4 SSE",3,"19A",NA,NA,"1987-05-01","1987-06-01",NA,NA,NA,100
"US1AKBC0004","SLEETMUTE 1.4 SSE",3,"19A",NA,NA,"1987-06-01","1987-07-01",NA,NA,NA,100
"US1AKBC0004","SLEETMUTE 1.4 SSE",3,"19A",NA,NA,"1987-07-01","1987-08-01",NA,NA,NA,100
"US1AKBC0004","SLEETMUTE 1.4 SSE",3,"19A",NA,NA,"1987-08-01","1987-09-01",NA,NA,NA,100
"US1AKBC0004","SLEETMUTE 1.4 SSE",3,"19A",NA,NA,"1987-09-01","1987-10-01",NA,NA,NA,100
"US1AKBC0004","SLEETMUTE 1.4 SSE",3,"19A",NA,NA,"1987-10-01","1987-11-01",NA,NA,NA,100
"US1AKBC0004","SLEETMUTE 1.4 SSE",3,"19A",NA,NA,"1987-11-01","1987-12-01",NA,NA,NA,100
"US1AKBC0004","SLEETMUTE 1.4 SSE",3,"19A",NA,NA,"1987-12-01","1988-01-01",NA,NA,NA,100
"US1AKBC0004","SLEETMUTE 1.4 SSE",3,"19A",NA,NA,"1988-01-01","1988-02-01",NA,NA,NA,100
"US1AKBC0004","SLEETMUTE 1.4 SSE",3,"19A",NA,NA,"1988-02-01","1988-03-01",NA,NA,NA,100
"US1AKBC0004","SLEETMUTE 1.4 SSE",3,"19A",NA,NA,"1988-03-01","1988-04-01",NA,NA,NA,100
"US1AKBC0004","SLEETMUTE 1.4 SSE",3,"19A",NA,NA,"1988-04-01","1988-05-01",NA,NA,NA,100
"US1AKBC0004","SLEETMUTE 1.4 SSE",3,"19A",NA,NA,"1988-05-01","1988-06-01",NA,NA,NA,100
"US1AKBC0004","SLEETMUTE 1.4 SSE",3,"19A",NA,NA,"1988-06-01","1988-07-01",NA,NA,NA,100
"US1AKBC0004","SLEETMUTE 1.4 SSE",3,"19A",NA,NA,"1988-07-01","1988-08-01",NA,NA,NA,100
"US1AKBC0004","SLEETMUTE 1.4 SSE",3,"19A",NA,NA,"1988-08-01","1988-09-01",NA,NA,NA,100
"US1AKBC0004","SLEETMUTE 1.4 SSE",3,"19A",NA,NA,"1988-09-01","1988-10-01",NA,NA,NA,100
"US1AKBC0004","SLEETMUTE 1.4 SSE",3,"19A",NA,NA,"1988-10-01","1988-11-01",NA,NA,NA,100
"US1AKBC0004","SLEETMUTE 1.4 SSE",3,"19A",NA,NA,"1988-11-01","1988-12-01",NA,NA,NA,100
"US1AKBC0004","SLEETMUTE 1.4 SSE",3,"19A",NA,NA,"1988-12-01","1989-01-01",NA,NA,NA,100
"US1AKBC0004","SLEETMUTE 1.4 SSE",3,"19A",NA,NA,"1989-01-01","1989-02-01",NA,NA,NA,100
"US1AKBC0004","SLEETMUTE 1.4 SSE",3,"19A",NA,NA,"1989-02-01","1989-03-01",NA,NA,NA,100
"US1AKBC0004","SLEETMUTE 1.4 SSE",3,"19A",NA,NA,"1989-03-01","1989-04-01",NA,NA,NA,100
"US1AKBC0004","SLEETMUTE 1.4 SSE",3,"19A",NA,NA,"1989-04-01","1989-05-01",NA,NA,NA,100
"US1AKBC0004","SLEETMUTE 1.4 SSE",3,"19A",NA,NA,"1989-05-01","1989-06-01",NA,NA,NA,100
"US1AKBC0004","SLEETMUTE 1.4 SSE",3,"19A",NA,NA,"1989-06-01","1989-07-01",NA,NA,NA,100
"US1AKBC0004","SLEETMUTE 1.4 SSE",3,"19A",NA,NA,"1989-07-01","1989-08-01",NA,NA,NA,100
"US1AKBC0004","SLEETMUTE 1.4 SSE",3,"19A",NA,NA,"1989-08-01","1989-09-01",NA,NA,NA,100
"US1AKBC0004","SLEETMUTE 1.4 SSE",3,"19A",NA,NA,"1989-09-01","1989-10-01",NA,NA,NA,100
"US1AKBC0004","SLEETMUTE 1.4 SSE",3,"19A",NA,NA,"1989-10-01","1989-11-01",NA,NA,NA,100
"US1AKBC0004","SLEETMUTE 1.4 SSE",3,"19A",NA,NA,"1989-11-01","1989-12-01",NA,NA,NA,100
"US1AKBC0004","SLEETMUTE 1.4 SSE",3,"19A",NA,NA,"1989-12-01","1990-01-01",NA,NA,NA,100
"US1AKBC0004","SLEETMUTE 1.4 SSE",3,"19A",NA,NA,"1990-01-01","1990-02-01",NA,NA,NA,100
"US1AKBC0004","SLEETMUTE 1.4 SSE",3,"19A",NA,NA,"1990-02-01","1990-03-01",NA,NA,NA,100
"US1AKBC0004","SLEETMUTE 1.4 SSE",3,"19A",NA,NA,"1990-03-01","1990-04-01",NA,NA,NA,100
"US1AKBC0004","SLEETMUTE 1.4 SSE",3,"19A",NA,NA,"1990-04-01","1990-05-01",NA,NA,NA,100
"US1AKBC0004","SLEETMUTE 1.4 SSE",3,"19A",NA,NA,"1990-05-01","1990-06-01",NA,NA,NA,100
"US1AKBC0004","SLEETMUTE 1.4 SSE",3,"19A",NA,NA,"1990-06-01","1990-07-01",NA,NA,NA,100
"US1AKBC0004","SLEETMUTE 1.4 SSE",3,"19A",NA,NA,"1990-07-01","1990-08-01",NA,NA,NA,100
"US1AKBC0004","SLEETMUTE 1.4 SSE",3,"19A",NA,NA,"1990-08-01","1990-09-01",NA,NA,NA,100
"US1AKBC0004","SLEETMUTE 1.4 SSE",3,"19A",NA,NA,"1990-09-01","1990-10-01",NA,NA,NA,100
"US1AKBC0004","SLEETMUTE 1.4 SSE",3,"19A",NA,NA,"1990-10-01","1990-11-01",NA,NA,NA,100
"US1AKBC0004","SLEETMUTE 1.4 SSE",3,"19A",NA,NA,"1990-11-01","1990-12-01",NA,NA,NA,100
"US1AKBC0004","SLEETMUTE 1.4 SSE",3,"19A",NA,NA,"1990-12-01","1991-01-01",NA,NA,NA,100
"US1AKBC0004","SLEETMUTE 1.4 SSE",3,"19A",NA,NA,"1991-01-01","1991-02-01",NA,NA,NA,100
"US1AKBC0004","SLEETMUTE 1.4 SSE",3,"19A",NA,NA,"1991-02-01","1991-03-01",NA,NA,NA,100
"US1AKBC0004","SLEETMUTE 1.4 SSE",3,"19A",NA,NA,"1991-03-01","1991-04-01",NA,NA,NA,100
"US1AKBC0004","SLEETMUTE 1.4 SSE",3,"19A",NA,NA,"1991-04-01","1991-05-01",NA,NA,NA,100
"US1AKBC0004","SLEETMUTE 1.4 SSE",3,"19A",NA,NA,"1991-05-01","1991-06-01",NA,NA,NA,100
"US1AKBC0004","SLEETMUTE 1.4 SSE",3,"19A",NA,NA,"1991-06-01","1991-07-01",NA,NA,NA,100
"US1AKBC0004","SLEETMUTE 1.4 SSE",3,"19A",NA,NA,"1991-07-01","1991-08-01",NA,NA,NA,100
"US1AKBC0004","SLEETMUTE 1.4 SSE",3,"19A",NA,NA,"1991-08-01","1991-09-01",NA,NA,NA,100
"US1AKBC0004","SLEETMUTE 1.4 SSE",3,"19A",NA,NA,"1991-09-01","1991-10-01",NA,NA,NA,100
"US1AKBC0004","SLEETMUTE 1.4 SSE",3,"19A",NA,NA,"1991-10-01","1991-11-01",NA,NA,NA,100
"US1AKBC0004","SLEETMUTE 1.4 SSE",3,"19A",NA,NA,"1991-11-01","1991-12-01",NA,NA,NA,100
"US1AKBC0004","SLEETMUTE 1.4 SSE",3,"19A",NA,NA,"1991-12-01","1992-01-01",NA,NA,NA,100
"US1AKBC0004","SLEETMUTE 1.4 SSE",3,"19A",NA,NA,"1992-01-01","1992-02-01",NA,NA,NA,100
"US1AKBC0004","SLEETMUTE 1.4 SSE",3,"19A",NA,NA,"1992-02-01","1992-03-01",NA,NA,NA,100
"US1AKBC0004","SLEETMUTE 1.4 SSE",3,"19A",NA,NA,"1992-03-01","1992-04-01",NA,NA,NA,100
"US1AKBC0004","SLEETMUTE 1.4 SSE",3,"19A",NA,NA,"1992-04-01","1992-05-01",NA,NA,NA,100
"US1AKBC0004","SLEETMUTE 1.4 SSE",3,"19A",NA,NA,"1992-05-01","1992-06-01",NA,NA,NA,100
"US1AKBC0004","SLEETMUTE 1.4 SSE",3,"19A",NA,NA,"1992-06-01","1992-07-01",NA,NA,NA,100
"US1AKBC0004","SLEETMUTE 1.4 SSE",3,"19A",NA,NA,"1992-07-01","1992-08-01",NA,NA,NA,100
"US1AKBC0004","SLEETMUTE 1.4 SSE",3,"19A",NA,NA,"1992-08-01","1992-09-01",NA,NA,NA,100
"US1AKBC0004","SLEETMUTE 1.4 SSE",3,"19A",NA,NA,"1992-09-01","1992-10-01",NA,NA,NA,100
"US1AKBC0004","SLEETMUTE 1.4 SSE",3,"19A",NA,NA,"1992-10-01","1992-11-01",NA,NA,NA,100
"US1AKBC0004","SLEETMUTE 1.4 SSE",3,"19A",NA,NA,"1992-11-01","1992-12-01",NA,NA,NA,100
"US1AKBC0004","SLEETMUTE 1.4 SSE",3,"19A",NA,NA,"1992-12-01","1993-01-01",NA,NA,NA,100
"US1AKBC0004","SLEETMUTE 1.4 SSE",3,"19A",NA,NA,"1993-01-01","1993-02-01",NA,NA,NA,100
"US1AKBC0004","SLEETMUTE 1.4 SSE",3,"19A",NA,NA,"1993-02-01","1993-03-01",NA,NA,NA,100
"US1AKBC0004","SLEETMUTE 1.4 SSE",3,"19A",NA,NA,"1993-03-01","1993-04-01",NA,NA,NA,100
"US1AKBC0004","SLEETMUTE 1.4 SSE",3,"19A",NA,NA,"1993-04-01","1993-05-01",NA,NA,NA,100
"US1AKBC0004","SLEETMUTE 1.4 SSE",3,"19A",NA,NA,"1993-05-01","1993-06-01",NA,NA,NA,100
"US1AKBC0004","SLEETMUTE 1.4 SSE",3,"19A",NA,NA,"1993-06-01","1993-07-01",NA,NA,NA,100
"US1AKBC0004","SLEETMUTE 1.4 SSE",3,"19A",NA,NA,"1993-07-01","1993-08-01",NA,NA,NA,100
"US1AKBC0004","SLEETMUTE 1.4 SSE",3,"19A",NA,NA,"1993-08-01","1993-09-01",NA,NA,NA,100
"US1AKBC0004","SLEETMUTE 1.4 SSE",3,"19A",NA,NA,"1993-09-01","1993-10-01",NA,NA,NA,100
"US1AKBC0004","SLEETMUTE 1.4 SSE",3,"19A",NA,NA,"1993-10-01","1993-11-01",NA,NA,NA,100
"US1AKBC0004","SLEETMUTE 1.4 SSE",3,"19A",NA,NA,"1993-11-01","1993-12-01",NA,NA,NA,100
"US1AKBC0004","SLEETMUTE 1.4 SSE",3,"19A",NA,NA,"1993-12-01","1994-01-01",NA,NA,NA,100
"US1AKBC0004","SLEETMUTE 1.4 SSE",3,"19A",NA,NA,"1994-01-01","1994-02-01",NA,NA,NA,100
"US1AKBC0004","SLEETMUTE 1.4 SSE",3,"19A",NA,NA,"1994-02-01","1994-03-01",NA,NA,NA,100
"US1AKBC0004","SLEETMUTE 1.4 SSE",3,"19A",NA,NA,"1994-03-01","1994-04-01",NA,NA,NA,100
"US1AKBC0004","SLEETMUTE 1.4 SSE",3,"19A",NA,NA,"1994-04-01","1994-05-01",NA,NA,NA,100
"US1AKBC0004","SLEETMUTE 1.4 SSE",3,"19A",NA,NA,"1994-05-01","1994-06-01",NA,NA,NA,100
"US1AKBC0004","SLEETMUTE 1.4 SSE",3,"19A",NA,NA,"1994-06-01","1994-07-01",NA,NA,NA,100
"US1AKBC0004","SLEETMUTE 1.4 SSE",3,"19A",NA,NA,"1994-07-01","1994-08-01",NA,NA,NA,100
"US1AKBC0004","SLEETMUTE 1.4 SSE",3,"19A",NA,NA,"1994-08-01","1994-09-01",NA,NA,NA,100
"US1AKBC0004","SLEETMUTE 1.4 SSE",3,"19A",NA,NA,"1994-09-01","1994-10-01",NA,NA,NA,100
"US1AKBC0004","SLEETMUTE 1.4 SSE",3,"19A",NA,NA,"1994-10-01","1994-11-01",NA,NA,NA,100
"US1AKBC0004","SLEETMUTE 1.4 SSE",3,"19A",NA,NA,"1994-11-01","1994-12-01",NA,NA,NA,100
"US1AKBC0004","SLEETMUTE 1.4 SSE",3,"19A",NA,NA,"1994-12-01","1995-01-01",NA,NA,NA,100
"US1AKBC0004","SLEETMUTE 1.4 SSE",3,"19A",NA,NA,"1995-01-01","1995-02-01",NA,NA,NA,100
"US1AKBC0004","SLEETMUTE 1.4 SSE",3,"19A",NA,NA,"1995-02-01","1995-03-01",NA,NA,NA,100
"US1AKBC0004","SLEETMUTE 1.4 SSE",3,"19A",NA,NA,"1995-03-01","1995-04-01",NA,NA,NA,100
"US1AKBC0004","SLEETMUTE 1.4 SSE",3,"19A",NA,NA,"1995-04-01","1995-05-01",NA,NA,NA,100
"US1AKBC0004","SLEETMUTE 1.4 SSE",3,"19A",NA,NA,"1995-05-01","1995-06-01",NA,NA,NA,100
"US1AKBC0004","SLEETMUTE 1.4 SSE",3,"19A",NA,NA,"1995-06-01","1995-07-01",NA,NA,NA,100
"US1AKBC0004","SLEETMUTE 1.4 SSE",3,"19A",NA,NA,"1995-07-01","1995-08-01",NA,NA,NA,100
"US1AKBC0004","SLEETMUTE 1.4 SSE",3,"19A",NA,NA,"1995-08-01","1995-09-01",NA,NA,NA,100
"US1AKBC0004","SLEETMUTE 1.4 SSE",3,"19A",NA,NA,"1995-09-01","1995-10-01",NA,NA,NA,100
"US1AKBC0004","SLEETMUTE 1.4 SSE",3,"19A",NA,NA,"1995-10-01","1995-11-01",NA,NA,NA,100
"US1AKBC0004","SLEETMUTE 1.4 SSE",3,"19A",NA,NA,"1995-11-01","1995-12-01",NA,NA,NA,100
"US1AKBC0004","SLEETMUTE 1.4 SSE",3,"19A",NA,NA,"1995-12-01","1996-01-01",NA,NA,NA,100
"US1AKBC0004","SLEETMUTE 1.4 SSE",3,"19A",NA,NA,"1996-01-01","1996-02-01",NA,NA,NA,100
"US1AKBC0004","SLEETMUTE 1.4 SSE",3,"19A",NA,NA,"1996-02-01","1996-03-01",NA,NA,NA,100
"US1AKBC0004","SLEETMUTE 1.4 SSE",3,"19A",NA,NA,"1996-03-01","1996-04-01",NA,NA,NA,100
"US1AKBC0004","SLEETMUTE 1.4 SSE",3,"19A",NA,NA,"1996-04-01","1996-05-01",NA,NA,NA,100
"US1AKBC0004","SLEETMUTE 1.4 SSE",3,"19A",NA,NA,"1996-05-01","1996-06-01",NA,NA,NA,100
"US1AKBC0004","SLEETMUTE 1.4 SSE",3,"19A",NA,NA,"1996-06-01","1996-07-01",NA,NA,NA,100
"US1AKBC0004","SLEETMUTE 1.4 SSE",3,"19A",NA,NA,"1996-07-01","1996-08-01",NA,NA,NA,100
"US1AKBC0004","SLEETMUTE 1.4 SSE",3,"19A",NA,NA,"1996-08-01","1996-09-01",NA,NA,NA,100
"US1AKBC0004","SLEETMUTE 1.4 SSE",3,"19A",NA,NA,"1996-09-01","1996-10-01",NA,NA,NA,100
"US1AKBC0004","SLEETMUTE 1.4 SSE",3,"19A",NA,NA,"1996-10-01","1996-11-01",NA,NA,NA,100
"US1AKBC0004","SLEETMUTE 1.4 SSE",3,"19A",NA,NA,"1996-11-01","1996-12-01",NA,NA,NA,100
"US1AKBC0004","SLEETMUTE 1.4 SSE",3,"19A",NA,NA,"1996-12-01","1997-01-01",NA,NA,NA,100
"US1AKBC0004","SLEETMUTE 1.4 SSE",3,"19A",NA,NA,"1997-01-01","1997-02-01",NA,NA,NA,100
"US1AKBC0004","SLEETMUTE 1.4 SSE",3,"19A",NA,NA,"1997-02-01","1997-03-01",NA,NA,NA,100
"US1AKBC0004","SLEETMUTE 1.4 SSE",3,"19A",NA,NA,"1997-03-01","1997-04-01",NA,NA,NA,100
"US1AKBC0004","SLEETMUTE 1.4 SSE",3,"19A",NA,NA,"1997-04-01","1997-05-01",NA,NA,NA,100
"US1AKBC0004","SLEETMUTE 1.4 SSE",3,"19A",NA,NA,"1997-05-01","1997-06-01",NA,NA,NA,100
"US1AKBC0004","SLEETMUTE 1.4 SSE",3,"19A",NA,NA,"1997-06-01","1997-07-01",NA,NA,NA,100
"US1AKBC0004","SLEETMUTE 1.4 SSE",3,"19A",NA,NA,"1997-07-01","1997-08-01",NA,NA,NA,100
"US1AKBC0004","SLEETMUTE 1.4 SSE",3,"19A",NA,NA,"1997-08-01","1997-09-01",NA,NA,NA,100
"US1AKBC0004","SLEETMUTE 1.4 SSE",3,"19A",NA,NA,"1997-09-01","1997-10-01",NA,NA,NA,100
"US1AKBC0004","SLEETMUTE 1.4 SSE",3,"19A",NA,NA,"1997-10-01","1997-11-01",NA,NA,NA,100
"US1AKBC0004","SLEETMUTE 1.4 SSE",3,"19A",NA,NA,"1997-11-01","1997-12-01",NA,NA,NA,100
"US1AKBC0004","SLEETMUTE 1.4 SSE",3,"19A",NA,NA,"1997-12-01","1998-01-01",NA,NA,NA,100
"US1AKBC0004","SLEETMUTE 1.4 SSE",3,"19A",NA,NA,"1998-01-01","1998-02-01",NA,NA,NA,100
"US1AKBC0004","SLEETMUTE 1.4 SSE",3,"19A",NA,NA,"1998-02-01","1998-03-01",NA,NA,NA,100
"US1AKBC0004","SLEETMUTE 1.4 SSE",3,"19A",NA,NA,"1998-03-01","1998-04-01",NA,NA,NA,100
"US1AKBC0004","SLEETMUTE 1.4 SSE",3,"19A",NA,NA,"1998-04-01","1998-05-01",NA,NA,NA,100
"US1AKBC0004","SLEETMUTE 1.4 SSE",3,"19A",NA,NA,"1998-05-01","1998-06-01",NA,NA,NA,100
"US1AKBC0004","SLEETMUTE 1.4 SSE",3,"19A",NA,NA,"1998-06-01","1998-07-01",NA,NA,NA,100
"US1AKBC0004","SLEETMUTE 1.4 SSE",3,"19A",NA,NA,"1998-07-01","1998-08-01",NA,NA,NA,100
"US1AKBC0004","SLEETMUTE 1.4 SSE",3,"19A",NA,NA,"1998-08-01","1998-09-01",NA,NA,NA,100
"US1AKBC0004","SLEETMUTE 1.4 SSE",3,"19A",NA,NA,"1998-09-01","1998-10-01",NA,NA,NA,100
"US1AKBC0004","SLEETMUTE 1.4 SSE",3,"19A",NA,NA,"1998-10-01","1998-11-01",NA,NA,NA,100
"US1AKBC0004","SLEETMUTE 1.4 SSE",3,"19A",NA,NA,"1998-11-01","1998-12-01",NA,NA,NA,100
"US1AKBC0004","SLEETMUTE 1.4 SSE",3,"19A",NA,NA,"1998-12-01","1999-01-01",NA,NA,NA,100
"US1AKBC0004","SLEETMUTE 1.4 SSE",3,"19A",NA,NA,"1999-01-01","1999-02-01",NA,NA,NA,100
"US1AKBC0004","SLEETMUTE 1.4 SSE",3,"19A",NA,NA,"1999-02-01","1999-03-01",NA,NA,NA,100
"US1AKBC0004","SLEETMUTE 1.4 SSE",3,"19A",NA,NA,"1999-03-01","1999-04-01",NA,NA,NA,100
"US1AKBC0004","SLEETMUTE 1.4 SSE",3,"19A",NA,NA,"1999-04-01","1999-05-01",NA,NA,NA,100
"US1AKBC0004","SLEETMUTE 1.4 SSE",3,"19A",NA,NA,"1999-05-01","1999-06-01",NA,NA,NA,100
"US1AKBC0004","SLEETMUTE 1.4 SSE",3,"19A",NA,NA,"1999-06-01","1999-07-01",NA,NA,NA,100
"US1AKBC0004","SLEETMUTE 1.4 SSE",3,"19A",NA,NA,"1999-07-01","1999-08-01",NA,NA,NA,100
"US1AKBC0004","SLEETMUTE 1.4 SSE",3,"19A",NA,NA,"1999-08-01","1999-09-01",NA,NA,NA,100
"US1AKBC0004","SLEETMUTE 1.4 SSE",3,"19A",NA,NA,"1999-09-01","1999-10-01",NA,NA,NA,100
"US1AKBC0004","SLEETMUTE 1.4 SSE",3,"19A",NA,NA,"1999-10-01","1999-11-01",NA,NA,NA,100
"US1AKBC0004","SLEETMUTE 1.4 SSE",3,"19A",NA,NA,"1999-11-01","1999-12-01",NA,NA,NA,100
"US1AKBC0004","SLEETMUTE 1.4 SSE",3,"19A",NA,NA,"1999-12-01","2000-01-01",NA,NA,NA,100
"US1AKBC0004","SLEETMUTE 1.4 SSE",3,"19A",NA,NA,"2000-01-01","2000-02-01",NA,NA,NA,100
"US1AKBC0004","SLEETMUTE 1.4 SSE",3,"19A",NA,NA,"2000-02-01","2000-03-01",NA,NA,NA,100
"US1AKBC0004","SLEETMUTE 1.4 SSE",3,"19A",NA,NA,"2000-03-01","2000-04-01",NA,NA,NA,100
"US1AKBC0004","SLEETMUTE 1.4 SSE",3,"19A",NA,NA,"2000-04-01","2000-05-01",NA,NA,NA,100
"US1AKBC0004","SLEETMUTE 1.4 SSE",3,"19A",NA,NA,"2000-05-01","2000-06-01",NA,NA,NA,100
"US1AKBC0004","SLEETMUTE 1.4 SSE",3,"19A",NA,NA,"2000-06-01","2000-07-01",NA,NA,NA,100
"US1AKBC0004","SLEETMUTE 1.4 SSE",3,"19A",NA,NA,"2000-07-01","2000-08-01",NA,NA,NA,100
"US1AKBC0004","SLEETMUTE 1.4 SSE",3,"19A",NA,NA,"2000-08-01","2000-09-01",NA,NA,NA,100
"US1AKBC0004","SLEETMUTE 1.4 SSE",3,"19A",NA,NA,"2000-09-01","2000-10-01",NA,NA,NA,100
"US1AKBC0004","SLEETMUTE 1.4 SSE",3,"19A",NA,NA,"2000-10-01","2000-11-01",NA,NA,NA,100
"US1AKBC0004","SLEETMUTE 1.4 SSE",3,"19A",NA,NA,"2000-11-01","2000-12-01",NA,NA,NA,100
"US1AKBC0004","SLEETMUTE 1.4 SSE",3,"19A",NA,NA,"2000-12-01","2001-01-01",NA,NA,NA,100
"US1AKBC0004","SLEETMUTE 1.4 SSE",3,"19A",NA,NA,"2001-01-01","2001-02-01",NA,NA,NA,100
"US1AKBC0004","SLEETMUTE 1.4 SSE",3,"19A",NA,NA,"2001-02-01","2001-03-01",NA,NA,NA,100
"US1AKBC0004","SLEETMUTE 1.4 SSE",3,"19A",NA,NA,"2001-03-01","2001-04-01",NA,NA,NA,100
"US1AKBC0004","SLEETMUTE 1.4 SSE",3,"19A",NA,NA,"2001-04-01","2001-05-01",NA,NA,NA,100
"US1AKBC0004","SLEETMUTE 1.4 SSE",3,"19A",NA,NA,"2001-05-01","2001-06-01",NA,NA,NA,100
"US1AKBC0004","SLEETMUTE 1.4 SSE",3,"19A",NA,NA,"2001-06-01","2001-07-01",NA,NA,NA,100
"US1AKBC0004","SLEETMUTE 1.4 SSE",3,"19A",NA,NA,"2001-07-01","2001-08-01",NA,NA,NA,100
"US1AKBC0004","SLEETMUTE 1.4 SSE",3,"19A",NA,NA,"2001-08-01","2001-09-01",NA,NA,NA,100
"US1AKBC0004","SLEETMUTE 1.4 SSE",3,"19A",NA,NA,"2001-09-01","2001-10-01",NA,NA,NA,100
"US1AKBC0004","SLEETMUTE 1.4 SSE",3,"19A",NA,NA,"2001-10-01","2001-11-01",NA,NA,NA,100
"US1AKBC0004","SLEETMUTE 1.4 SSE",3,"19A",NA,NA,"2001-11-01","2001-12-01",NA,NA,NA,100
"US1AKBC0004","SLEETMUTE 1.4 SSE",3,"19A",NA,NA,"2001-12-01","2002-01-01",NA,NA,NA,100
"US1AKBC0004","SLEETMUTE 1.4 SSE",3,"19A",NA,NA,"2002-01-01","2002-02-01",NA,NA,NA,100
"US1AKBC0004","SLEETMUTE 1.4 SSE",3,"19A",NA,NA,"2002-02-01","2002-03-01",NA,NA,NA,100
"US1AKBC0004","SLEETMUTE 1.4 SSE",3,"19A",NA,NA,"2002-03-01","2002-04-01",NA,NA,NA,100
"US1AKBC0004","SLEETMUTE 1.4 SSE",3,"19A",NA,NA,"2002-04-01","2002-05-01",NA,NA,NA,100
"US1AKBC0004","SLEETMUTE 1.4 SSE",3,"19A",NA,NA,"2002-05-01","2002-06-01",NA,NA,NA,100
"US1AKBC0004","SLEETMUTE 1.4 SSE",3,"19A",NA,NA,"2002-06-01","2002-07-01",NA,NA,NA,100
"US1AKBC0004","SLEETMUTE 1.4 SSE",3,"19A",NA,NA,"2002-07-01","2002-08-01",NA,NA,NA,100
"US1AKBC0004","SLEETMUTE 1.4 SSE",3,"19A",NA,NA,"2002-08-01","2002-09-01",NA,NA,NA,100
"US1AKBC0004","SLEETMUTE 1.4 SSE",3,"19A",NA,NA,"2002-09-01","2002-10-01",NA,NA,NA,100
"US1AKBC0004","SLEETMUTE 1.4 SSE",3,"19A",NA,NA,"2002-10-01","2002-11-01",NA,NA,NA,100
"US1AKBC0004","SLEETMUTE 1.4 SSE",3,"19A",NA,NA,"2002-11-01","2002-12-01",NA,NA,NA,100
"US1AKBC0004","SLEETMUTE 1.4 SSE",3,"19A",NA,NA,"2002-12-01","2003-01-01",NA,NA,NA,100
"US1AKBC0004","SLEETMUTE 1.4 SSE",3,"19A",NA,NA,"2003-01-01","2003-02-01",NA,NA,NA,100
"US1AKBC0004","SLEETMUTE 1.4 SSE",3,"19A",NA,NA,"2003-02-01","2003-03-01",NA,NA,NA,100
"US1AKBC0004","SLEETMUTE 1.4 SSE",3,"19A",NA,NA,"2003-03-01","2003-04-01",NA,NA,NA,100
"US1AKBC0004","SLEETMUTE 1.4 SSE",3,"19A",NA,NA,"2003-04-01","2003-05-01",NA,NA,NA,100
"US1AKBC0004","SLEETMUTE 1.4 SSE",3,"19A",NA,NA,"2003-05-01","2003-06-01",NA,NA,NA,100
"US1AKBC0004","SLEETMUTE 1.4 SSE",3,"19A",NA,NA,"2003-06-01","2003-07-01",NA,NA,NA,100
"US1AKBC0004","SLEETMUTE 1.4 SSE",3,"19A",NA,NA,"2003-07-01","2003-08-01",NA,NA,NA,100
"US1AKBC0004","SLEETMUTE 1.4 SSE",3,"19A",NA,NA,"2003-08-01","2003-09-01",NA,NA,NA,100
"US1AKBC0004","SLEETMUTE 1.4 SSE",3,"19A",NA,NA,"2003-09-01","2003-10-01",NA,NA,NA,100
"US1AKBC0004","SLEETMUTE 1.4 SSE",3,"19A",NA,NA,"2003-10-01","2003-11-01",NA,NA,NA,100
"US1AKBC0004","SLEETMUTE 1.4 SSE",3,"19A",NA,NA,"2003-11-01","2003-12-01",NA,NA,NA,100
"US1AKBC0004","SLEETMUTE 1.4 SSE",3,"19A",NA,NA,"2003-12-01","2004-01-01",NA,NA,NA,100
"US1AKBC0004","SLEETMUTE 1.4 SSE",3,"19A",NA,NA,"2004-01-01","2004-02-01",NA,NA,NA,100
"US1AKBC0004","SLEETMUTE 1.4 SSE",3,"19A",NA,NA,"2004-02-01","2004-03-01",NA,NA,NA,100
"US1AKBC0004","SLEETMUTE 1.4 SSE",3,"19A",NA,NA,"2004-03-01","2004-04-01",NA,NA,NA,100
"US1AKBC0004","SLEETMUTE 1.4 SSE",3,"19A",NA,NA,"2004-04-01","2004-05-01",NA,NA,NA,100
"US1AKBC0004","SLEETMUTE 1.4 SSE",3,"19A",NA,NA,"2004-05-01","2004-06-01",NA,NA,NA,100
"US1AKBC0004","SLEETMUTE 1.4 SSE",3,"19A",NA,NA,"2004-06-01","2004-07-01",NA,NA,NA,100
"US1AKBC0004","SLEETMUTE 1.4 SSE",3,"19A",NA,NA,"2004-07-01","2004-08-01",NA,NA,NA,100
"US1AKBC0004","SLEETMUTE 1.4 SSE",3,"19A",NA,NA,"2004-08-01","2004-09-01",NA,NA,NA,100
"US1AKBC0004","SLEETMUTE 1.4 SSE",3,"19A",NA,NA,"2004-09-01","2004-10-01",NA,NA,NA,100
"US1AKBC0004","SLEETMUTE 1.4 SSE",3,"19A",NA,NA,"2004-10-01","2004-11-01",NA,NA,NA,100
"US1AKBC0004","SLEETMUTE 1.4 SSE",3,"19A",NA,NA,"2004-11-01","2004-12-01",NA,NA,NA,100
"US1AKBC0004","SLEETMUTE 1.4 SSE",3,"19A",NA,NA,"2004-12-01","2005-01-01",NA,NA,NA,100
"US1AKBC0004","SLEETMUTE 1.4 SSE",3,"19A",NA,NA,"2005-01-01","2005-02-01",NA,NA,NA,100
"US1AKBC0004","SLEETMUTE 1.4 SSE",3,"19A",NA,NA,"2005-02-01","2005-03-01",NA,NA,NA,100
"US1AKBC0004","SLEETMUTE 1.4 SSE",3,"19A",NA,NA,"2005-03-01","2005-04-01",NA,NA,NA,100
"US1AKBC0004","SLEETMUTE 1.4 SSE",3,"19A",NA,NA,"2005-04-01","2005-05-01",NA,NA,NA,100
"US1AKBC0004","SLEETMUTE 1.4 SSE",3,"19A",NA,NA,"2005-05-01","2005-06-01",NA,NA,NA,100
"US1AKBC0004","SLEETMUTE 1.4 SSE",3,"19A",NA,NA,"2005-06-01","2005-07-01",NA,NA,NA,100
"US1AKBC0004","SLEETMUTE 1.4 SSE",3,"19A",NA,NA,"2005-07-01","2005-08-01",NA,NA,NA,100
"US1AKBC0004","SLEETMUTE 1.4 SSE",3,"19A",NA,NA,"2005-08-01","2005-09-01",NA,NA,NA,100
"US1AKBC0004","SLEETMUTE 1.4 SSE",3,"19A",NA,NA,"2005-09-01","2005-10-01",NA,NA,NA,100
"US1AKBC0004","SLEETMUTE 1.4 SSE",3,"19A",NA,NA,"2005-10-01","2005-11-01",NA,NA,NA,100
"US1AKBC0004","SLEETMUTE 1.4 SSE",3,"19A",NA,NA,"2005-11-01","2005-12-01",NA,NA,NA,100
"US1AKBC0004","SLEETMUTE 1.4 SSE",3,"19A",NA,NA,"2005-12-01","2006-01-01",NA,NA,NA,100
"US1AKBC0004","SLEETMUTE 1.4 SSE",3,"19A",NA,NA,"2006-01-01","2006-02-01",NA,NA,NA,100
"US1AKBC0004","SLEETMUTE 1.4 SSE",3,"19A",NA,NA,"2006-02-01","2006-03-01",NA,NA,NA,100
"US1AKBC0004","SLEETMUTE 1.4 SSE",3,"19A",NA,NA,"2006-03-01","2006-04-01",NA,NA,NA,100
"US1AKBC0004","SLEETMUTE 1.4 SSE",3,"19A",NA,NA,"2006-04-01","2006-05-01",NA,NA,NA,100
"US1AKBC0004","SLEETMUTE 1.4 SSE",3,"19A",NA,NA,"2006-05-01","2006-06-01",NA,NA,NA,100
"US1AKBC0004","SLEETMUTE 1.4 SSE",3,"19A",NA,NA,"2006-06-01","2006-07-01",NA,NA,NA,100
"US1AKBC0004","SLEETMUTE 1.4 SSE",3,"19A",NA,NA,"2006-07-01","2006-08-01",NA,NA,NA,100
"US1AKBC0004","SLEETMUTE 1.4 SSE",3,"19A",NA,NA,"2006-08-01","2006-09-01",NA,NA,NA,100
"US1AKBC0004","SLEETMUTE 1.4 SSE",3,"19A",NA,NA,"2006-09-01","2006-10-01",NA,NA,NA,100
"US1AKBC0004","SLEETMUTE 1.4 SSE",3,"19A",NA,NA,"2006-10-01","2006-11-01",NA,NA,NA,100
"US1AKBC0004","SLEETMUTE 1.4 SSE",3,"19A",NA,NA,"2006-11-01","2006-12-01",NA,NA,NA,100
"US1AKBC0004","SLEETMUTE 1.4 SSE",3,"19A",NA,NA,"2006-12-01","2007-01-01",NA,NA,NA,100
"US1AKBC0004","SLEETMUTE 1.4 SSE",3,"19A",NA,NA,"2007-01-01","2007-02-01",NA,NA,NA,100
"US1AKBC0004","SLEETMUTE 1.4 SSE",3,"19A",NA,NA,"2007-02-01","2007-03-01",NA,NA,NA,100
"US1AKBC0004","SLEETMUTE 1.4 SSE",3,"19A",NA,NA,"2007-03-01","2007-04-01",NA,NA,NA,100
"US1AKBC0004","SLEETMUTE 1.4 SSE",3,"19A",NA,NA,"2007-04-01","2007-05-01",NA,NA,NA,100
"US1AKBC0004","SLEETMUTE 1.4 SSE",3,"19A",NA,NA,"2007-05-01","2007-06-01",NA,NA,NA,100
"US1AKBC0004","SLEETMUTE 1.4 SSE",3,"19A",NA,NA,"2007-06-01","2007-07-01",NA,NA,NA,100
"US1AKBC0004","SLEETMUTE 1.4 SSE",3,"19A",NA,NA,"2007-07-01","2007-08-01",NA,NA,NA,100
"US1AKBC0004","SLEETMUTE 1.4 SSE",3,"19A",NA,NA,"2007-08-01","2007-09-01",NA,NA,NA,100
"US1AKBC0004","SLEETMUTE 1.4 SSE",3,"19A",NA,NA,"2007-09-01","2007-10-01",NA,NA,NA,100
"US1AKBC0004","SLEETMUTE 1.4 SSE",3,"19A",NA,NA,"2007-10-01","2007-11-01",NA,NA,NA,100
"US1AKBC0004","SLEETMUTE 1.4 SSE",3,"19A",NA,NA,"2007-11-01","2007-12-01",NA,NA,NA,100
"US1AKBC0004","SLEETMUTE 1.4 SSE",3,"19A",NA,NA,"2007-12-01","2008-01-01",NA,NA,NA,100
"US1AKBC0004","SLEETMUTE 1.4 SSE",3,"19A",NA,NA,"2008-01-01","2008-02-01",NA,NA,NA,100
"US1AKBC0004","SLEETMUTE 1.4 SSE",3,"19A",NA,NA,"2008-02-01","2008-03-01",NA,NA,NA,100
"US1AKBC0004","SLEETMUTE 1.4 SSE",3,"19A",NA,NA,"2008-03-01","2008-04-01",NA,NA,NA,100
"US1AKBC0004","SLEETMUTE 1.4 SSE",3,"19A",NA,NA,"2008-04-01","2008-05-01",NA,NA,NA,100
"US1AKBC0004","SLEETMUTE 1.4 SSE",3,"19A",NA,NA,"2008-05-01","2008-06-01",NA,NA,NA,100
"US1AKBC0004","SLEETMUTE 1.4 SSE",3,"19A",NA,NA,"2008-06-01","2008-07-01",NA,NA,NA,100
"US1AKBC0004","SLEETMUTE 1.4 SSE",3,"19A",NA,NA,"2008-07-01","2008-08-01",NA,NA,NA,100
"US1AKBC0004","SLEETMUTE 1.4 SSE",3,"19A",NA,NA,"2008-08-01","2008-09-01",NA,NA,NA,100
"US1AKBC0004","SLEETMUTE 1.4 SSE",3,"19A",NA,NA,"2008-09-01","2008-10-01",NA,NA,NA,100
"US1AKBC0004","SLEETMUTE 1.4 SSE",3,"19A","2008","10","2008-10-01","2008-11-01",6.8503937007874,5,7.51968503937008,74
"US1AKBC0004","SLEETMUTE 1.4 SSE",3,"19A","2008","11","2008-11-01","2008-12-01",10.5150918635171,6.61417322834646,16.1811023622047,60
"US1AKBC0004","SLEETMUTE 1.4 SSE",3,"19A","2008","12","2008-12-01","2009-01-01",18.7839020122485,15.9055118110236,20.9842519685039,71
"US1AKBC0004","SLEETMUTE 1.4 SSE",3,"19A","2009","01","2009-01-01","2009-02-01",26.7931281317108,24.0157480314961,32.9133858267717,65
"US1AKBC0004","SLEETMUTE 1.4 SSE",3,"19A","2009","02","2009-02-01","2009-03-01",31.8061023622047,21.2992125984252,39.0157480314961,43
"US1AKBC0004","SLEETMUTE 1.4 SSE",3,"19A","2009","03","2009-03-01","2009-04-01",38.9457567804024,27.992125984252,47.5196850393701,71
"US1AKBC0004","SLEETMUTE 1.4 SSE",3,"19A",NA,NA,"2009-04-01","2009-05-01",NA,NA,NA,100
"US1AKBC0004","SLEETMUTE 1.4 SSE",3,"19A",NA,NA,"2009-05-01","2009-06-01",NA,NA,NA,100
"US1AKBC0004","SLEETMUTE 1.4 SSE",3,"19A",NA,NA,"2009-06-01","2009-07-01",NA,NA,NA,100
"US1AKBC0004","SLEETMUTE 1.4 SSE",3,"19A",NA,NA,"2009-07-01","2009-08-01",NA,NA,NA,100
"US1AKBC0004","SLEETMUTE 1.4 SSE",3,"19A",NA,NA,"2009-08-01","2009-09-01",NA,NA,NA,100
"US1AKBC0004","SLEETMUTE 1.4 SSE",3,"19A","2009","09","2009-09-01","2009-10-01",1.49606299212598,1.49606299212598,1.49606299212598,97
"US1AKBC0004","SLEETMUTE 1.4 SSE",3,"19A",NA,NA,"2009-10-01","2009-11-01",NA,NA,NA,100
"US1AKBC0004","SLEETMUTE 1.4 SSE",3,"19A","2009","11","2009-11-01","2009-12-01",12.007874015748,12.007874015748,12.007874015748,97
"US1AKBC0004","SLEETMUTE 1.4 SSE",3,"19A","2009","12","2009-12-01","2010-01-01",11.8700787401575,10,14.8031496062992,74
"US1AKBC0004","SLEETMUTE 1.4 SSE",3,"19A","2010","01","2010-01-01","2010-02-01",12.7165354330709,12.7165354330709,12.7165354330709,97
"US1AKBC0004","SLEETMUTE 1.4 SSE",3,"19A","2010","02","2010-02-01","2010-03-01",12.9448818897638,11.496062992126,15.9842519685039,82
"US1AKBC0004","SLEETMUTE 1.4 SSE",3,"19A","2010","03","2010-03-01","2010-04-01",19.6259842519685,13.7007874015748,24.6850393700787,68
"US1AKBC0004","SLEETMUTE 1.4 SSE",3,"19A","2010","04","2010-04-01","2010-05-01",16.8110236220472,16.8110236220472,16.8110236220472,97
"US1AKBC0004","SLEETMUTE 1.4 SSE",3,"19A","2010","05","2010-05-01","2010-06-01",4.01574803149606,4.01574803149606,4.01574803149606,97
"US1AKBC0004","SLEETMUTE 1.4 SSE",3,"19A",NA,NA,"2010-06-01","2010-07-01",NA,NA,NA,100
"US1AKBC0004","SLEETMUTE 1.4 SSE",3,"19A",NA,NA,"2010-07-01","2010-08-01",NA,NA,NA,100
"US1AKBC0004","SLEETMUTE 1.4 SSE",3,"19A",NA,NA,"2010-08-01","2010-09-01",NA,NA,NA,100
"US1AKBC0004","SLEETMUTE 1.4 SSE",3,"19A","2010","09","2010-09-01","2010-10-01",1.81102362204724,1.81102362204724,1.81102362204724,97
"US1AKBC0004","SLEETMUTE 1.4 SSE",3,"19A","2010","10","2010-10-01","2010-11-01",1.40157480314961,0,5,68
"US1AKBC0004","SLEETMUTE 1.4 SSE",3,"19A","2010","11","2010-11-01","2010-12-01",5.62007874015748,5,6.49606299212598,87
"US1AKBC0004","SLEETMUTE 1.4 SSE",3,"19A","2010","12","2010-12-01","2011-01-01",10.0393700787402,5,12.7165354330709,68
"US1AKBC0004","SLEETMUTE 1.4 SSE",3,"19A","2011","01","2011-01-01","2011-02-01",18.7007874015748,18.7007874015748,18.7007874015748,97
"US1AKBC0004","SLEETMUTE 1.4 SSE",3,"19A","2011","02","2011-02-01","2011-03-01",21.3143549364022,18.503937007874,25.511811023622,54
"US1AKBC0004","SLEETMUTE 1.4 SSE",3,"19A","2011","03","2011-03-01","2011-04-01",21.3976377952756,20,22.7952755905512,94
"US1AKBC0004","SLEETMUTE 1.4 SSE",3,"19A","2011","04","2011-04-01","2011-05-01",21.6666666666667,20,24.0157480314961,90
"US1AKBC0004","SLEETMUTE 1.4 SSE",3,"19A",NA,NA,"2011-05-01","2011-06-01",NA,NA,NA,100
"US1AKBC0004","SLEETMUTE 1.4 SSE",3,"19A",NA,NA,"2011-06-01","2011-07-01",NA,NA,NA,100
"US1AKBC0004","SLEETMUTE 1.4 SSE",3,"19A",NA,NA,"2011-07-01","2011-08-01",NA,NA,NA,100
"US1AKBC0004","SLEETMUTE 1.4 SSE",3,"19A",NA,NA,"2011-08-01","2011-09-01",NA,NA,NA,100
"US1AKBC0004","SLEETMUTE 1.4 SSE",3,"19A",NA,NA,"2011-09-01","2011-10-01",NA,NA,NA,100
"US1AKBC0004","SLEETMUTE 1.4 SSE",3,"19A","2011","10","2011-10-01","2011-11-01",5.2755905511811,0.984251968503937,10,87
"US1AKBC0004","SLEETMUTE 1.4 SSE",3,"19A","2011","11","2011-11-01","2011-12-01",15.3280839895013,14.2913385826772,15.9842519685039,90
"US1AKBC0004","SLEETMUTE 1.4 SSE",3,"19A","2011","12","2011-12-01","2012-01-01",30.2362204724409,29.488188976378,30.9842519685039,94
"US1AKBC0004","SLEETMUTE 1.4 SSE",3,"19A",NA,NA,"2012-01-01","2012-02-01",NA,NA,NA,100
"US1AKBC0004","SLEETMUTE 1.4 SSE",3,"19A",NA,NA,"2012-02-01","2012-03-01",NA,NA,NA,100
"US1AKBC0004","SLEETMUTE 1.4 SSE",3,"19A",NA,NA,"2012-03-01","2012-04-01",NA,NA,NA,100
"US1AKBC0004","SLEETMUTE 1.4 SSE",3,"19A",NA,NA,"2012-04-01","2012-05-01",NA,NA,NA,100
"US1AKBC0004","SLEETMUTE 1.4 SSE",3,"19A",NA,NA,"2012-05-01","2012-06-01",NA,NA,NA,100
"US1AKBC0004","SLEETMUTE 1.4 SSE",3,"19A",NA,NA,"2012-06-01","2012-07-01",NA,NA,NA,100
"US1AKBC0004","SLEETMUTE 1.4 SSE",3,"19A",NA,NA,"2012-07-01","2012-08-01",NA,NA,NA,100
"US1AKBC0004","SLEETMUTE 1.4 SSE",3,"19A",NA,NA,"2012-08-01","2012-09-01",NA,NA,NA,100
"US1AKBC0004","SLEETMUTE 1.4 SSE",3,"19A",NA,NA,"2012-09-01","2012-10-01",NA,NA,NA,100
"US1AKBC0004","SLEETMUTE 1.4 SSE",3,"19A","2012","10","2012-10-01","2012-11-01",1.10236220472441,1.10236220472441,1.10236220472441,97
"US1AKBC0004","SLEETMUTE 1.4 SSE",3,"19A","2012","11","2012-11-01","2012-12-01",3.28740157480315,0.78740157480315,5.78740157480315,93
"US1AKBC0004","SLEETMUTE 1.4 SSE",3,"19A",NA,NA,"2012-12-01","2013-01-01",NA,NA,NA,100
"US1AKBC0004","SLEETMUTE 1.4 SSE",3,"19A",NA,NA,"2013-01-01","2013-02-01",NA,NA,NA,100
"US1AKBC0004","SLEETMUTE 1.4 SSE",3,"19A",NA,NA,"2013-02-01","2013-03-01",NA,NA,NA,100
"US1AKBC0004","SLEETMUTE 1.4 SSE",3,"19A",NA,NA,"2013-03-01","2013-04-01",NA,NA,NA,100
"US1AKBC0004","SLEETMUTE 1.4 SSE",3,"19A",NA,NA,"2013-04-01","2013-05-01",NA,NA,NA,100
"US1AKBC0004","SLEETMUTE 1.4 SSE",3,"19A",NA,NA,"2013-05-01","2013-06-01",NA,NA,NA,100
"US1AKBC0004","SLEETMUTE 1.4 SSE",3,"19A",NA,NA,"2013-06-01","2013-07-01",NA,NA,NA,100
"US1AKBC0004","SLEETMUTE 1.4 SSE",3,"19A",NA,NA,"2013-07-01","2013-08-01",NA,NA,NA,100
"US1AKBC0004","SLEETMUTE 1.4 SSE",3,"19A",NA,NA,"2013-08-01","2013-09-01",NA,NA,NA,100
"US1AKBC0004","SLEETMUTE 1.4 SSE",3,"19A",NA,NA,"2013-09-01","2013-10-01",NA,NA,NA,100
"US1AKBC0004","SLEETMUTE 1.4 SSE",3,"19A",NA,NA,"2013-10-01","2013-11-01",NA,NA,NA,100
"US1AKBC0004","SLEETMUTE 1.4 SSE",3,"19A","2013","11","2013-11-01","2013-12-01",1.49606299212598,1.49606299212598,1.49606299212598,97
"US1AKBC0004","SLEETMUTE 1.4 SSE",3,"19A",NA,NA,"2013-12-01","2014-01-01",NA,NA,NA,100
"US1AKBC0004","SLEETMUTE 1.4 SSE",3,"19A",NA,NA,"2014-01-01","2014-02-01",NA,NA,NA,100
"US1AKBC0004","SLEETMUTE 1.4 SSE",3,"19A",NA,NA,"2014-02-01","2014-03-01",NA,NA,NA,100
"US1AKBC0004","SLEETMUTE 1.4 SSE",3,"19A",NA,NA,"2014-03-01","2014-04-01",NA,NA,NA,100
"US1AKBC0004","SLEETMUTE 1.4 SSE",3,"19A",NA,NA,"2014-04-01","2014-05-01",NA,NA,NA,100
"US1AKBC0004","SLEETMUTE 1.4 SSE",3,"19A",NA,NA,"2014-05-01","2014-06-01",NA,NA,NA,100
"US1AKBC0004","SLEETMUTE 1.4 SSE",3,"19A",NA,NA,"2014-06-01","2014-07-01",NA,NA,NA,100
"US1AKBC0004","SLEETMUTE 1.4 SSE",3,"19A",NA,NA,"2014-07-01","2014-08-01",NA,NA,NA,100
"US1AKBC0004","SLEETMUTE 1.4 SSE",3,"19A",NA,NA,"2014-08-01","2014-09-01",NA,NA,NA,100
"US1AKBC0004","SLEETMUTE 1.4 SSE",3,"19A",NA,NA,"2014-09-01","2014-10-01",NA,NA,NA,100
"US1AKBC0004","SLEETMUTE 1.4 SSE",3,"19A",NA,NA,"2014-10-01","2014-11-01",NA,NA,NA,100
"US1AKBC0004","SLEETMUTE 1.4 SSE",3,"19A",NA,NA,"2014-11-01","2014-12-01",NA,NA,NA,100
"US1AKBC0004","SLEETMUTE 1.4 SSE",3,"19A",NA,NA,"2014-12-01","2015-01-01",NA,NA,NA,100
"US1AKBC0004","SLEETMUTE 1.4 SSE",3,"19A",NA,NA,"2015-01-01","2015-02-01",NA,NA,NA,100
"US1AKBC0004","SLEETMUTE 1.4 SSE",3,"19A",NA,NA,"2015-02-01","2015-03-01",NA,NA,NA,100
"US1AKBC0004","SLEETMUTE 1.4 SSE",3,"19A",NA,NA,"2015-03-01","2015-04-01",NA,NA,NA,100
"US1AKBC0004","SLEETMUTE 1.4 SSE",3,"19A",NA,NA,"2015-04-01","2015-05-01",NA,NA,NA,100
"US1AKBC0004","SLEETMUTE 1.4 SSE",3,"19A",NA,NA,"2015-05-01","2015-06-01",NA,NA,NA,100
"US1AKBC0004","SLEETMUTE 1.4 SSE",3,"19A",NA,NA,"2015-06-01","2015-07-01",NA,NA,NA,100
"US1AKBC0004","SLEETMUTE 1.4 SSE",3,"19A",NA,NA,"2015-07-01","2015-08-01",NA,NA,NA,100
"US1AKBC0004","SLEETMUTE 1.4 SSE",3,"19A",NA,NA,"2015-08-01","2015-09-01",NA,NA,NA,100
"US1AKBC0004","SLEETMUTE 1.4 SSE",3,"19A",NA,NA,"2015-09-01","2015-10-01",NA,NA,NA,100
"US1AKBC0004","SLEETMUTE 1.4 SSE",3,"19A",NA,NA,"2015-10-01","2015-11-01",NA,NA,NA,100
"US1AKBC0004","SLEETMUTE 1.4 SSE",3,"19A",NA,NA,"2015-11-01","2015-12-01",NA,NA,NA,100
"US1AKBC0004","SLEETMUTE 1.4 SSE",3,"19A",NA,NA,"2015-12-01","2016-01-01",NA,NA,NA,100
"US1AKBC0004","SLEETMUTE 1.4 SSE",3,"19A",NA,NA,"2016-01-01","2016-02-01",NA,NA,NA,100
"US1AKBC0004","SLEETMUTE 1.4 SSE",3,"19A",NA,NA,"2016-02-01","2016-03-01",NA,NA,NA,100
"US1AKBC0004","SLEETMUTE 1.4 SSE",3,"19A",NA,NA,"2016-03-01","2016-04-01",NA,NA,NA,100
"US1AKBC0004","SLEETMUTE 1.4 SSE",3,"19A",NA,NA,"2016-04-01","2016-05-01",NA,NA,NA,100
"US1AKBC0004","SLEETMUTE 1.4 SSE",3,"19A",NA,NA,"2016-05-01","2016-06-01",NA,NA,NA,100
"US1AKBC0004","SLEETMUTE 1.4 SSE",3,"19A",NA,NA,"2016-06-01","2016-07-01",NA,NA,NA,100
"US1AKBC0004","SLEETMUTE 1.4 SSE",3,"19A",NA,NA,"2016-07-01","2016-08-01",NA,NA,NA,100
"US1AKBC0004","SLEETMUTE 1.4 SSE",3,"19A",NA,NA,"2016-08-01","2016-09-01",NA,NA,NA,100
"US1AKBC0004","SLEETMUTE 1.4 SSE",3,"19A",NA,NA,"2016-09-01","2016-10-01",NA,NA,NA,100
"US1AKBC0004","SLEETMUTE 1.4 SSE",3,"19A",NA,NA,"2016-10-01","2016-11-01",NA,NA,NA,100
"US1AKBC0004","SLEETMUTE 1.4 SSE",3,"19A",NA,NA,"2016-11-01","2016-12-01",NA,NA,NA,100
"US1AKBC0004","SLEETMUTE 1.4 SSE",3,"19A",NA,NA,"2016-12-01","2017-01-01",NA,NA,NA,100
"US1AKBC0004","SLEETMUTE 1.4 SSE",3,"19A",NA,NA,"2017-01-01","2017-02-01",NA,NA,NA,100
"US1AKBC0004","SLEETMUTE 1.4 SSE",3,"19A",NA,NA,"2017-02-01","2017-03-01",NA,NA,NA,100
"US1AKBC0004","SLEETMUTE 1.4 SSE",3,"19A",NA,NA,"2017-03-01","2017-04-01",NA,NA,NA,100
"US1AKBC0004","SLEETMUTE 1.4 SSE",3,"19A",NA,NA,"2017-04-01","2017-05-01",NA,NA,NA,100
"US1AKBC0004","SLEETMUTE 1.4 SSE",3,"19A",NA,NA,"2017-05-01","2017-06-01",NA,NA,NA,100
"US1AKBC0004","SLEETMUTE 1.4 SSE",3,"19A",NA,NA,"2017-06-01","2017-07-01",NA,NA,NA,100
"US1AKBC0004","SLEETMUTE 1.4 SSE",3,"19A",NA,NA,"2017-07-01","2017-08-01",NA,NA,NA,100
"US1AKBC0004","SLEETMUTE 1.4 SSE",3,"19A",NA,NA,"2017-08-01","2017-09-01",NA,NA,NA,100
"US1AKBC0004","SLEETMUTE 1.4 SSE",3,"19A",NA,NA,"2017-09-01","2017-10-01",NA,NA,NA,100
"US1AKBC0004","SLEETMUTE 1.4 SSE",3,"19A",NA,NA,"2017-10-01","2017-11-01",NA,NA,NA,100
"US1AKBC0004","SLEETMUTE 1.4 SSE",3,"19A",NA,NA,"2017-11-01","2017-12-01",NA,NA,NA,100
"US1AKBC0004","SLEETMUTE 1.4 SSE",3,"19A",NA,NA,"2017-12-01","2018-01-01",NA,NA,NA,100
"US1AKBC0004","SLEETMUTE 1.4 SSE",3,"19A",NA,NA,"2018-01-01","2018-02-01",NA,NA,NA,100
"US1AKBC0004","SLEETMUTE 1.4 SSE",3,"19A",NA,NA,"2018-02-01","2018-03-01",NA,NA,NA,100
"US1AKBC0004","SLEETMUTE 1.4 SSE",3,"19A",NA,NA,"2018-03-01","2018-04-01",NA,NA,NA,100
"US1AKBC0004","SLEETMUTE 1.4 SSE",3,"19A",NA,NA,"2018-04-01","2018-05-01",NA,NA,NA,100
"US1AKBC0004","SLEETMUTE 1.4 SSE",3,"19A",NA,NA,"2018-05-01","2018-06-01",NA,NA,NA,100
"US1AKBC0004","SLEETMUTE 1.4 SSE",3,"19A",NA,NA,"2018-06-01","2018-07-01",NA,NA,NA,100
"US1AKBC0004","SLEETMUTE 1.4 SSE",3,"19A",NA,NA,"2018-07-01","2018-08-01",NA,NA,NA,100
"US1AKBC0004","SLEETMUTE 1.4 SSE",3,"19A",NA,NA,"2018-08-01","2018-09-01",NA,NA,NA,100
"US1AKBC0004","SLEETMUTE 1.4 SSE",3,"19A",NA,NA,"2018-09-01","2018-10-01",NA,NA,NA,100
"US1AKBC0004","SLEETMUTE 1.4 SSE",3,"19A",NA,NA,"2018-10-01","2018-11-01",NA,NA,NA,100
"US1AKBC0004","SLEETMUTE 1.4 SSE",3,"19A",NA,NA,"2018-11-01","2018-12-01",NA,NA,NA,100
