"ID","Name","Region","Unit","YEAR","MONTH","START","END","SNWDavg_in","SNWDmin_in","SNWDmax_in","MISSING_pcnt"
"USS0046Q07S","Upper Nome Creek",3,"25C",NA,NA,"1980-01-01","1980-02-01",NA,NA,NA,100
"USS0046Q07S","Upper Nome Creek",3,"25C",NA,NA,"1980-02-01","1980-03-01",NA,NA,NA,100
"USS0046Q07S","Upper Nome Creek",3,"25C",NA,NA,"1980-03-01","1980-04-01",NA,NA,NA,100
"USS0046Q07S","Upper Nome Creek",3,"25C",NA,NA,"1980-04-01","1980-05-01",NA,NA,NA,100
"USS0046Q07S","Upper Nome Creek",3,"25C",NA,NA,"1980-05-01","1980-06-01",NA,NA,NA,100
"USS0046Q07S","Upper Nome Creek",3,"25C",NA,NA,"1980-06-01","1980-07-01",NA,NA,NA,100
"USS0046Q07S","Upper Nome Creek",3,"25C",NA,NA,"1980-07-01","1980-08-01",NA,NA,NA,100
"USS0046Q07S","Upper Nome Creek",3,"25C",NA,NA,"1980-08-01","1980-09-01",NA,NA,NA,100
"USS0046Q07S","Upper Nome Creek",3,"25C",NA,NA,"1980-09-01","1980-10-01",NA,NA,NA,100
"USS0046Q07S","Upper Nome Creek",3,"25C",NA,NA,"1980-10-01","1980-11-01",NA,NA,NA,100
"USS0046Q07S","Upper Nome Creek",3,"25C",NA,NA,"1980-11-01","1980-12-01",NA,NA,NA,100
"USS0046Q07S","Upper Nome Creek",3,"25C",NA,NA,"1980-12-01","1981-01-01",NA,NA,NA,100
"USS0046Q07S","Upper Nome Creek",3,"25C",NA,NA,"1981-01-01","1981-02-01",NA,NA,NA,100
"USS0046Q07S","Upper Nome Creek",3,"25C",NA,NA,"1981-02-01","1981-03-01",NA,NA,NA,100
"USS0046Q07S","Upper Nome Creek",3,"25C",NA,NA,"1981-03-01","1981-04-01",NA,NA,NA,100
"USS0046Q07S","Upper Nome Creek",3,"25C",NA,NA,"1981-04-01","1981-05-01",NA,NA,NA,100
"USS0046Q07S","Upper Nome Creek",3,"25C",NA,NA,"1981-05-01","1981-06-01",NA,NA,NA,100
"USS0046Q07S","Upper Nome Creek",3,"25C",NA,NA,"1981-06-01","1981-07-01",NA,NA,NA,100
"USS0046Q07S","Upper Nome Creek",3,"25C",NA,NA,"1981-07-01","1981-08-01",NA,NA,NA,100
"USS0046Q07S","Upper Nome Creek",3,"25C",NA,NA,"1981-08-01","1981-09-01",NA,NA,NA,100
"USS0046Q07S","Upper Nome Creek",3,"25C",NA,NA,"1981-09-01","1981-10-01",NA,NA,NA,100
"USS0046Q07S","Upper Nome Creek",3,"25C",NA,NA,"1981-10-01","1981-11-01",NA,NA,NA,100
"USS0046Q07S","Upper Nome Creek",3,"25C",NA,NA,"1981-11-01","1981-12-01",NA,NA,NA,100
"USS0046Q07S","Upper Nome Creek",3,"25C",NA,NA,"1981-12-01","1982-01-01",NA,NA,NA,100
"USS0046Q07S","Upper Nome Creek",3,"25C",NA,NA,"1982-01-01","1982-02-01",NA,NA,NA,100
"USS0046Q07S","Upper Nome Creek",3,"25C",NA,NA,"1982-02-01","1982-03-01",NA,NA,NA,100
"USS0046Q07S","Upper Nome Creek",3,"25C",NA,NA,"1982-03-01","1982-04-01",NA,NA,NA,100
"USS0046Q07S","Upper Nome Creek",3,"25C",NA,NA,"1982-04-01","1982-05-01",NA,NA,NA,100
"USS0046Q07S","Upper Nome Creek",3,"25C",NA,NA,"1982-05-01","1982-06-01",NA,NA,NA,100
"USS0046Q07S","Upper Nome Creek",3,"25C",NA,NA,"1982-06-01","1982-07-01",NA,NA,NA,100
"USS0046Q07S","Upper Nome Creek",3,"25C",NA,NA,"1982-07-01","1982-08-01",NA,NA,NA,100
"USS0046Q07S","Upper Nome Creek",3,"25C",NA,NA,"1982-08-01","1982-09-01",NA,NA,NA,100
"USS0046Q07S","Upper Nome Creek",3,"25C",NA,NA,"1982-09-01","1982-10-01",NA,NA,NA,100
"USS0046Q07S","Upper Nome Creek",3,"25C",NA,NA,"1982-10-01","1982-11-01",NA,NA,NA,100
"USS0046Q07S","Upper Nome Creek",3,"25C",NA,NA,"1982-11-01","1982-12-01",NA,NA,NA,100
"USS0046Q07S","Upper Nome Creek",3,"25C",NA,NA,"1982-12-01","1983-01-01",NA,NA,NA,100
"USS0046Q07S","Upper Nome Creek",3,"25C",NA,NA,"1983-01-01","1983-02-01",NA,NA,NA,100
"USS0046Q07S","Upper Nome Creek",3,"25C",NA,NA,"1983-02-01","1983-03-01",NA,NA,NA,100
"USS0046Q07S","Upper Nome Creek",3,"25C",NA,NA,"1983-03-01","1983-04-01",NA,NA,NA,100
"USS0046Q07S","Upper Nome Creek",3,"25C",NA,NA,"1983-04-01","1983-05-01",NA,NA,NA,100
"USS0046Q07S","Upper Nome Creek",3,"25C",NA,NA,"1983-05-01","1983-06-01",NA,NA,NA,100
"USS0046Q07S","Upper Nome Creek",3,"25C",NA,NA,"1983-06-01","1983-07-01",NA,NA,NA,100
"USS0046Q07S","Upper Nome Creek",3,"25C",NA,NA,"1983-07-01","1983-08-01",NA,NA,NA,100
"USS0046Q07S","Upper Nome Creek",3,"25C",NA,NA,"1983-08-01","1983-09-01",NA,NA,NA,100
"USS0046Q07S","Upper Nome Creek",3,"25C",NA,NA,"1983-09-01","1983-10-01",NA,NA,NA,100
"USS0046Q07S","Upper Nome Creek",3,"25C",NA,NA,"1983-10-01","1983-11-01",NA,NA,NA,100
"USS0046Q07S","Upper Nome Creek",3,"25C",NA,NA,"1983-11-01","1983-12-01",NA,NA,NA,100
"USS0046Q07S","Upper Nome Creek",3,"25C",NA,NA,"1983-12-01","1984-01-01",NA,NA,NA,100
"USS0046Q07S","Upper Nome Creek",3,"25C",NA,NA,"1984-01-01","1984-02-01",NA,NA,NA,100
"USS0046Q07S","Upper Nome Creek",3,"25C",NA,NA,"1984-02-01","1984-03-01",NA,NA,NA,100
"USS0046Q07S","Upper Nome Creek",3,"25C",NA,NA,"1984-03-01","1984-04-01",NA,NA,NA,100
"USS0046Q07S","Upper Nome Creek",3,"25C",NA,NA,"1984-04-01","1984-05-01",NA,NA,NA,100
"USS0046Q07S","Upper Nome Creek",3,"25C",NA,NA,"1984-05-01","1984-06-01",NA,NA,NA,100
"USS0046Q07S","Upper Nome Creek",3,"25C",NA,NA,"1984-06-01","1984-07-01",NA,NA,NA,100
"USS0046Q07S","Upper Nome Creek",3,"25C",NA,NA,"1984-07-01","1984-08-01",NA,NA,NA,100
"USS0046Q07S","Upper Nome Creek",3,"25C",NA,NA,"1984-08-01","1984-09-01",NA,NA,NA,100
"USS0046Q07S","Upper Nome Creek",3,"25C",NA,NA,"1984-09-01","1984-10-01",NA,NA,NA,100
"USS0046Q07S","Upper Nome Creek",3,"25C",NA,NA,"1984-10-01","1984-11-01",NA,NA,NA,100
"USS0046Q07S","Upper Nome Creek",3,"25C",NA,NA,"1984-11-01","1984-12-01",NA,NA,NA,100
"USS0046Q07S","Upper Nome Creek",3,"25C",NA,NA,"1984-12-01","1985-01-01",NA,NA,NA,100
"USS0046Q07S","Upper Nome Creek",3,"25C",NA,NA,"1985-01-01","1985-02-01",NA,NA,NA,100
"USS0046Q07S","Upper Nome Creek",3,"25C",NA,NA,"1985-02-01","1985-03-01",NA,NA,NA,100
"USS0046Q07S","Upper Nome Creek",3,"25C",NA,NA,"1985-03-01","1985-04-01",NA,NA,NA,100
"USS0046Q07S","Upper Nome Creek",3,"25C",NA,NA,"1985-04-01","1985-05-01",NA,NA,NA,100
"USS0046Q07S","Upper Nome Creek",3,"25C",NA,NA,"1985-05-01","1985-06-01",NA,NA,NA,100
"USS0046Q07S","Upper Nome Creek",3,"25C",NA,NA,"1985-06-01","1985-07-01",NA,NA,NA,100
"USS0046Q07S","Upper Nome Creek",3,"25C",NA,NA,"1985-07-01","1985-08-01",NA,NA,NA,100
"USS0046Q07S","Upper Nome Creek",3,"25C",NA,NA,"1985-08-01","1985-09-01",NA,NA,NA,100
"USS0046Q07S","Upper Nome Creek",3,"25C",NA,NA,"1985-09-01","1985-10-01",NA,NA,NA,100
"USS0046Q07S","Upper Nome Creek",3,"25C",NA,NA,"1985-10-01","1985-11-01",NA,NA,NA,100
"USS0046Q07S","Upper Nome Creek",3,"25C",NA,NA,"1985-11-01","1985-12-01",NA,NA,NA,100
"USS0046Q07S","Upper Nome Creek",3,"25C",NA,NA,"1985-12-01","1986-01-01",NA,NA,NA,100
"USS0046Q07S","Upper Nome Creek",3,"25C",NA,NA,"1986-01-01","1986-02-01",NA,NA,NA,100
"USS0046Q07S","Upper Nome Creek",3,"25C",NA,NA,"1986-02-01","1986-03-01",NA,NA,NA,100
"USS0046Q07S","Upper Nome Creek",3,"25C",NA,NA,"1986-03-01","1986-04-01",NA,NA,NA,100
"USS0046Q07S","Upper Nome Creek",3,"25C",NA,NA,"1986-04-01","1986-05-01",NA,NA,NA,100
"USS0046Q07S","Upper Nome Creek",3,"25C",NA,NA,"1986-05-01","1986-06-01",NA,NA,NA,100
"USS0046Q07S","Upper Nome Creek",3,"25C",NA,NA,"1986-06-01","1986-07-01",NA,NA,NA,100
"USS0046Q07S","Upper Nome Creek",3,"25C",NA,NA,"1986-07-01","1986-08-01",NA,NA,NA,100
"USS0046Q07S","Upper Nome Creek",3,"25C",NA,NA,"1986-08-01","1986-09-01",NA,NA,NA,100
"USS0046Q07S","Upper Nome Creek",3,"25C",NA,NA,"1986-09-01","1986-10-01",NA,NA,NA,100
"USS0046Q07S","Upper Nome Creek",3,"25C",NA,NA,"1986-10-01","1986-11-01",NA,NA,NA,100
"USS0046Q07S","Upper Nome Creek",3,"25C",NA,NA,"1986-11-01","1986-12-01",NA,NA,NA,100
"USS0046Q07S","Upper Nome Creek",3,"25C",NA,NA,"1986-12-01","1987-01-01",NA,NA,NA,100
"USS0046Q07S","Upper Nome Creek",3,"25C",NA,NA,"1987-01-01","1987-02-01",NA,NA,NA,100
"USS0046Q07S","Upper Nome Creek",3,"25C",NA,NA,"1987-02-01","1987-03-01",NA,NA,NA,100
"USS0046Q07S","Upper Nome Creek",3,"25C",NA,NA,"1987-03-01","1987-04-01",NA,NA,NA,100
"USS0046Q07S","Upper Nome Creek",3,"25C",NA,NA,"1987-04-01","1987-05-01",NA,NA,NA,100
"USS0046Q07S","Upper Nome Creek",3,"25C",NA,NA,"1987-05-01","1987-06-01",NA,NA,NA,100
"USS0046Q07S","Upper Nome Creek",3,"25C",NA,NA,"1987-06-01","1987-07-01",NA,NA,NA,100
"USS0046Q07S","Upper Nome Creek",3,"25C",NA,NA,"1987-07-01","1987-08-01",NA,NA,NA,100
"USS0046Q07S","Upper Nome Creek",3,"25C",NA,NA,"1987-08-01","1987-09-01",NA,NA,NA,100
"USS0046Q07S","Upper Nome Creek",3,"25C",NA,NA,"1987-09-01","1987-10-01",NA,NA,NA,100
"USS0046Q07S","Upper Nome Creek",3,"25C",NA,NA,"1987-10-01","1987-11-01",NA,NA,NA,100
"USS0046Q07S","Upper Nome Creek",3,"25C",NA,NA,"1987-11-01","1987-12-01",NA,NA,NA,100
"USS0046Q07S","Upper Nome Creek",3,"25C",NA,NA,"1987-12-01","1988-01-01",NA,NA,NA,100
"USS0046Q07S","Upper Nome Creek",3,"25C",NA,NA,"1988-01-01","1988-02-01",NA,NA,NA,100
"USS0046Q07S","Upper Nome Creek",3,"25C",NA,NA,"1988-02-01","1988-03-01",NA,NA,NA,100
"USS0046Q07S","Upper Nome Creek",3,"25C",NA,NA,"1988-03-01","1988-04-01",NA,NA,NA,100
"USS0046Q07S","Upper Nome Creek",3,"25C",NA,NA,"1988-04-01","1988-05-01",NA,NA,NA,100
"USS0046Q07S","Upper Nome Creek",3,"25C",NA,NA,"1988-05-01","1988-06-01",NA,NA,NA,100
"USS0046Q07S","Upper Nome Creek",3,"25C",NA,NA,"1988-06-01","1988-07-01",NA,NA,NA,100
"USS0046Q07S","Upper Nome Creek",3,"25C",NA,NA,"1988-07-01","1988-08-01",NA,NA,NA,100
"USS0046Q07S","Upper Nome Creek",3,"25C",NA,NA,"1988-08-01","1988-09-01",NA,NA,NA,100
"USS0046Q07S","Upper Nome Creek",3,"25C",NA,NA,"1988-09-01","1988-10-01",NA,NA,NA,100
"USS0046Q07S","Upper Nome Creek",3,"25C",NA,NA,"1988-10-01","1988-11-01",NA,NA,NA,100
"USS0046Q07S","Upper Nome Creek",3,"25C",NA,NA,"1988-11-01","1988-12-01",NA,NA,NA,100
"USS0046Q07S","Upper Nome Creek",3,"25C",NA,NA,"1988-12-01","1989-01-01",NA,NA,NA,100
"USS0046Q07S","Upper Nome Creek",3,"25C",NA,NA,"1989-01-01","1989-02-01",NA,NA,NA,100
"USS0046Q07S","Upper Nome Creek",3,"25C",NA,NA,"1989-02-01","1989-03-01",NA,NA,NA,100
"USS0046Q07S","Upper Nome Creek",3,"25C",NA,NA,"1989-03-01","1989-04-01",NA,NA,NA,100
"USS0046Q07S","Upper Nome Creek",3,"25C",NA,NA,"1989-04-01","1989-05-01",NA,NA,NA,100
"USS0046Q07S","Upper Nome Creek",3,"25C",NA,NA,"1989-05-01","1989-06-01",NA,NA,NA,100
"USS0046Q07S","Upper Nome Creek",3,"25C",NA,NA,"1989-06-01","1989-07-01",NA,NA,NA,100
"USS0046Q07S","Upper Nome Creek",3,"25C",NA,NA,"1989-07-01","1989-08-01",NA,NA,NA,100
"USS0046Q07S","Upper Nome Creek",3,"25C",NA,NA,"1989-08-01","1989-09-01",NA,NA,NA,100
"USS0046Q07S","Upper Nome Creek",3,"25C",NA,NA,"1989-09-01","1989-10-01",NA,NA,NA,100
"USS0046Q07S","Upper Nome Creek",3,"25C",NA,NA,"1989-10-01","1989-11-01",NA,NA,NA,100
"USS0046Q07S","Upper Nome Creek",3,"25C",NA,NA,"1989-11-01","1989-12-01",NA,NA,NA,100
"USS0046Q07S","Upper Nome Creek",3,"25C",NA,NA,"1989-12-01","1990-01-01",NA,NA,NA,100
"USS0046Q07S","Upper Nome Creek",3,"25C",NA,NA,"1990-01-01","1990-02-01",NA,NA,NA,100
"USS0046Q07S","Upper Nome Creek",3,"25C",NA,NA,"1990-02-01","1990-03-01",NA,NA,NA,100
"USS0046Q07S","Upper Nome Creek",3,"25C",NA,NA,"1990-03-01","1990-04-01",NA,NA,NA,100
"USS0046Q07S","Upper Nome Creek",3,"25C",NA,NA,"1990-04-01","1990-05-01",NA,NA,NA,100
"USS0046Q07S","Upper Nome Creek",3,"25C",NA,NA,"1990-05-01","1990-06-01",NA,NA,NA,100
"USS0046Q07S","Upper Nome Creek",3,"25C",NA,NA,"1990-06-01","1990-07-01",NA,NA,NA,100
"USS0046Q07S","Upper Nome Creek",3,"25C",NA,NA,"1990-07-01","1990-08-01",NA,NA,NA,100
"USS0046Q07S","Upper Nome Creek",3,"25C",NA,NA,"1990-08-01","1990-09-01",NA,NA,NA,100
"USS0046Q07S","Upper Nome Creek",3,"25C",NA,NA,"1990-09-01","1990-10-01",NA,NA,NA,100
"USS0046Q07S","Upper Nome Creek",3,"25C",NA,NA,"1990-10-01","1990-11-01",NA,NA,NA,100
"USS0046Q07S","Upper Nome Creek",3,"25C",NA,NA,"1990-11-01","1990-12-01",NA,NA,NA,100
"USS0046Q07S","Upper Nome Creek",3,"25C",NA,NA,"1990-12-01","1991-01-01",NA,NA,NA,100
"USS0046Q07S","Upper Nome Creek",3,"25C",NA,NA,"1991-01-01","1991-02-01",NA,NA,NA,100
"USS0046Q07S","Upper Nome Creek",3,"25C",NA,NA,"1991-02-01","1991-03-01",NA,NA,NA,100
"USS0046Q07S","Upper Nome Creek",3,"25C",NA,NA,"1991-03-01","1991-04-01",NA,NA,NA,100
"USS0046Q07S","Upper Nome Creek",3,"25C",NA,NA,"1991-04-01","1991-05-01",NA,NA,NA,100
"USS0046Q07S","Upper Nome Creek",3,"25C",NA,NA,"1991-05-01","1991-06-01",NA,NA,NA,100
"USS0046Q07S","Upper Nome Creek",3,"25C",NA,NA,"1991-06-01","1991-07-01",NA,NA,NA,100
"USS0046Q07S","Upper Nome Creek",3,"25C",NA,NA,"1991-07-01","1991-08-01",NA,NA,NA,100
"USS0046Q07S","Upper Nome Creek",3,"25C",NA,NA,"1991-08-01","1991-09-01",NA,NA,NA,100
"USS0046Q07S","Upper Nome Creek",3,"25C",NA,NA,"1991-09-01","1991-10-01",NA,NA,NA,100
"USS0046Q07S","Upper Nome Creek",3,"25C",NA,NA,"1991-10-01","1991-11-01",NA,NA,NA,100
"USS0046Q07S","Upper Nome Creek",3,"25C",NA,NA,"1991-11-01","1991-12-01",NA,NA,NA,100
"USS0046Q07S","Upper Nome Creek",3,"25C",NA,NA,"1991-12-01","1992-01-01",NA,NA,NA,100
"USS0046Q07S","Upper Nome Creek",3,"25C",NA,NA,"1992-01-01","1992-02-01",NA,NA,NA,100
"USS0046Q07S","Upper Nome Creek",3,"25C",NA,NA,"1992-02-01","1992-03-01",NA,NA,NA,100
"USS0046Q07S","Upper Nome Creek",3,"25C",NA,NA,"1992-03-01","1992-04-01",NA,NA,NA,100
"USS0046Q07S","Upper Nome Creek",3,"25C",NA,NA,"1992-04-01","1992-05-01",NA,NA,NA,100
"USS0046Q07S","Upper Nome Creek",3,"25C",NA,NA,"1992-05-01","1992-06-01",NA,NA,NA,100
"USS0046Q07S","Upper Nome Creek",3,"25C",NA,NA,"1992-06-01","1992-07-01",NA,NA,NA,100
"USS0046Q07S","Upper Nome Creek",3,"25C",NA,NA,"1992-07-01","1992-08-01",NA,NA,NA,100
"USS0046Q07S","Upper Nome Creek",3,"25C",NA,NA,"1992-08-01","1992-09-01",NA,NA,NA,100
"USS0046Q07S","Upper Nome Creek",3,"25C",NA,NA,"1992-09-01","1992-10-01",NA,NA,NA,100
"USS0046Q07S","Upper Nome Creek",3,"25C",NA,NA,"1992-10-01","1992-11-01",NA,NA,NA,100
"USS0046Q07S","Upper Nome Creek",3,"25C",NA,NA,"1992-11-01","1992-12-01",NA,NA,NA,100
"USS0046Q07S","Upper Nome Creek",3,"25C",NA,NA,"1992-12-01","1993-01-01",NA,NA,NA,100
"USS0046Q07S","Upper Nome Creek",3,"25C",NA,NA,"1993-01-01","1993-02-01",NA,NA,NA,100
"USS0046Q07S","Upper Nome Creek",3,"25C",NA,NA,"1993-02-01","1993-03-01",NA,NA,NA,100
"USS0046Q07S","Upper Nome Creek",3,"25C",NA,NA,"1993-03-01","1993-04-01",NA,NA,NA,100
"USS0046Q07S","Upper Nome Creek",3,"25C",NA,NA,"1993-04-01","1993-05-01",NA,NA,NA,100
"USS0046Q07S","Upper Nome Creek",3,"25C",NA,NA,"1993-05-01","1993-06-01",NA,NA,NA,100
"USS0046Q07S","Upper Nome Creek",3,"25C",NA,NA,"1993-06-01","1993-07-01",NA,NA,NA,100
"USS0046Q07S","Upper Nome Creek",3,"25C",NA,NA,"1993-07-01","1993-08-01",NA,NA,NA,100
"USS0046Q07S","Upper Nome Creek",3,"25C",NA,NA,"1993-08-01","1993-09-01",NA,NA,NA,100
"USS0046Q07S","Upper Nome Creek",3,"25C",NA,NA,"1993-09-01","1993-10-01",NA,NA,NA,100
"USS0046Q07S","Upper Nome Creek",3,"25C",NA,NA,"1993-10-01","1993-11-01",NA,NA,NA,100
"USS0046Q07S","Upper Nome Creek",3,"25C",NA,NA,"1993-11-01","1993-12-01",NA,NA,NA,100
"USS0046Q07S","Upper Nome Creek",3,"25C",NA,NA,"1993-12-01","1994-01-01",NA,NA,NA,100
"USS0046Q07S","Upper Nome Creek",3,"25C",NA,NA,"1994-01-01","1994-02-01",NA,NA,NA,100
"USS0046Q07S","Upper Nome Creek",3,"25C",NA,NA,"1994-02-01","1994-03-01",NA,NA,NA,100
"USS0046Q07S","Upper Nome Creek",3,"25C",NA,NA,"1994-03-01","1994-04-01",NA,NA,NA,100
"USS0046Q07S","Upper Nome Creek",3,"25C",NA,NA,"1994-04-01","1994-05-01",NA,NA,NA,100
"USS0046Q07S","Upper Nome Creek",3,"25C",NA,NA,"1994-05-01","1994-06-01",NA,NA,NA,100
"USS0046Q07S","Upper Nome Creek",3,"25C",NA,NA,"1994-06-01","1994-07-01",NA,NA,NA,100
"USS0046Q07S","Upper Nome Creek",3,"25C",NA,NA,"1994-07-01","1994-08-01",NA,NA,NA,100
"USS0046Q07S","Upper Nome Creek",3,"25C",NA,NA,"1994-08-01","1994-09-01",NA,NA,NA,100
"USS0046Q07S","Upper Nome Creek",3,"25C",NA,NA,"1994-09-01","1994-10-01",NA,NA,NA,100
"USS0046Q07S","Upper Nome Creek",3,"25C",NA,NA,"1994-10-01","1994-11-01",NA,NA,NA,100
"USS0046Q07S","Upper Nome Creek",3,"25C",NA,NA,"1994-11-01","1994-12-01",NA,NA,NA,100
"USS0046Q07S","Upper Nome Creek",3,"25C",NA,NA,"1994-12-01","1995-01-01",NA,NA,NA,100
"USS0046Q07S","Upper Nome Creek",3,"25C",NA,NA,"1995-01-01","1995-02-01",NA,NA,NA,100
"USS0046Q07S","Upper Nome Creek",3,"25C",NA,NA,"1995-02-01","1995-03-01",NA,NA,NA,100
"USS0046Q07S","Upper Nome Creek",3,"25C",NA,NA,"1995-03-01","1995-04-01",NA,NA,NA,100
"USS0046Q07S","Upper Nome Creek",3,"25C",NA,NA,"1995-04-01","1995-05-01",NA,NA,NA,100
"USS0046Q07S","Upper Nome Creek",3,"25C",NA,NA,"1995-05-01","1995-06-01",NA,NA,NA,100
"USS0046Q07S","Upper Nome Creek",3,"25C",NA,NA,"1995-06-01","1995-07-01",NA,NA,NA,100
"USS0046Q07S","Upper Nome Creek",3,"25C",NA,NA,"1995-07-01","1995-08-01",NA,NA,NA,100
"USS0046Q07S","Upper Nome Creek",3,"25C",NA,NA,"1995-08-01","1995-09-01",NA,NA,NA,100
"USS0046Q07S","Upper Nome Creek",3,"25C",NA,NA,"1995-09-01","1995-10-01",NA,NA,NA,100
"USS0046Q07S","Upper Nome Creek",3,"25C",NA,NA,"1995-10-01","1995-11-01",NA,NA,NA,100
"USS0046Q07S","Upper Nome Creek",3,"25C",NA,NA,"1995-11-01","1995-12-01",NA,NA,NA,100
"USS0046Q07S","Upper Nome Creek",3,"25C",NA,NA,"1995-12-01","1996-01-01",NA,NA,NA,100
"USS0046Q07S","Upper Nome Creek",3,"25C",NA,NA,"1996-01-01","1996-02-01",NA,NA,NA,100
"USS0046Q07S","Upper Nome Creek",3,"25C",NA,NA,"1996-02-01","1996-03-01",NA,NA,NA,100
"USS0046Q07S","Upper Nome Creek",3,"25C",NA,NA,"1996-03-01","1996-04-01",NA,NA,NA,100
"USS0046Q07S","Upper Nome Creek",3,"25C",NA,NA,"1996-04-01","1996-05-01",NA,NA,NA,100
"USS0046Q07S","Upper Nome Creek",3,"25C",NA,NA,"1996-05-01","1996-06-01",NA,NA,NA,100
"USS0046Q07S","Upper Nome Creek",3,"25C",NA,NA,"1996-06-01","1996-07-01",NA,NA,NA,100
"USS0046Q07S","Upper Nome Creek",3,"25C",NA,NA,"1996-07-01","1996-08-01",NA,NA,NA,100
"USS0046Q07S","Upper Nome Creek",3,"25C",NA,NA,"1996-08-01","1996-09-01",NA,NA,NA,100
"USS0046Q07S","Upper Nome Creek",3,"25C",NA,NA,"1996-09-01","1996-10-01",NA,NA,NA,100
"USS0046Q07S","Upper Nome Creek",3,"25C",NA,NA,"1996-10-01","1996-11-01",NA,NA,NA,100
"USS0046Q07S","Upper Nome Creek",3,"25C",NA,NA,"1996-11-01","1996-12-01",NA,NA,NA,100
"USS0046Q07S","Upper Nome Creek",3,"25C",NA,NA,"1996-12-01","1997-01-01",NA,NA,NA,100
"USS0046Q07S","Upper Nome Creek",3,"25C",NA,NA,"1997-01-01","1997-02-01",NA,NA,NA,100
"USS0046Q07S","Upper Nome Creek",3,"25C",NA,NA,"1997-02-01","1997-03-01",NA,NA,NA,100
"USS0046Q07S","Upper Nome Creek",3,"25C",NA,NA,"1997-03-01","1997-04-01",NA,NA,NA,100
"USS0046Q07S","Upper Nome Creek",3,"25C",NA,NA,"1997-04-01","1997-05-01",NA,NA,NA,100
"USS0046Q07S","Upper Nome Creek",3,"25C",NA,NA,"1997-05-01","1997-06-01",NA,NA,NA,100
"USS0046Q07S","Upper Nome Creek",3,"25C",NA,NA,"1997-06-01","1997-07-01",NA,NA,NA,100
"USS0046Q07S","Upper Nome Creek",3,"25C",NA,NA,"1997-07-01","1997-08-01",NA,NA,NA,100
"USS0046Q07S","Upper Nome Creek",3,"25C",NA,NA,"1997-08-01","1997-09-01",NA,NA,NA,100
"USS0046Q07S","Upper Nome Creek",3,"25C",NA,NA,"1997-09-01","1997-10-01",NA,NA,NA,100
"USS0046Q07S","Upper Nome Creek",3,"25C",NA,NA,"1997-10-01","1997-11-01",NA,NA,NA,100
"USS0046Q07S","Upper Nome Creek",3,"25C",NA,NA,"1997-11-01","1997-12-01",NA,NA,NA,100
"USS0046Q07S","Upper Nome Creek",3,"25C",NA,NA,"1997-12-01","1998-01-01",NA,NA,NA,100
"USS0046Q07S","Upper Nome Creek",3,"25C",NA,NA,"1998-01-01","1998-02-01",NA,NA,NA,100
"USS0046Q07S","Upper Nome Creek",3,"25C",NA,NA,"1998-02-01","1998-03-01",NA,NA,NA,100
"USS0046Q07S","Upper Nome Creek",3,"25C",NA,NA,"1998-03-01","1998-04-01",NA,NA,NA,100
"USS0046Q07S","Upper Nome Creek",3,"25C",NA,NA,"1998-04-01","1998-05-01",NA,NA,NA,100
"USS0046Q07S","Upper Nome Creek",3,"25C",NA,NA,"1998-05-01","1998-06-01",NA,NA,NA,100
"USS0046Q07S","Upper Nome Creek",3,"25C",NA,NA,"1998-06-01","1998-07-01",NA,NA,NA,100
"USS0046Q07S","Upper Nome Creek",3,"25C",NA,NA,"1998-07-01","1998-08-01",NA,NA,NA,100
"USS0046Q07S","Upper Nome Creek",3,"25C",NA,NA,"1998-08-01","1998-09-01",NA,NA,NA,100
"USS0046Q07S","Upper Nome Creek",3,"25C",NA,NA,"1998-09-01","1998-10-01",NA,NA,NA,100
"USS0046Q07S","Upper Nome Creek",3,"25C",NA,NA,"1998-10-01","1998-11-01",NA,NA,NA,100
"USS0046Q07S","Upper Nome Creek",3,"25C",NA,NA,"1998-11-01","1998-12-01",NA,NA,NA,100
"USS0046Q07S","Upper Nome Creek",3,"25C",NA,NA,"1998-12-01","1999-01-01",NA,NA,NA,100
"USS0046Q07S","Upper Nome Creek",3,"25C",NA,NA,"1999-01-01","1999-02-01",NA,NA,NA,100
"USS0046Q07S","Upper Nome Creek",3,"25C",NA,NA,"1999-02-01","1999-03-01",NA,NA,NA,100
"USS0046Q07S","Upper Nome Creek",3,"25C",NA,NA,"1999-03-01","1999-04-01",NA,NA,NA,100
"USS0046Q07S","Upper Nome Creek",3,"25C",NA,NA,"1999-04-01","1999-05-01",NA,NA,NA,100
"USS0046Q07S","Upper Nome Creek",3,"25C",NA,NA,"1999-05-01","1999-06-01",NA,NA,NA,100
"USS0046Q07S","Upper Nome Creek",3,"25C",NA,NA,"1999-06-01","1999-07-01",NA,NA,NA,100
"USS0046Q07S","Upper Nome Creek",3,"25C",NA,NA,"1999-07-01","1999-08-01",NA,NA,NA,100
"USS0046Q07S","Upper Nome Creek",3,"25C",NA,NA,"1999-08-01","1999-09-01",NA,NA,NA,100
"USS0046Q07S","Upper Nome Creek",3,"25C",NA,NA,"1999-09-01","1999-10-01",NA,NA,NA,100
"USS0046Q07S","Upper Nome Creek",3,"25C",NA,NA,"1999-10-01","1999-11-01",NA,NA,NA,100
"USS0046Q07S","Upper Nome Creek",3,"25C",NA,NA,"1999-11-01","1999-12-01",NA,NA,NA,100
"USS0046Q07S","Upper Nome Creek",3,"25C",NA,NA,"1999-12-01","2000-01-01",NA,NA,NA,100
"USS0046Q07S","Upper Nome Creek",3,"25C",NA,NA,"2000-01-01","2000-02-01",NA,NA,NA,100
"USS0046Q07S","Upper Nome Creek",3,"25C",NA,NA,"2000-02-01","2000-03-01",NA,NA,NA,100
"USS0046Q07S","Upper Nome Creek",3,"25C",NA,NA,"2000-03-01","2000-04-01",NA,NA,NA,100
"USS0046Q07S","Upper Nome Creek",3,"25C",NA,NA,"2000-04-01","2000-05-01",NA,NA,NA,100
"USS0046Q07S","Upper Nome Creek",3,"25C",NA,NA,"2000-05-01","2000-06-01",NA,NA,NA,100
"USS0046Q07S","Upper Nome Creek",3,"25C",NA,NA,"2000-06-01","2000-07-01",NA,NA,NA,100
"USS0046Q07S","Upper Nome Creek",3,"25C",NA,NA,"2000-07-01","2000-08-01",NA,NA,NA,100
"USS0046Q07S","Upper Nome Creek",3,"25C",NA,NA,"2000-08-01","2000-09-01",NA,NA,NA,100
"USS0046Q07S","Upper Nome Creek",3,"25C",NA,NA,"2000-09-01","2000-10-01",NA,NA,NA,100
"USS0046Q07S","Upper Nome Creek",3,"25C",NA,NA,"2000-10-01","2000-11-01",NA,NA,NA,100
"USS0046Q07S","Upper Nome Creek",3,"25C",NA,NA,"2000-11-01","2000-12-01",NA,NA,NA,100
"USS0046Q07S","Upper Nome Creek",3,"25C",NA,NA,"2000-12-01","2001-01-01",NA,NA,NA,100
"USS0046Q07S","Upper Nome Creek",3,"25C",NA,NA,"2001-01-01","2001-02-01",NA,NA,NA,100
"USS0046Q07S","Upper Nome Creek",3,"25C",NA,NA,"2001-02-01","2001-03-01",NA,NA,NA,100
"USS0046Q07S","Upper Nome Creek",3,"25C",NA,NA,"2001-03-01","2001-04-01",NA,NA,NA,100
"USS0046Q07S","Upper Nome Creek",3,"25C",NA,NA,"2001-04-01","2001-05-01",NA,NA,NA,100
"USS0046Q07S","Upper Nome Creek",3,"25C",NA,NA,"2001-05-01","2001-06-01",NA,NA,NA,100
"USS0046Q07S","Upper Nome Creek",3,"25C",NA,NA,"2001-06-01","2001-07-01",NA,NA,NA,100
"USS0046Q07S","Upper Nome Creek",3,"25C",NA,NA,"2001-07-01","2001-08-01",NA,NA,NA,100
"USS0046Q07S","Upper Nome Creek",3,"25C",NA,NA,"2001-08-01","2001-09-01",NA,NA,NA,100
"USS0046Q07S","Upper Nome Creek",3,"25C",NA,NA,"2001-09-01","2001-10-01",NA,NA,NA,100
"USS0046Q07S","Upper Nome Creek",3,"25C",NA,NA,"2001-10-01","2001-11-01",NA,NA,NA,100
"USS0046Q07S","Upper Nome Creek",3,"25C",NA,NA,"2001-11-01","2001-12-01",NA,NA,NA,100
"USS0046Q07S","Upper Nome Creek",3,"25C",NA,NA,"2001-12-01","2002-01-01",NA,NA,NA,100
"USS0046Q07S","Upper Nome Creek",3,"25C",NA,NA,"2002-01-01","2002-02-01",NA,NA,NA,100
"USS0046Q07S","Upper Nome Creek",3,"25C",NA,NA,"2002-02-01","2002-03-01",NA,NA,NA,100
"USS0046Q07S","Upper Nome Creek",3,"25C",NA,NA,"2002-03-01","2002-04-01",NA,NA,NA,100
"USS0046Q07S","Upper Nome Creek",3,"25C",NA,NA,"2002-04-01","2002-05-01",NA,NA,NA,100
"USS0046Q07S","Upper Nome Creek",3,"25C",NA,NA,"2002-05-01","2002-06-01",NA,NA,NA,100
"USS0046Q07S","Upper Nome Creek",3,"25C",NA,NA,"2002-06-01","2002-07-01",NA,NA,NA,100
"USS0046Q07S","Upper Nome Creek",3,"25C",NA,NA,"2002-07-01","2002-08-01",NA,NA,NA,100
"USS0046Q07S","Upper Nome Creek",3,"25C",NA,NA,"2002-08-01","2002-09-01",NA,NA,NA,100
"USS0046Q07S","Upper Nome Creek",3,"25C",NA,NA,"2002-09-01","2002-10-01",NA,NA,NA,100
"USS0046Q07S","Upper Nome Creek",3,"25C",NA,NA,"2002-10-01","2002-11-01",NA,NA,NA,100
"USS0046Q07S","Upper Nome Creek",3,"25C",NA,NA,"2002-11-01","2002-12-01",NA,NA,NA,100
"USS0046Q07S","Upper Nome Creek",3,"25C",NA,NA,"2002-12-01","2003-01-01",NA,NA,NA,100
"USS0046Q07S","Upper Nome Creek",3,"25C",NA,NA,"2003-01-01","2003-02-01",NA,NA,NA,100
"USS0046Q07S","Upper Nome Creek",3,"25C",NA,NA,"2003-02-01","2003-03-01",NA,NA,NA,100
"USS0046Q07S","Upper Nome Creek",3,"25C",NA,NA,"2003-03-01","2003-04-01",NA,NA,NA,100
"USS0046Q07S","Upper Nome Creek",3,"25C",NA,NA,"2003-04-01","2003-05-01",NA,NA,NA,100
"USS0046Q07S","Upper Nome Creek",3,"25C",NA,NA,"2003-05-01","2003-06-01",NA,NA,NA,100
"USS0046Q07S","Upper Nome Creek",3,"25C",NA,NA,"2003-06-01","2003-07-01",NA,NA,NA,100
"USS0046Q07S","Upper Nome Creek",3,"25C",NA,NA,"2003-07-01","2003-08-01",NA,NA,NA,100
"USS0046Q07S","Upper Nome Creek",3,"25C",NA,NA,"2003-08-01","2003-09-01",NA,NA,NA,100
"USS0046Q07S","Upper Nome Creek",3,"25C",NA,NA,"2003-09-01","2003-10-01",NA,NA,NA,100
"USS0046Q07S","Upper Nome Creek",3,"25C",NA,NA,"2003-10-01","2003-11-01",NA,NA,NA,100
"USS0046Q07S","Upper Nome Creek",3,"25C",NA,NA,"2003-11-01","2003-12-01",NA,NA,NA,100
"USS0046Q07S","Upper Nome Creek",3,"25C",NA,NA,"2003-12-01","2004-01-01",NA,NA,NA,100
"USS0046Q07S","Upper Nome Creek",3,"25C",NA,NA,"2004-01-01","2004-02-01",NA,NA,NA,100
"USS0046Q07S","Upper Nome Creek",3,"25C",NA,NA,"2004-02-01","2004-03-01",NA,NA,NA,100
"USS0046Q07S","Upper Nome Creek",3,"25C",NA,NA,"2004-03-01","2004-04-01",NA,NA,NA,100
"USS0046Q07S","Upper Nome Creek",3,"25C",NA,NA,"2004-04-01","2004-05-01",NA,NA,NA,100
"USS0046Q07S","Upper Nome Creek",3,"25C",NA,NA,"2004-05-01","2004-06-01",NA,NA,NA,100
"USS0046Q07S","Upper Nome Creek",3,"25C",NA,NA,"2004-06-01","2004-07-01",NA,NA,NA,100
"USS0046Q07S","Upper Nome Creek",3,"25C",NA,NA,"2004-07-01","2004-08-01",NA,NA,NA,100
"USS0046Q07S","Upper Nome Creek",3,"25C",NA,NA,"2004-08-01","2004-09-01",NA,NA,NA,100
"USS0046Q07S","Upper Nome Creek",3,"25C",NA,NA,"2004-09-01","2004-10-01",NA,NA,NA,100
"USS0046Q07S","Upper Nome Creek",3,"25C",NA,NA,"2004-10-01","2004-11-01",NA,NA,NA,100
"USS0046Q07S","Upper Nome Creek",3,"25C",NA,NA,"2004-11-01","2004-12-01",NA,NA,NA,100
"USS0046Q07S","Upper Nome Creek",3,"25C",NA,NA,"2004-12-01","2005-01-01",NA,NA,NA,100
"USS0046Q07S","Upper Nome Creek",3,"25C",NA,NA,"2005-01-01","2005-02-01",NA,NA,NA,100
"USS0046Q07S","Upper Nome Creek",3,"25C",NA,NA,"2005-02-01","2005-03-01",NA,NA,NA,100
"USS0046Q07S","Upper Nome Creek",3,"25C",NA,NA,"2005-03-01","2005-04-01",NA,NA,NA,100
"USS0046Q07S","Upper Nome Creek",3,"25C",NA,NA,"2005-04-01","2005-05-01",NA,NA,NA,100
"USS0046Q07S","Upper Nome Creek",3,"25C",NA,NA,"2005-05-01","2005-06-01",NA,NA,NA,100
"USS0046Q07S","Upper Nome Creek",3,"25C",NA,NA,"2005-06-01","2005-07-01",NA,NA,NA,100
"USS0046Q07S","Upper Nome Creek",3,"25C",NA,NA,"2005-07-01","2005-08-01",NA,NA,NA,100
"USS0046Q07S","Upper Nome Creek",3,"25C",NA,NA,"2005-08-01","2005-09-01",NA,NA,NA,100
"USS0046Q07S","Upper Nome Creek",3,"25C",NA,NA,"2005-09-01","2005-10-01",NA,NA,NA,100
"USS0046Q07S","Upper Nome Creek",3,"25C",NA,NA,"2005-10-01","2005-11-01",NA,NA,NA,100
"USS0046Q07S","Upper Nome Creek",3,"25C",NA,NA,"2005-11-01","2005-12-01",NA,NA,NA,100
"USS0046Q07S","Upper Nome Creek",3,"25C",NA,NA,"2005-12-01","2006-01-01",NA,NA,NA,100
"USS0046Q07S","Upper Nome Creek",3,"25C",NA,NA,"2006-01-01","2006-02-01",NA,NA,NA,100
"USS0046Q07S","Upper Nome Creek",3,"25C",NA,NA,"2006-02-01","2006-03-01",NA,NA,NA,100
"USS0046Q07S","Upper Nome Creek",3,"25C",NA,NA,"2006-03-01","2006-04-01",NA,NA,NA,100
"USS0046Q07S","Upper Nome Creek",3,"25C",NA,NA,"2006-04-01","2006-05-01",NA,NA,NA,100
"USS0046Q07S","Upper Nome Creek",3,"25C",NA,NA,"2006-05-01","2006-06-01",NA,NA,NA,100
"USS0046Q07S","Upper Nome Creek",3,"25C",NA,NA,"2006-06-01","2006-07-01",NA,NA,NA,100
"USS0046Q07S","Upper Nome Creek",3,"25C",NA,NA,"2006-07-01","2006-08-01",NA,NA,NA,100
"USS0046Q07S","Upper Nome Creek",3,"25C",NA,NA,"2006-08-01","2006-09-01",NA,NA,NA,100
"USS0046Q07S","Upper Nome Creek",3,"25C","2006","09","2006-09-01","2006-10-01",0,0,0,97
"USS0046Q07S","Upper Nome Creek",3,"25C","2006","10","2006-10-01","2006-11-01",3.20390985609557,0,10.9842519685039,6
"USS0046Q07S","Upper Nome Creek",3,"25C","2006","11","2006-11-01","2006-12-01",8.50393700787401,7.99212598425197,9.01574803149606,13
"USS0046Q07S","Upper Nome Creek",3,"25C","2006","12","2006-12-01","2007-01-01",10.923682616596,9.01574803149606,15,16
"USS0046Q07S","Upper Nome Creek",3,"25C","2007","01","2007-01-01","2007-02-01",14.7637795275591,12.992125984252,15.9842519685039,3
"USS0046Q07S","Upper Nome Creek",3,"25C","2007","02","2007-02-01","2007-03-01",15.246062992126,15,15.9842519685039,0
"USS0046Q07S","Upper Nome Creek",3,"25C","2007","03","2007-03-01","2007-04-01",15.6815096388813,15,17.007874015748,6
"USS0046Q07S","Upper Nome Creek",3,"25C","2007","04","2007-04-01","2007-05-01",11.8989501312336,5.98425196850394,15.9842519685039,0
"USS0046Q07S","Upper Nome Creek",3,"25C","2007","05","2007-05-01","2007-06-01",0.516891033782068,0,5,0
"USS0046Q07S","Upper Nome Creek",3,"25C","2007","06","2007-06-01","2007-07-01",0,0,0,0
"USS0046Q07S","Upper Nome Creek",3,"25C","2007","07","2007-07-01","2007-08-01",0,0,0,0
"USS0046Q07S","Upper Nome Creek",3,"25C","2007","08","2007-08-01","2007-09-01",0,0,0,0
"USS0046Q07S","Upper Nome Creek",3,"25C","2007","09","2007-09-01","2007-10-01",0,0,0,0
"USS0046Q07S","Upper Nome Creek",3,"25C","2007","10","2007-10-01","2007-11-01",2.06502413004826,0,5.98425196850394,0
"USS0046Q07S","Upper Nome Creek",3,"25C","2007","11","2007-11-01","2007-12-01",5.85301837270341,5,5.98425196850394,0
"USS0046Q07S","Upper Nome Creek",3,"25C","2007","12","2007-12-01","2008-01-01",8.55219710439421,5.98425196850394,10,0
"USS0046Q07S","Upper Nome Creek",3,"25C","2008","01","2008-01-01","2008-02-01",14.1617983235966,10,19.0157480314961,0
"USS0046Q07S","Upper Nome Creek",3,"25C","2008","02","2008-02-01","2008-03-01",16.3752375780614,12.992125984252,17.007874015748,0
"USS0046Q07S","Upper Nome Creek",3,"25C","2008","03","2008-03-01","2008-04-01",12.3583947167894,12.007874015748,14.0157480314961,0
"USS0046Q07S","Upper Nome Creek",3,"25C","2008","04","2008-04-01","2008-05-01",16.6692913385827,14.0157480314961,22.007874015748,0
"USS0046Q07S","Upper Nome Creek",3,"25C","2008","05","2008-05-01","2008-06-01",3.51536703073406,0,15,0
"USS0046Q07S","Upper Nome Creek",3,"25C","2008","06","2008-06-01","2008-07-01",0,0,0,0
"USS0046Q07S","Upper Nome Creek",3,"25C","2008","07","2008-07-01","2008-08-01",0,0,0,0
"USS0046Q07S","Upper Nome Creek",3,"25C","2008","08","2008-08-01","2008-09-01",0,0,0,0
"USS0046Q07S","Upper Nome Creek",3,"25C","2008","09","2008-09-01","2008-10-01",0.199475065616798,0,2.00787401574803,0
"USS0046Q07S","Upper Nome Creek",3,"25C","2008","10","2008-10-01","2008-11-01",5.71501143002286,2.00787401574803,10,0
"USS0046Q07S","Upper Nome Creek",3,"25C","2008","11","2008-11-01","2008-12-01",10.3700787401575,7.99212598425197,12.992125984252,0
"USS0046Q07S","Upper Nome Creek",3,"25C","2008","12","2008-12-01","2009-01-01",11.3893827787656,9.01574803149606,14.0157480314961,0
"USS0046Q07S","Upper Nome Creek",3,"25C","2009","01","2009-01-01","2009-02-01",10.7848615697231,9.01574803149606,14.0157480314961,0
"USS0046Q07S","Upper Nome Creek",3,"25C","2009","02","2009-02-01","2009-03-01",17.0753655793026,12.992125984252,25,0
"USS0046Q07S","Upper Nome Creek",3,"25C","2009","03","2009-03-01","2009-04-01",24.0640081280163,22.007874015748,27.992125984252,0
"USS0046Q07S","Upper Nome Creek",3,"25C","2009","04","2009-04-01","2009-05-01",22.6351706036745,12.007874015748,27.007874015748,0
"USS0046Q07S","Upper Nome Creek",3,"25C","2009","05","2009-05-01","2009-06-01",0.773431546863094,0,10,0
"USS0046Q07S","Upper Nome Creek",3,"25C","2009","06","2009-06-01","2009-07-01",0,0,0,0
"USS0046Q07S","Upper Nome Creek",3,"25C","2009","07","2009-07-01","2009-08-01",0,0,0,0
"USS0046Q07S","Upper Nome Creek",3,"25C","2009","08","2009-08-01","2009-09-01",0,0,0,0
"USS0046Q07S","Upper Nome Creek",3,"25C","2009","09","2009-09-01","2009-10-01",0.965879265091864,0,5,0
"USS0046Q07S","Upper Nome Creek",3,"25C","2009","10","2009-10-01","2009-11-01",2.16281432562865,0,4.01574803149606,0
"USS0046Q07S","Upper Nome Creek",3,"25C","2009","11","2009-11-01","2009-12-01",8.73490813648294,4.01574803149606,15,0
"USS0046Q07S","Upper Nome Creek",3,"25C","2009","12","2009-12-01","2010-01-01",11.5468630937262,10,14.0157480314961,0
"USS0046Q07S","Upper Nome Creek",3,"25C","2010","01","2010-01-01","2010-02-01",12.2936245872492,12.007874015748,12.992125984252,0
"USS0046Q07S","Upper Nome Creek",3,"25C","2010","02","2010-02-01","2010-03-01",14.0073115860517,12.992125984252,15,0
"USS0046Q07S","Upper Nome Creek",3,"25C","2010","03","2010-03-01","2010-04-01",15.7772415544831,14.0157480314961,17.007874015748,0
"USS0046Q07S","Upper Nome Creek",3,"25C","2010","04","2010-04-01","2010-05-01",10.4370078740157,0,15.9842519685039,0
"USS0046Q07S","Upper Nome Creek",3,"25C","2010","05","2010-05-01","2010-06-01",0,0,0,0
"USS0046Q07S","Upper Nome Creek",3,"25C","2010","06","2010-06-01","2010-07-01",0,0,0,0
"USS0046Q07S","Upper Nome Creek",3,"25C","2010","07","2010-07-01","2010-08-01",0,0,0,0
"USS0046Q07S","Upper Nome Creek",3,"25C","2010","08","2010-08-01","2010-09-01",0,0,0,0
"USS0046Q07S","Upper Nome Creek",3,"25C","2010","09","2010-09-01","2010-10-01",0,0,0,0
"USS0046Q07S","Upper Nome Creek",3,"25C","2010","10","2010-10-01","2010-11-01",1.70688341376683,0,4.01574803149606,0
"USS0046Q07S","Upper Nome Creek",3,"25C","2010","11","2010-11-01","2010-12-01",13.2296587926509,4.01574803149606,27.992125984252,0
"USS0046Q07S","Upper Nome Creek",3,"25C","2010","12","2010-12-01","2011-01-01",21.7678435356871,20,24.0157480314961,0
"USS0046Q07S","Upper Nome Creek",3,"25C","2011","01","2011-01-01","2011-02-01",23.3845567691135,20.9842519685039,30.9842519685039,0
"USS0046Q07S","Upper Nome Creek",3,"25C","2011","02","2011-02-01","2011-03-01",28.6782902137233,22.007874015748,42.992125984252,0
"USS0046Q07S","Upper Nome Creek",3,"25C","2011","03","2011-03-01","2011-04-01",30.3898907797816,27.992125984252,34.0157480314961,0
"USS0046Q07S","Upper Nome Creek",3,"25C","2011","04","2011-04-01","2011-05-01",27.994750656168,15,30.9842519685039,0
"USS0046Q07S","Upper Nome Creek",3,"25C","2011","05","2011-05-01","2011-06-01",4.80695961391923,0,14.0157480314961,0
"USS0046Q07S","Upper Nome Creek",3,"25C","2011","06","2011-06-01","2011-07-01",0,0,0,0
"USS0046Q07S","Upper Nome Creek",3,"25C","2011","07","2011-07-01","2011-08-01",0,0,0,0
"USS0046Q07S","Upper Nome Creek",3,"25C","2011","08","2011-08-01","2011-09-01",0,0,0,0
"USS0046Q07S","Upper Nome Creek",3,"25C","2011","09","2011-09-01","2011-10-01",0,0,0,0
"USS0046Q07S","Upper Nome Creek",3,"25C","2011","10","2011-10-01","2011-11-01",1.48463296926594,0,4.01574803149606,0
"USS0046Q07S","Upper Nome Creek",3,"25C","2011","11","2011-11-01","2011-12-01",9.33464566929134,4.01574803149606,10.9842519685039,0
"USS0046Q07S","Upper Nome Creek",3,"25C","2011","12","2011-12-01","2012-01-01",18.6118872237744,10,20.9842519685039,0
"USS0046Q07S","Upper Nome Creek",3,"25C","2012","01","2012-01-01","2012-02-01",20.999491998984,17.992125984252,24.0157480314961,0
"USS0046Q07S","Upper Nome Creek",3,"25C","2012","02","2012-02-01","2012-03-01",21.4132500678794,17.992125984252,27.992125984252,0
"USS0046Q07S","Upper Nome Creek",3,"25C","2012","03","2012-03-01","2012-04-01",26.5430530861062,24.0157480314961,37.992125984252,0
"USS0046Q07S","Upper Nome Creek",3,"25C","2012","04","2012-04-01","2012-05-01",16.0682414698163,0,25,0
"USS0046Q07S","Upper Nome Creek",3,"25C","2012","05","2012-05-01","2012-06-01",0,0,0,0
"USS0046Q07S","Upper Nome Creek",3,"25C","2012","06","2012-06-01","2012-07-01",0,0,0,0
"USS0046Q07S","Upper Nome Creek",3,"25C","2012","07","2012-07-01","2012-08-01",0,0,0,0
"USS0046Q07S","Upper Nome Creek",3,"25C","2012","08","2012-08-01","2012-09-01",0,0,0,0
"USS0046Q07S","Upper Nome Creek",3,"25C","2012","09","2012-09-01","2012-10-01",0,0,0,0
"USS0046Q07S","Upper Nome Creek",3,"25C","2012","10","2012-10-01","2012-11-01",3.6753873507747,0,7.00787401574803,0
"USS0046Q07S","Upper Nome Creek",3,"25C","2012","11","2012-11-01","2012-12-01",5.93175853018373,5,7.99212598425197,0
"USS0046Q07S","Upper Nome Creek",3,"25C","2012","12","2012-12-01","2013-01-01",11.5214630429261,5,17.992125984252,0
"USS0046Q07S","Upper Nome Creek",3,"25C","2013","01","2013-01-01","2013-02-01",17.1945643891288,12.992125984252,20.9842519685039,0
"USS0046Q07S","Upper Nome Creek",3,"25C","2013","02","2013-02-01","2013-03-01",24.0691788526434,20,25.9842519685039,0
"USS0046Q07S","Upper Nome Creek",3,"25C","2013","03","2013-03-01","2013-04-01",23.4810769621539,20,25.9842519685039,0
"USS0046Q07S","Upper Nome Creek",3,"25C","2013","04","2013-04-01","2013-05-01",22.6981627296588,20,25.9842519685039,0
"USS0046Q07S","Upper Nome Creek",3,"25C","2013","05","2013-05-01","2013-06-01",11.739903479807,0,25,0
"USS0046Q07S","Upper Nome Creek",3,"25C","2013","06","2013-06-01","2013-07-01",0,0,0,0
"USS0046Q07S","Upper Nome Creek",3,"25C","2013","07","2013-07-01","2013-08-01",0,0,0,0
"USS0046Q07S","Upper Nome Creek",3,"25C","2013","08","2013-08-01","2013-09-01",0,0,0,0
"USS0046Q07S","Upper Nome Creek",3,"25C","2013","09","2013-09-01","2013-10-01",0.0656167979002625,0,0.984251968503937,0
"USS0046Q07S","Upper Nome Creek",3,"25C","2013","10","2013-10-01","2013-11-01",2.26187452374905,0,5,0
"USS0046Q07S","Upper Nome Creek",3,"25C","2013","11","2013-11-01","2013-12-01",14.9645669291339,5,20.9842519685039,0
"USS0046Q07S","Upper Nome Creek",3,"25C","2013","12","2013-12-01","2014-01-01",21.2001524003048,19.0157480314961,24.0157480314961,0
"USS0046Q07S","Upper Nome Creek",3,"25C","2014","01","2014-01-01","2014-02-01",25.262890525781,22.992125984252,29.0157480314961,0
"USS0046Q07S","Upper Nome Creek",3,"25C","2014","02","2014-02-01","2014-03-01",24.6850393700787,24.0157480314961,27.992125984252,0
"USS0046Q07S","Upper Nome Creek",3,"25C","2014","03","2014-03-01","2014-04-01",25.0330200660401,24.0157480314961,27.007874015748,0
"USS0046Q07S","Upper Nome Creek",3,"25C","2014","04","2014-04-01","2014-05-01",22.0354330708661,10,30,0
"USS0046Q07S","Upper Nome Creek",3,"25C","2014","05","2014-05-01","2014-06-01",0.612141224282449,0,7.99212598425197,0
"USS0046Q07S","Upper Nome Creek",3,"25C","2014","06","2014-06-01","2014-07-01",0.133858267716535,0,4.01574803149606,0
"USS0046Q07S","Upper Nome Creek",3,"25C","2014","07","2014-07-01","2014-08-01",0.613411226822454,0,5,0
"USS0046Q07S","Upper Nome Creek",3,"25C","2014","08","2014-08-01","2014-09-01",0,0,0,0
"USS0046Q07S","Upper Nome Creek",3,"25C","2014","09","2014-09-01","2014-10-01",0.233595800524934,0,5,0
"USS0046Q07S","Upper Nome Creek",3,"25C","2014","10","2014-10-01","2014-11-01",6.52019304038608,4.01574803149606,7.99212598425197,0
"USS0046Q07S","Upper Nome Creek",3,"25C","2014","11","2014-11-01","2014-12-01",7.83727034120735,7.00787401574803,12.007874015748,0
"USS0046Q07S","Upper Nome Creek",3,"25C","2014","12","2014-12-01","2015-01-01",15.3568707137414,12.007874015748,20,0
"USS0046Q07S","Upper Nome Creek",3,"25C","2015","01","2015-01-01","2015-02-01",18.2639065278131,17.007874015748,20,0
"USS0046Q07S","Upper Nome Creek",3,"25C","2015","02","2015-02-01","2015-03-01",18.8273340832396,17.007874015748,22.992125984252,0
"USS0046Q07S","Upper Nome Creek",3,"25C","2015","03","2015-03-01","2015-04-01",32.3571247142494,22.992125984252,39.0157480314961,0
"USS0046Q07S","Upper Nome Creek",3,"25C","2015","04","2015-04-01","2015-05-01",28.1325459317585,20,30.9842519685039,0
"USS0046Q07S","Upper Nome Creek",3,"25C","2015","05","2015-05-01","2015-06-01",5.38608077216154,0,20,0
"USS0046Q07S","Upper Nome Creek",3,"25C","2015","06","2015-06-01","2015-07-01",0,0,0,0
"USS0046Q07S","Upper Nome Creek",3,"25C","2015","07","2015-07-01","2015-08-01",0,0,0,0
"USS0046Q07S","Upper Nome Creek",3,"25C","2015","08","2015-08-01","2015-09-01",0,0,0,0
"USS0046Q07S","Upper Nome Creek",3,"25C","2015","09","2015-09-01","2015-10-01",1.5997375328084,0,12.992125984252,0
"USS0046Q07S","Upper Nome Creek",3,"25C","2015","10","2015-10-01","2015-11-01",10.6070612141224,9.01574803149606,12.992125984252,0
"USS0046Q07S","Upper Nome Creek",3,"25C","2015","11","2015-11-01","2015-12-01",20.0643044619423,12.992125984252,30,0
"USS0046Q07S","Upper Nome Creek",3,"25C","2015","12","2015-12-01","2016-01-01",24.9047498094996,24.0157480314961,25.9842519685039,0
"USS0046Q07S","Upper Nome Creek",3,"25C","2016","01","2016-01-01","2016-02-01",24.0474980949962,24.0157480314961,25,0
"USS0046Q07S","Upper Nome Creek",3,"25C","2016","02","2016-02-01","2016-03-01",24.6266630464295,24.0157480314961,25,0
"USS0046Q07S","Upper Nome Creek",3,"25C","2016","03","2016-03-01","2016-04-01",24.9403098806198,24.0157480314961,27.992125984252,0
"USS0046Q07S","Upper Nome Creek",3,"25C","2016","04","2016-04-01","2016-05-01",23.0669291338583,5.98425196850394,30.9842519685039,0
"USS0046Q07S","Upper Nome Creek",3,"25C","2016","05","2016-05-01","2016-06-01",0.194310388620777,0,4.01574803149606,0
"USS0046Q07S","Upper Nome Creek",3,"25C","2016","06","2016-06-01","2016-07-01",0,0,0,0
"USS0046Q07S","Upper Nome Creek",3,"25C","2016","07","2016-07-01","2016-08-01",0,0,0,0
"USS0046Q07S","Upper Nome Creek",3,"25C","2016","08","2016-08-01","2016-09-01",0,0,0,0
"USS0046Q07S","Upper Nome Creek",3,"25C","2016","09","2016-09-01","2016-10-01",0.299212598425197,0,2.99212598425197,0
"USS0046Q07S","Upper Nome Creek",3,"25C","2016","10","2016-10-01","2016-11-01",1.0502921005842,0.984251968503937,2.00787401574803,0
"USS0046Q07S","Upper Nome Creek",3,"25C","2016","11","2016-11-01","2016-12-01",2.63254593175853,0.984251968503937,5,0
"USS0046Q07S","Upper Nome Creek",3,"25C","2016","12","2016-12-01","2017-01-01",8.73888747777496,5,20,0
"USS0046Q07S","Upper Nome Creek",3,"25C","2017","01","2017-01-01","2017-02-01",20.744221488443,17.992125984252,24.0157480314961,0
"USS0046Q07S","Upper Nome Creek",3,"25C","2017","02","2017-02-01","2017-03-01",24.859392575928,20.9842519685039,37.007874015748,0
"USS0046Q07S","Upper Nome Creek",3,"25C","2017","03","2017-03-01","2017-04-01",30.5461010922022,29.0157480314961,32.007874015748,0
"USS0046Q07S","Upper Nome Creek",3,"25C","2017","04","2017-04-01","2017-05-01",25.7007874015748,15,30,0
"USS0046Q07S","Upper Nome Creek",3,"25C","2017","05","2017-05-01","2017-06-01",2.74193548387097,0,14.0157480314961,0
"USS0046Q07S","Upper Nome Creek",3,"25C","2017","06","2017-06-01","2017-07-01",0,0,0,0
"USS0046Q07S","Upper Nome Creek",3,"25C","2017","07","2017-07-01","2017-08-01",0,0,0,0
"USS0046Q07S","Upper Nome Creek",3,"25C","2017","08","2017-08-01","2017-09-01",0,0,0,0
"USS0046Q07S","Upper Nome Creek",3,"25C","2017","09","2017-09-01","2017-10-01",0.199475065616798,0,5,0
"USS0046Q07S","Upper Nome Creek",3,"25C","2017","10","2017-10-01","2017-11-01",11.254762509525,0,19.0157480314961,0
"USS0046Q07S","Upper Nome Creek",3,"25C","2017","11","2017-11-01","2017-12-01",24.0328083989501,17.992125984252,30,0
"USS0046Q07S","Upper Nome Creek",3,"25C","2017","12","2017-12-01","2018-01-01",27.1945643891288,24.0157480314961,30.9842519685039,0
"USS0046Q07S","Upper Nome Creek",3,"25C","2018","01","2018-01-01","2018-02-01",30.6108712217424,27.992125984252,35,0
"USS0046Q07S","Upper Nome Creek",3,"25C","2018","02","2018-02-01","2018-03-01",39.1057367829021,30.9842519685039,52.992125984252,0
"USS0046Q07S","Upper Nome Creek",3,"25C","2018","03","2018-03-01","2018-04-01",49.5834391668783,47.007874015748,52.992125984252,0
"USS0046Q07S","Upper Nome Creek",3,"25C","2018","04","2018-04-01","2018-05-01",41.5314960629921,39.0157480314961,49.0157480314961,0
"USS0046Q07S","Upper Nome Creek",3,"25C","2018","05","2018-05-01","2018-06-01",20.4838709677419,0,42.992125984252,0
"USS0046Q07S","Upper Nome Creek",3,"25C","2018","06","2018-06-01","2018-07-01",0,0,0,0
"USS0046Q07S","Upper Nome Creek",3,"25C","2018","07","2018-07-01","2018-08-01",0,0,0,0
"USS0046Q07S","Upper Nome Creek",3,"25C","2018","08","2018-08-01","2018-09-01",0,0,0,0
"USS0046Q07S","Upper Nome Creek",3,"25C","2018","09","2018-09-01","2018-10-01",0.0669291338582677,0,2.00787401574803,0
"USS0046Q07S","Upper Nome Creek",3,"25C","2018","10","2018-10-01","2018-11-01",1.41732283464567,0,2.99212598425197,0
"USS0046Q07S","Upper Nome Creek",3,"25C","2018","11","2018-11-01","2018-12-01",5.73490813648294,2.99212598425197,7.99212598425197,0
