"ID","Name","Region","Unit","YEAR","MONTH","START","END","SNWDavg_in","SNWDmin_in","SNWDmax_in","MISSING_pcnt"
"USS0045Q05S","Eagle Summit",3,"25C",NA,NA,"1980-01-01","1980-02-01",NA,NA,NA,100
"USS0045Q05S","Eagle Summit",3,"25C",NA,NA,"1980-02-01","1980-03-01",NA,NA,NA,100
"USS0045Q05S","Eagle Summit",3,"25C",NA,NA,"1980-03-01","1980-04-01",NA,NA,NA,100
"USS0045Q05S","Eagle Summit",3,"25C",NA,NA,"1980-04-01","1980-05-01",NA,NA,NA,100
"USS0045Q05S","Eagle Summit",3,"25C",NA,NA,"1980-05-01","1980-06-01",NA,NA,NA,100
"USS0045Q05S","Eagle Summit",3,"25C",NA,NA,"1980-06-01","1980-07-01",NA,NA,NA,100
"USS0045Q05S","Eagle Summit",3,"25C",NA,NA,"1980-07-01","1980-08-01",NA,NA,NA,100
"USS0045Q05S","Eagle Summit",3,"25C",NA,NA,"1980-08-01","1980-09-01",NA,NA,NA,100
"USS0045Q05S","Eagle Summit",3,"25C",NA,NA,"1980-09-01","1980-10-01",NA,NA,NA,100
"USS0045Q05S","Eagle Summit",3,"25C",NA,NA,"1980-10-01","1980-11-01",NA,NA,NA,100
"USS0045Q05S","Eagle Summit",3,"25C",NA,NA,"1980-11-01","1980-12-01",NA,NA,NA,100
"USS0045Q05S","Eagle Summit",3,"25C",NA,NA,"1980-12-01","1981-01-01",NA,NA,NA,100
"USS0045Q05S","Eagle Summit",3,"25C",NA,NA,"1981-01-01","1981-02-01",NA,NA,NA,100
"USS0045Q05S","Eagle Summit",3,"25C",NA,NA,"1981-02-01","1981-03-01",NA,NA,NA,100
"USS0045Q05S","Eagle Summit",3,"25C",NA,NA,"1981-03-01","1981-04-01",NA,NA,NA,100
"USS0045Q05S","Eagle Summit",3,"25C",NA,NA,"1981-04-01","1981-05-01",NA,NA,NA,100
"USS0045Q05S","Eagle Summit",3,"25C",NA,NA,"1981-05-01","1981-06-01",NA,NA,NA,100
"USS0045Q05S","Eagle Summit",3,"25C",NA,NA,"1981-06-01","1981-07-01",NA,NA,NA,100
"USS0045Q05S","Eagle Summit",3,"25C",NA,NA,"1981-07-01","1981-08-01",NA,NA,NA,100
"USS0045Q05S","Eagle Summit",3,"25C",NA,NA,"1981-08-01","1981-09-01",NA,NA,NA,100
"USS0045Q05S","Eagle Summit",3,"25C",NA,NA,"1981-09-01","1981-10-01",NA,NA,NA,100
"USS0045Q05S","Eagle Summit",3,"25C",NA,NA,"1981-10-01","1981-11-01",NA,NA,NA,100
"USS0045Q05S","Eagle Summit",3,"25C",NA,NA,"1981-11-01","1981-12-01",NA,NA,NA,100
"USS0045Q05S","Eagle Summit",3,"25C",NA,NA,"1981-12-01","1982-01-01",NA,NA,NA,100
"USS0045Q05S","Eagle Summit",3,"25C",NA,NA,"1982-01-01","1982-02-01",NA,NA,NA,100
"USS0045Q05S","Eagle Summit",3,"25C",NA,NA,"1982-02-01","1982-03-01",NA,NA,NA,100
"USS0045Q05S","Eagle Summit",3,"25C",NA,NA,"1982-03-01","1982-04-01",NA,NA,NA,100
"USS0045Q05S","Eagle Summit",3,"25C",NA,NA,"1982-04-01","1982-05-01",NA,NA,NA,100
"USS0045Q05S","Eagle Summit",3,"25C",NA,NA,"1982-05-01","1982-06-01",NA,NA,NA,100
"USS0045Q05S","Eagle Summit",3,"25C",NA,NA,"1982-06-01","1982-07-01",NA,NA,NA,100
"USS0045Q05S","Eagle Summit",3,"25C",NA,NA,"1982-07-01","1982-08-01",NA,NA,NA,100
"USS0045Q05S","Eagle Summit",3,"25C",NA,NA,"1982-08-01","1982-09-01",NA,NA,NA,100
"USS0045Q05S","Eagle Summit",3,"25C",NA,NA,"1982-09-01","1982-10-01",NA,NA,NA,100
"USS0045Q05S","Eagle Summit",3,"25C",NA,NA,"1982-10-01","1982-11-01",NA,NA,NA,100
"USS0045Q05S","Eagle Summit",3,"25C",NA,NA,"1982-11-01","1982-12-01",NA,NA,NA,100
"USS0045Q05S","Eagle Summit",3,"25C",NA,NA,"1982-12-01","1983-01-01",NA,NA,NA,100
"USS0045Q05S","Eagle Summit",3,"25C",NA,NA,"1983-01-01","1983-02-01",NA,NA,NA,100
"USS0045Q05S","Eagle Summit",3,"25C",NA,NA,"1983-02-01","1983-03-01",NA,NA,NA,100
"USS0045Q05S","Eagle Summit",3,"25C",NA,NA,"1983-03-01","1983-04-01",NA,NA,NA,100
"USS0045Q05S","Eagle Summit",3,"25C",NA,NA,"1983-04-01","1983-05-01",NA,NA,NA,100
"USS0045Q05S","Eagle Summit",3,"25C",NA,NA,"1983-05-01","1983-06-01",NA,NA,NA,100
"USS0045Q05S","Eagle Summit",3,"25C",NA,NA,"1983-06-01","1983-07-01",NA,NA,NA,100
"USS0045Q05S","Eagle Summit",3,"25C",NA,NA,"1983-07-01","1983-08-01",NA,NA,NA,100
"USS0045Q05S","Eagle Summit",3,"25C",NA,NA,"1983-08-01","1983-09-01",NA,NA,NA,100
"USS0045Q05S","Eagle Summit",3,"25C",NA,NA,"1983-09-01","1983-10-01",NA,NA,NA,100
"USS0045Q05S","Eagle Summit",3,"25C",NA,NA,"1983-10-01","1983-11-01",NA,NA,NA,100
"USS0045Q05S","Eagle Summit",3,"25C",NA,NA,"1983-11-01","1983-12-01",NA,NA,NA,100
"USS0045Q05S","Eagle Summit",3,"25C",NA,NA,"1983-12-01","1984-01-01",NA,NA,NA,100
"USS0045Q05S","Eagle Summit",3,"25C",NA,NA,"1984-01-01","1984-02-01",NA,NA,NA,100
"USS0045Q05S","Eagle Summit",3,"25C",NA,NA,"1984-02-01","1984-03-01",NA,NA,NA,100
"USS0045Q05S","Eagle Summit",3,"25C",NA,NA,"1984-03-01","1984-04-01",NA,NA,NA,100
"USS0045Q05S","Eagle Summit",3,"25C",NA,NA,"1984-04-01","1984-05-01",NA,NA,NA,100
"USS0045Q05S","Eagle Summit",3,"25C",NA,NA,"1984-05-01","1984-06-01",NA,NA,NA,100
"USS0045Q05S","Eagle Summit",3,"25C",NA,NA,"1984-06-01","1984-07-01",NA,NA,NA,100
"USS0045Q05S","Eagle Summit",3,"25C",NA,NA,"1984-07-01","1984-08-01",NA,NA,NA,100
"USS0045Q05S","Eagle Summit",3,"25C",NA,NA,"1984-08-01","1984-09-01",NA,NA,NA,100
"USS0045Q05S","Eagle Summit",3,"25C",NA,NA,"1984-09-01","1984-10-01",NA,NA,NA,100
"USS0045Q05S","Eagle Summit",3,"25C",NA,NA,"1984-10-01","1984-11-01",NA,NA,NA,100
"USS0045Q05S","Eagle Summit",3,"25C",NA,NA,"1984-11-01","1984-12-01",NA,NA,NA,100
"USS0045Q05S","Eagle Summit",3,"25C",NA,NA,"1984-12-01","1985-01-01",NA,NA,NA,100
"USS0045Q05S","Eagle Summit",3,"25C",NA,NA,"1985-01-01","1985-02-01",NA,NA,NA,100
"USS0045Q05S","Eagle Summit",3,"25C",NA,NA,"1985-02-01","1985-03-01",NA,NA,NA,100
"USS0045Q05S","Eagle Summit",3,"25C",NA,NA,"1985-03-01","1985-04-01",NA,NA,NA,100
"USS0045Q05S","Eagle Summit",3,"25C",NA,NA,"1985-04-01","1985-05-01",NA,NA,NA,100
"USS0045Q05S","Eagle Summit",3,"25C",NA,NA,"1985-05-01","1985-06-01",NA,NA,NA,100
"USS0045Q05S","Eagle Summit",3,"25C",NA,NA,"1985-06-01","1985-07-01",NA,NA,NA,100
"USS0045Q05S","Eagle Summit",3,"25C",NA,NA,"1985-07-01","1985-08-01",NA,NA,NA,100
"USS0045Q05S","Eagle Summit",3,"25C",NA,NA,"1985-08-01","1985-09-01",NA,NA,NA,100
"USS0045Q05S","Eagle Summit",3,"25C",NA,NA,"1985-09-01","1985-10-01",NA,NA,NA,100
"USS0045Q05S","Eagle Summit",3,"25C",NA,NA,"1985-10-01","1985-11-01",NA,NA,NA,100
"USS0045Q05S","Eagle Summit",3,"25C",NA,NA,"1985-11-01","1985-12-01",NA,NA,NA,100
"USS0045Q05S","Eagle Summit",3,"25C",NA,NA,"1985-12-01","1986-01-01",NA,NA,NA,100
"USS0045Q05S","Eagle Summit",3,"25C",NA,NA,"1986-01-01","1986-02-01",NA,NA,NA,100
"USS0045Q05S","Eagle Summit",3,"25C",NA,NA,"1986-02-01","1986-03-01",NA,NA,NA,100
"USS0045Q05S","Eagle Summit",3,"25C",NA,NA,"1986-03-01","1986-04-01",NA,NA,NA,100
"USS0045Q05S","Eagle Summit",3,"25C",NA,NA,"1986-04-01","1986-05-01",NA,NA,NA,100
"USS0045Q05S","Eagle Summit",3,"25C",NA,NA,"1986-05-01","1986-06-01",NA,NA,NA,100
"USS0045Q05S","Eagle Summit",3,"25C",NA,NA,"1986-06-01","1986-07-01",NA,NA,NA,100
"USS0045Q05S","Eagle Summit",3,"25C",NA,NA,"1986-07-01","1986-08-01",NA,NA,NA,100
"USS0045Q05S","Eagle Summit",3,"25C",NA,NA,"1986-08-01","1986-09-01",NA,NA,NA,100
"USS0045Q05S","Eagle Summit",3,"25C",NA,NA,"1986-09-01","1986-10-01",NA,NA,NA,100
"USS0045Q05S","Eagle Summit",3,"25C",NA,NA,"1986-10-01","1986-11-01",NA,NA,NA,100
"USS0045Q05S","Eagle Summit",3,"25C",NA,NA,"1986-11-01","1986-12-01",NA,NA,NA,100
"USS0045Q05S","Eagle Summit",3,"25C",NA,NA,"1986-12-01","1987-01-01",NA,NA,NA,100
"USS0045Q05S","Eagle Summit",3,"25C",NA,NA,"1987-01-01","1987-02-01",NA,NA,NA,100
"USS0045Q05S","Eagle Summit",3,"25C",NA,NA,"1987-02-01","1987-03-01",NA,NA,NA,100
"USS0045Q05S","Eagle Summit",3,"25C",NA,NA,"1987-03-01","1987-04-01",NA,NA,NA,100
"USS0045Q05S","Eagle Summit",3,"25C",NA,NA,"1987-04-01","1987-05-01",NA,NA,NA,100
"USS0045Q05S","Eagle Summit",3,"25C",NA,NA,"1987-05-01","1987-06-01",NA,NA,NA,100
"USS0045Q05S","Eagle Summit",3,"25C",NA,NA,"1987-06-01","1987-07-01",NA,NA,NA,100
"USS0045Q05S","Eagle Summit",3,"25C",NA,NA,"1987-07-01","1987-08-01",NA,NA,NA,100
"USS0045Q05S","Eagle Summit",3,"25C",NA,NA,"1987-08-01","1987-09-01",NA,NA,NA,100
"USS0045Q05S","Eagle Summit",3,"25C",NA,NA,"1987-09-01","1987-10-01",NA,NA,NA,100
"USS0045Q05S","Eagle Summit",3,"25C",NA,NA,"1987-10-01","1987-11-01",NA,NA,NA,100
"USS0045Q05S","Eagle Summit",3,"25C",NA,NA,"1987-11-01","1987-12-01",NA,NA,NA,100
"USS0045Q05S","Eagle Summit",3,"25C",NA,NA,"1987-12-01","1988-01-01",NA,NA,NA,100
"USS0045Q05S","Eagle Summit",3,"25C",NA,NA,"1988-01-01","1988-02-01",NA,NA,NA,100
"USS0045Q05S","Eagle Summit",3,"25C",NA,NA,"1988-02-01","1988-03-01",NA,NA,NA,100
"USS0045Q05S","Eagle Summit",3,"25C",NA,NA,"1988-03-01","1988-04-01",NA,NA,NA,100
"USS0045Q05S","Eagle Summit",3,"25C",NA,NA,"1988-04-01","1988-05-01",NA,NA,NA,100
"USS0045Q05S","Eagle Summit",3,"25C",NA,NA,"1988-05-01","1988-06-01",NA,NA,NA,100
"USS0045Q05S","Eagle Summit",3,"25C",NA,NA,"1988-06-01","1988-07-01",NA,NA,NA,100
"USS0045Q05S","Eagle Summit",3,"25C",NA,NA,"1988-07-01","1988-08-01",NA,NA,NA,100
"USS0045Q05S","Eagle Summit",3,"25C",NA,NA,"1988-08-01","1988-09-01",NA,NA,NA,100
"USS0045Q05S","Eagle Summit",3,"25C",NA,NA,"1988-09-01","1988-10-01",NA,NA,NA,100
"USS0045Q05S","Eagle Summit",3,"25C",NA,NA,"1988-10-01","1988-11-01",NA,NA,NA,100
"USS0045Q05S","Eagle Summit",3,"25C",NA,NA,"1988-11-01","1988-12-01",NA,NA,NA,100
"USS0045Q05S","Eagle Summit",3,"25C",NA,NA,"1988-12-01","1989-01-01",NA,NA,NA,100
"USS0045Q05S","Eagle Summit",3,"25C",NA,NA,"1989-01-01","1989-02-01",NA,NA,NA,100
"USS0045Q05S","Eagle Summit",3,"25C",NA,NA,"1989-02-01","1989-03-01",NA,NA,NA,100
"USS0045Q05S","Eagle Summit",3,"25C",NA,NA,"1989-03-01","1989-04-01",NA,NA,NA,100
"USS0045Q05S","Eagle Summit",3,"25C",NA,NA,"1989-04-01","1989-05-01",NA,NA,NA,100
"USS0045Q05S","Eagle Summit",3,"25C",NA,NA,"1989-05-01","1989-06-01",NA,NA,NA,100
"USS0045Q05S","Eagle Summit",3,"25C",NA,NA,"1989-06-01","1989-07-01",NA,NA,NA,100
"USS0045Q05S","Eagle Summit",3,"25C",NA,NA,"1989-07-01","1989-08-01",NA,NA,NA,100
"USS0045Q05S","Eagle Summit",3,"25C",NA,NA,"1989-08-01","1989-09-01",NA,NA,NA,100
"USS0045Q05S","Eagle Summit",3,"25C",NA,NA,"1989-09-01","1989-10-01",NA,NA,NA,100
"USS0045Q05S","Eagle Summit",3,"25C",NA,NA,"1989-10-01","1989-11-01",NA,NA,NA,100
"USS0045Q05S","Eagle Summit",3,"25C",NA,NA,"1989-11-01","1989-12-01",NA,NA,NA,100
"USS0045Q05S","Eagle Summit",3,"25C",NA,NA,"1989-12-01","1990-01-01",NA,NA,NA,100
"USS0045Q05S","Eagle Summit",3,"25C",NA,NA,"1990-01-01","1990-02-01",NA,NA,NA,100
"USS0045Q05S","Eagle Summit",3,"25C",NA,NA,"1990-02-01","1990-03-01",NA,NA,NA,100
"USS0045Q05S","Eagle Summit",3,"25C",NA,NA,"1990-03-01","1990-04-01",NA,NA,NA,100
"USS0045Q05S","Eagle Summit",3,"25C",NA,NA,"1990-04-01","1990-05-01",NA,NA,NA,100
"USS0045Q05S","Eagle Summit",3,"25C",NA,NA,"1990-05-01","1990-06-01",NA,NA,NA,100
"USS0045Q05S","Eagle Summit",3,"25C",NA,NA,"1990-06-01","1990-07-01",NA,NA,NA,100
"USS0045Q05S","Eagle Summit",3,"25C",NA,NA,"1990-07-01","1990-08-01",NA,NA,NA,100
"USS0045Q05S","Eagle Summit",3,"25C",NA,NA,"1990-08-01","1990-09-01",NA,NA,NA,100
"USS0045Q05S","Eagle Summit",3,"25C",NA,NA,"1990-09-01","1990-10-01",NA,NA,NA,100
"USS0045Q05S","Eagle Summit",3,"25C",NA,NA,"1990-10-01","1990-11-01",NA,NA,NA,100
"USS0045Q05S","Eagle Summit",3,"25C",NA,NA,"1990-11-01","1990-12-01",NA,NA,NA,100
"USS0045Q05S","Eagle Summit",3,"25C",NA,NA,"1990-12-01","1991-01-01",NA,NA,NA,100
"USS0045Q05S","Eagle Summit",3,"25C",NA,NA,"1991-01-01","1991-02-01",NA,NA,NA,100
"USS0045Q05S","Eagle Summit",3,"25C",NA,NA,"1991-02-01","1991-03-01",NA,NA,NA,100
"USS0045Q05S","Eagle Summit",3,"25C",NA,NA,"1991-03-01","1991-04-01",NA,NA,NA,100
"USS0045Q05S","Eagle Summit",3,"25C",NA,NA,"1991-04-01","1991-05-01",NA,NA,NA,100
"USS0045Q05S","Eagle Summit",3,"25C",NA,NA,"1991-05-01","1991-06-01",NA,NA,NA,100
"USS0045Q05S","Eagle Summit",3,"25C",NA,NA,"1991-06-01","1991-07-01",NA,NA,NA,100
"USS0045Q05S","Eagle Summit",3,"25C",NA,NA,"1991-07-01","1991-08-01",NA,NA,NA,100
"USS0045Q05S","Eagle Summit",3,"25C",NA,NA,"1991-08-01","1991-09-01",NA,NA,NA,100
"USS0045Q05S","Eagle Summit",3,"25C",NA,NA,"1991-09-01","1991-10-01",NA,NA,NA,100
"USS0045Q05S","Eagle Summit",3,"25C",NA,NA,"1991-10-01","1991-11-01",NA,NA,NA,100
"USS0045Q05S","Eagle Summit",3,"25C",NA,NA,"1991-11-01","1991-12-01",NA,NA,NA,100
"USS0045Q05S","Eagle Summit",3,"25C",NA,NA,"1991-12-01","1992-01-01",NA,NA,NA,100
"USS0045Q05S","Eagle Summit",3,"25C",NA,NA,"1992-01-01","1992-02-01",NA,NA,NA,100
"USS0045Q05S","Eagle Summit",3,"25C",NA,NA,"1992-02-01","1992-03-01",NA,NA,NA,100
"USS0045Q05S","Eagle Summit",3,"25C",NA,NA,"1992-03-01","1992-04-01",NA,NA,NA,100
"USS0045Q05S","Eagle Summit",3,"25C",NA,NA,"1992-04-01","1992-05-01",NA,NA,NA,100
"USS0045Q05S","Eagle Summit",3,"25C",NA,NA,"1992-05-01","1992-06-01",NA,NA,NA,100
"USS0045Q05S","Eagle Summit",3,"25C",NA,NA,"1992-06-01","1992-07-01",NA,NA,NA,100
"USS0045Q05S","Eagle Summit",3,"25C",NA,NA,"1992-07-01","1992-08-01",NA,NA,NA,100
"USS0045Q05S","Eagle Summit",3,"25C",NA,NA,"1992-08-01","1992-09-01",NA,NA,NA,100
"USS0045Q05S","Eagle Summit",3,"25C",NA,NA,"1992-09-01","1992-10-01",NA,NA,NA,100
"USS0045Q05S","Eagle Summit",3,"25C",NA,NA,"1992-10-01","1992-11-01",NA,NA,NA,100
"USS0045Q05S","Eagle Summit",3,"25C",NA,NA,"1992-11-01","1992-12-01",NA,NA,NA,100
"USS0045Q05S","Eagle Summit",3,"25C",NA,NA,"1992-12-01","1993-01-01",NA,NA,NA,100
"USS0045Q05S","Eagle Summit",3,"25C",NA,NA,"1993-01-01","1993-02-01",NA,NA,NA,100
"USS0045Q05S","Eagle Summit",3,"25C",NA,NA,"1993-02-01","1993-03-01",NA,NA,NA,100
"USS0045Q05S","Eagle Summit",3,"25C",NA,NA,"1993-03-01","1993-04-01",NA,NA,NA,100
"USS0045Q05S","Eagle Summit",3,"25C",NA,NA,"1993-04-01","1993-05-01",NA,NA,NA,100
"USS0045Q05S","Eagle Summit",3,"25C",NA,NA,"1993-05-01","1993-06-01",NA,NA,NA,100
"USS0045Q05S","Eagle Summit",3,"25C",NA,NA,"1993-06-01","1993-07-01",NA,NA,NA,100
"USS0045Q05S","Eagle Summit",3,"25C",NA,NA,"1993-07-01","1993-08-01",NA,NA,NA,100
"USS0045Q05S","Eagle Summit",3,"25C",NA,NA,"1993-08-01","1993-09-01",NA,NA,NA,100
"USS0045Q05S","Eagle Summit",3,"25C",NA,NA,"1993-09-01","1993-10-01",NA,NA,NA,100
"USS0045Q05S","Eagle Summit",3,"25C",NA,NA,"1993-10-01","1993-11-01",NA,NA,NA,100
"USS0045Q05S","Eagle Summit",3,"25C",NA,NA,"1993-11-01","1993-12-01",NA,NA,NA,100
"USS0045Q05S","Eagle Summit",3,"25C",NA,NA,"1993-12-01","1994-01-01",NA,NA,NA,100
"USS0045Q05S","Eagle Summit",3,"25C",NA,NA,"1994-01-01","1994-02-01",NA,NA,NA,100
"USS0045Q05S","Eagle Summit",3,"25C",NA,NA,"1994-02-01","1994-03-01",NA,NA,NA,100
"USS0045Q05S","Eagle Summit",3,"25C",NA,NA,"1994-03-01","1994-04-01",NA,NA,NA,100
"USS0045Q05S","Eagle Summit",3,"25C",NA,NA,"1994-04-01","1994-05-01",NA,NA,NA,100
"USS0045Q05S","Eagle Summit",3,"25C",NA,NA,"1994-05-01","1994-06-01",NA,NA,NA,100
"USS0045Q05S","Eagle Summit",3,"25C",NA,NA,"1994-06-01","1994-07-01",NA,NA,NA,100
"USS0045Q05S","Eagle Summit",3,"25C",NA,NA,"1994-07-01","1994-08-01",NA,NA,NA,100
"USS0045Q05S","Eagle Summit",3,"25C",NA,NA,"1994-08-01","1994-09-01",NA,NA,NA,100
"USS0045Q05S","Eagle Summit",3,"25C",NA,NA,"1994-09-01","1994-10-01",NA,NA,NA,100
"USS0045Q05S","Eagle Summit",3,"25C",NA,NA,"1994-10-01","1994-11-01",NA,NA,NA,100
"USS0045Q05S","Eagle Summit",3,"25C",NA,NA,"1994-11-01","1994-12-01",NA,NA,NA,100
"USS0045Q05S","Eagle Summit",3,"25C",NA,NA,"1994-12-01","1995-01-01",NA,NA,NA,100
"USS0045Q05S","Eagle Summit",3,"25C",NA,NA,"1995-01-01","1995-02-01",NA,NA,NA,100
"USS0045Q05S","Eagle Summit",3,"25C",NA,NA,"1995-02-01","1995-03-01",NA,NA,NA,100
"USS0045Q05S","Eagle Summit",3,"25C",NA,NA,"1995-03-01","1995-04-01",NA,NA,NA,100
"USS0045Q05S","Eagle Summit",3,"25C",NA,NA,"1995-04-01","1995-05-01",NA,NA,NA,100
"USS0045Q05S","Eagle Summit",3,"25C",NA,NA,"1995-05-01","1995-06-01",NA,NA,NA,100
"USS0045Q05S","Eagle Summit",3,"25C",NA,NA,"1995-06-01","1995-07-01",NA,NA,NA,100
"USS0045Q05S","Eagle Summit",3,"25C",NA,NA,"1995-07-01","1995-08-01",NA,NA,NA,100
"USS0045Q05S","Eagle Summit",3,"25C",NA,NA,"1995-08-01","1995-09-01",NA,NA,NA,100
"USS0045Q05S","Eagle Summit",3,"25C",NA,NA,"1995-09-01","1995-10-01",NA,NA,NA,100
"USS0045Q05S","Eagle Summit",3,"25C",NA,NA,"1995-10-01","1995-11-01",NA,NA,NA,100
"USS0045Q05S","Eagle Summit",3,"25C",NA,NA,"1995-11-01","1995-12-01",NA,NA,NA,100
"USS0045Q05S","Eagle Summit",3,"25C",NA,NA,"1995-12-01","1996-01-01",NA,NA,NA,100
"USS0045Q05S","Eagle Summit",3,"25C",NA,NA,"1996-01-01","1996-02-01",NA,NA,NA,100
"USS0045Q05S","Eagle Summit",3,"25C",NA,NA,"1996-02-01","1996-03-01",NA,NA,NA,100
"USS0045Q05S","Eagle Summit",3,"25C",NA,NA,"1996-03-01","1996-04-01",NA,NA,NA,100
"USS0045Q05S","Eagle Summit",3,"25C",NA,NA,"1996-04-01","1996-05-01",NA,NA,NA,100
"USS0045Q05S","Eagle Summit",3,"25C",NA,NA,"1996-05-01","1996-06-01",NA,NA,NA,100
"USS0045Q05S","Eagle Summit",3,"25C",NA,NA,"1996-06-01","1996-07-01",NA,NA,NA,100
"USS0045Q05S","Eagle Summit",3,"25C",NA,NA,"1996-07-01","1996-08-01",NA,NA,NA,100
"USS0045Q05S","Eagle Summit",3,"25C",NA,NA,"1996-08-01","1996-09-01",NA,NA,NA,100
"USS0045Q05S","Eagle Summit",3,"25C",NA,NA,"1996-09-01","1996-10-01",NA,NA,NA,100
"USS0045Q05S","Eagle Summit",3,"25C",NA,NA,"1996-10-01","1996-11-01",NA,NA,NA,100
"USS0045Q05S","Eagle Summit",3,"25C",NA,NA,"1996-11-01","1996-12-01",NA,NA,NA,100
"USS0045Q05S","Eagle Summit",3,"25C",NA,NA,"1996-12-01","1997-01-01",NA,NA,NA,100
"USS0045Q05S","Eagle Summit",3,"25C",NA,NA,"1997-01-01","1997-02-01",NA,NA,NA,100
"USS0045Q05S","Eagle Summit",3,"25C",NA,NA,"1997-02-01","1997-03-01",NA,NA,NA,100
"USS0045Q05S","Eagle Summit",3,"25C",NA,NA,"1997-03-01","1997-04-01",NA,NA,NA,100
"USS0045Q05S","Eagle Summit",3,"25C",NA,NA,"1997-04-01","1997-05-01",NA,NA,NA,100
"USS0045Q05S","Eagle Summit",3,"25C",NA,NA,"1997-05-01","1997-06-01",NA,NA,NA,100
"USS0045Q05S","Eagle Summit",3,"25C",NA,NA,"1997-06-01","1997-07-01",NA,NA,NA,100
"USS0045Q05S","Eagle Summit",3,"25C",NA,NA,"1997-07-01","1997-08-01",NA,NA,NA,100
"USS0045Q05S","Eagle Summit",3,"25C",NA,NA,"1997-08-01","1997-09-01",NA,NA,NA,100
"USS0045Q05S","Eagle Summit",3,"25C",NA,NA,"1997-09-01","1997-10-01",NA,NA,NA,100
"USS0045Q05S","Eagle Summit",3,"25C",NA,NA,"1997-10-01","1997-11-01",NA,NA,NA,100
"USS0045Q05S","Eagle Summit",3,"25C",NA,NA,"1997-11-01","1997-12-01",NA,NA,NA,100
"USS0045Q05S","Eagle Summit",3,"25C",NA,NA,"1997-12-01","1998-01-01",NA,NA,NA,100
"USS0045Q05S","Eagle Summit",3,"25C",NA,NA,"1998-01-01","1998-02-01",NA,NA,NA,100
"USS0045Q05S","Eagle Summit",3,"25C",NA,NA,"1998-02-01","1998-03-01",NA,NA,NA,100
"USS0045Q05S","Eagle Summit",3,"25C",NA,NA,"1998-03-01","1998-04-01",NA,NA,NA,100
"USS0045Q05S","Eagle Summit",3,"25C",NA,NA,"1998-04-01","1998-05-01",NA,NA,NA,100
"USS0045Q05S","Eagle Summit",3,"25C",NA,NA,"1998-05-01","1998-06-01",NA,NA,NA,100
"USS0045Q05S","Eagle Summit",3,"25C",NA,NA,"1998-06-01","1998-07-01",NA,NA,NA,100
"USS0045Q05S","Eagle Summit",3,"25C",NA,NA,"1998-07-01","1998-08-01",NA,NA,NA,100
"USS0045Q05S","Eagle Summit",3,"25C",NA,NA,"1998-08-01","1998-09-01",NA,NA,NA,100
"USS0045Q05S","Eagle Summit",3,"25C",NA,NA,"1998-09-01","1998-10-01",NA,NA,NA,100
"USS0045Q05S","Eagle Summit",3,"25C",NA,NA,"1998-10-01","1998-11-01",NA,NA,NA,100
"USS0045Q05S","Eagle Summit",3,"25C",NA,NA,"1998-11-01","1998-12-01",NA,NA,NA,100
"USS0045Q05S","Eagle Summit",3,"25C",NA,NA,"1998-12-01","1999-01-01",NA,NA,NA,100
"USS0045Q05S","Eagle Summit",3,"25C",NA,NA,"1999-01-01","1999-02-01",NA,NA,NA,100
"USS0045Q05S","Eagle Summit",3,"25C",NA,NA,"1999-02-01","1999-03-01",NA,NA,NA,100
"USS0045Q05S","Eagle Summit",3,"25C",NA,NA,"1999-03-01","1999-04-01",NA,NA,NA,100
"USS0045Q05S","Eagle Summit",3,"25C",NA,NA,"1999-04-01","1999-05-01",NA,NA,NA,100
"USS0045Q05S","Eagle Summit",3,"25C",NA,NA,"1999-05-01","1999-06-01",NA,NA,NA,100
"USS0045Q05S","Eagle Summit",3,"25C",NA,NA,"1999-06-01","1999-07-01",NA,NA,NA,100
"USS0045Q05S","Eagle Summit",3,"25C",NA,NA,"1999-07-01","1999-08-01",NA,NA,NA,100
"USS0045Q05S","Eagle Summit",3,"25C",NA,NA,"1999-08-01","1999-09-01",NA,NA,NA,100
"USS0045Q05S","Eagle Summit",3,"25C",NA,NA,"1999-09-01","1999-10-01",NA,NA,NA,100
"USS0045Q05S","Eagle Summit",3,"25C",NA,NA,"1999-10-01","1999-11-01",NA,NA,NA,100
"USS0045Q05S","Eagle Summit",3,"25C",NA,NA,"1999-11-01","1999-12-01",NA,NA,NA,100
"USS0045Q05S","Eagle Summit",3,"25C",NA,NA,"1999-12-01","2000-01-01",NA,NA,NA,100
"USS0045Q05S","Eagle Summit",3,"25C",NA,NA,"2000-01-01","2000-02-01",NA,NA,NA,100
"USS0045Q05S","Eagle Summit",3,"25C",NA,NA,"2000-02-01","2000-03-01",NA,NA,NA,100
"USS0045Q05S","Eagle Summit",3,"25C",NA,NA,"2000-03-01","2000-04-01",NA,NA,NA,100
"USS0045Q05S","Eagle Summit",3,"25C",NA,NA,"2000-04-01","2000-05-01",NA,NA,NA,100
"USS0045Q05S","Eagle Summit",3,"25C",NA,NA,"2000-05-01","2000-06-01",NA,NA,NA,100
"USS0045Q05S","Eagle Summit",3,"25C",NA,NA,"2000-06-01","2000-07-01",NA,NA,NA,100
"USS0045Q05S","Eagle Summit",3,"25C",NA,NA,"2000-07-01","2000-08-01",NA,NA,NA,100
"USS0045Q05S","Eagle Summit",3,"25C",NA,NA,"2000-08-01","2000-09-01",NA,NA,NA,100
"USS0045Q05S","Eagle Summit",3,"25C",NA,NA,"2000-09-01","2000-10-01",NA,NA,NA,100
"USS0045Q05S","Eagle Summit",3,"25C",NA,NA,"2000-10-01","2000-11-01",NA,NA,NA,100
"USS0045Q05S","Eagle Summit",3,"25C","2000","11","2000-11-01","2000-12-01",10.3280839895013,10,10.9842519685039,70
"USS0045Q05S","Eagle Summit",3,"25C","2000","12","2000-12-01","2001-01-01",13.0952380952381,10.9842519685039,17.007874015748,32
"USS0045Q05S","Eagle Summit",3,"25C","2001","01","2001-01-01","2001-02-01",19.7926509186352,12.007874015748,94.0157480314961,52
"USS0045Q05S","Eagle Summit",3,"25C","2001","02","2001-02-01","2001-03-01",30.8661417322835,12.007874015748,94.0157480314961,50
"USS0045Q05S","Eagle Summit",3,"25C","2001","03","2001-03-01","2001-04-01",30.3526189661075,14.0157480314961,94.0157480314961,26
"USS0045Q05S","Eagle Summit",3,"25C","2001","04","2001-04-01","2001-05-01",21.5369473046638,20,25.9842519685039,13
"USS0045Q05S","Eagle Summit",3,"25C","2001","05","2001-05-01","2001-06-01",21.0818897637795,7.00787401574803,27.992125984252,19
"USS0045Q05S","Eagle Summit",3,"25C","2001","06","2001-06-01","2001-07-01",2.00787401574803,2.00787401574803,2.00787401574803,97
"USS0045Q05S","Eagle Summit",3,"25C",NA,NA,"2001-07-01","2001-08-01",NA,NA,NA,100
"USS0045Q05S","Eagle Summit",3,"25C","2001","08","2001-08-01","2001-09-01",15.8858267716535,15,15.9842519685039,68
"USS0045Q05S","Eagle Summit",3,"25C","2001","09","2001-09-01","2001-10-01",16.1304836895388,15.9842519685039,17.007874015748,7
"USS0045Q05S","Eagle Summit",3,"25C","2001","10","2001-10-01","2001-11-01",11.7307692307692,0.984251968503937,77.992125984252,16
"USS0045Q05S","Eagle Summit",3,"25C","2001","11","2001-11-01","2001-12-01",12.5244094488189,2.00787401574803,77.992125984252,17
"USS0045Q05S","Eagle Summit",3,"25C","2001","12","2001-12-01","2002-01-01",11.4711286089239,2.00787401574803,77.992125984252,3
"USS0045Q05S","Eagle Summit",3,"25C","2002","01","2002-01-01","2002-02-01",11.2204724409449,5,77.992125984252,58
"USS0045Q05S","Eagle Summit",3,"25C","2002","02","2002-02-01","2002-03-01",8.97322834645669,7.99212598425197,10,11
"USS0045Q05S","Eagle Summit",3,"25C","2002","03","2002-03-01","2002-04-01",8.27450448004344,7.99212598425197,9.01574803149606,6
"USS0045Q05S","Eagle Summit",3,"25C","2002","04","2002-04-01","2002-05-01",7.63779527559055,0.984251968503937,10,7
"USS0045Q05S","Eagle Summit",3,"25C","2002","05","2002-05-01","2002-06-01",1.23107207752877,0,4.01574803149606,16
"USS0045Q05S","Eagle Summit",3,"25C","2002","06","2002-06-01","2002-07-01",0.492125984251969,0,0.984251968503937,13
"USS0045Q05S","Eagle Summit",3,"25C","2002","07","2002-07-01","2002-08-01",0.920751841503683,0,0.984251968503937,0
"USS0045Q05S","Eagle Summit",3,"25C","2002","08","2002-08-01","2002-09-01",1.12907761529809,0,2.99212598425197,10
"USS0045Q05S","Eagle Summit",3,"25C","2002","09","2002-09-01","2002-10-01",6.60205935796487,0.984251968503937,47.992125984252,57
"USS0045Q05S","Eagle Summit",3,"25C","2002","10","2002-10-01","2002-11-01",146.5,5,259.015748031496,68
"USS0045Q05S","Eagle Summit",3,"25C","2002","11","2002-11-01","2002-12-01",12.406206577119,7.00787401574803,39.0157480314961,43
"USS0045Q05S","Eagle Summit",3,"25C","2002","12","2002-12-01","2003-01-01",18.341824918944,9.01574803149606,77.007874015748,45
"USS0045Q05S","Eagle Summit",3,"25C","2003","01","2003-01-01","2003-02-01",14.5086614173228,10.9842519685039,77.007874015748,19
"USS0045Q05S","Eagle Summit",3,"25C","2003","02","2003-02-01","2003-03-01",22.0884889388826,12.992125984252,77.007874015748,25
"USS0045Q05S","Eagle Summit",3,"25C","2003","03","2003-03-01","2003-04-01",21.1177678877097,20,22.992125984252,26
"USS0045Q05S","Eagle Summit",3,"25C","2003","04","2003-04-01","2003-05-01",20.3389250256761,15,22.992125984252,23
"USS0045Q05S","Eagle Summit",3,"25C","2003","05","2003-05-01","2003-06-01",11.000656167979,0.984251968503937,17.007874015748,23
"USS0045Q05S","Eagle Summit",3,"25C","2003","06","2003-06-01","2003-07-01",0.739595050618673,0,2.00787401574803,7
"USS0045Q05S","Eagle Summit",3,"25C","2003","07","2003-07-01","2003-08-01",2.38610798650169,0.984251968503937,27.007874015748,10
"USS0045Q05S","Eagle Summit",3,"25C","2003","08","2003-08-01","2003-09-01",2.21456692913386,0,7.00787401574803,10
"USS0045Q05S","Eagle Summit",3,"25C","2003","09","2003-09-01","2003-10-01",0.62992125984252,0,2.00787401574803,37
"USS0045Q05S","Eagle Summit",3,"25C","2003","10","2003-10-01","2003-11-01",1.03862017247844,0,2.00787401574803,32
"USS0045Q05S","Eagle Summit",3,"25C","2003","11","2003-11-01","2003-12-01",38.4842519685039,0.984251968503937,75.9842519685039,93
"USS0045Q05S","Eagle Summit",3,"25C","2003","12","2003-12-01","2004-01-01",57.5472440944882,0,77.007874015748,35
"USS0045Q05S","Eagle Summit",3,"25C","2004","01","2004-01-01","2004-02-01",33.0044291338583,7.00787401574803,77.007874015748,48
"USS0045Q05S","Eagle Summit",3,"25C","2004","02","2004-02-01","2004-03-01",19.3973349485161,9.01574803149606,77.007874015748,10
"USS0045Q05S","Eagle Summit",3,"25C","2004","03","2004-03-01","2004-04-01",11.3464566929134,7.99212598425197,77.007874015748,3
"USS0045Q05S","Eagle Summit",3,"25C","2004","04","2004-04-01","2004-05-01",11.5691788526434,10,14.0157480314961,7
"USS0045Q05S","Eagle Summit",3,"25C","2004","05","2004-05-01","2004-06-01",5.13168612544122,0,12.007874015748,6
"USS0045Q05S","Eagle Summit",3,"25C","2004","06","2004-06-01","2004-07-01",0.794972743791641,0,0.984251968503937,13
"USS0045Q05S","Eagle Summit",3,"25C","2004","07","2004-07-01","2004-08-01",1.41076115485564,0.984251968503937,2.00787401574803,61
"USS0045Q05S","Eagle Summit",3,"25C",NA,NA,"2004-08-01","2004-09-01",NA,NA,NA,100
"USS0045Q05S","Eagle Summit",3,"25C","2004","09","2004-09-01","2004-10-01",4.01574803149606,4.01574803149606,4.01574803149606,97
"USS0045Q05S","Eagle Summit",3,"25C","2004","10","2004-10-01","2004-11-01",56.6428060128848,7.99212598425197,77.007874015748,65
"USS0045Q05S","Eagle Summit",3,"25C","2004","11","2004-11-01","2004-12-01",28.8650556611458,5.98425196850394,77.007874015748,3
"USS0045Q05S","Eagle Summit",3,"25C","2004","12","2004-12-01","2005-01-01",29.2438229704046,12.992125984252,77.007874015748,6
"USS0045Q05S","Eagle Summit",3,"25C","2005","01","2005-01-01","2005-02-01",37.861488904796,14.0157480314961,77.007874015748,29
"USS0045Q05S","Eagle Summit",3,"25C","2005","02","2005-02-01","2005-03-01",23.8461538461538,15.9842519685039,77.007874015748,7
"USS0045Q05S","Eagle Summit",3,"25C","2005","03","2005-03-01","2005-04-01",26.6560833121666,15.9842519685039,77.007874015748,0
"USS0045Q05S","Eagle Summit",3,"25C","2005","04","2005-04-01","2005-05-01",18.6001749781277,15,20,10
"USS0045Q05S","Eagle Summit",3,"25C","2005","05","2005-05-01","2005-06-01",2.4578177727784,0,12.007874015748,10
"USS0045Q05S","Eagle Summit",3,"25C","2005","06","2005-06-01","2005-07-01",1.56496062992126,0,4.01574803149606,7
"USS0045Q05S","Eagle Summit",3,"25C","2005","07","2005-07-01","2005-08-01",0.719261053906723,0,0.984251968503937,16
"USS0045Q05S","Eagle Summit",3,"25C","2005","08","2005-08-01","2005-09-01",0.385142074631975,0,0.984251968503937,26
"USS0045Q05S","Eagle Summit",3,"25C","2005","09","2005-09-01","2005-10-01",1.11712598425197,0,4.01574803149606,20
"USS0045Q05S","Eagle Summit",3,"25C","2005","10","2005-10-01","2005-11-01",16.5476513711648,5,75,6
"USS0045Q05S","Eagle Summit",3,"25C","2005","11","2005-11-01","2005-12-01",21.8217609162491,7.99212598425197,75,27
"USS0045Q05S","Eagle Summit",3,"25C","2005","12","2005-12-01","2006-01-01",113.501476377953,10,1500,48
"USS0045Q05S","Eagle Summit",3,"25C","2006","01","2006-01-01","2006-02-01",44.3444881889764,19.0157480314961,80.9842519685039,35
"USS0045Q05S","Eagle Summit",3,"25C","2006","02","2006-02-01","2006-03-01",24.3503937007874,15,80.9842519685039,0
"USS0045Q05S","Eagle Summit",3,"25C","2006","03","2006-03-01","2006-04-01",24.0040828229805,19.0157480314961,80.9842519685039,13
"USS0045Q05S","Eagle Summit",3,"25C","2006","04","2006-04-01","2006-05-01",26.7833187518227,24.0157480314961,29.0157480314961,10
"USS0045Q05S","Eagle Summit",3,"25C","2006","05","2006-05-01","2006-06-01",26.505905511811,25,27.007874015748,87
"USS0045Q05S","Eagle Summit",3,"25C","2006","06","2006-06-01","2006-07-01",7.00787401574803,7.00787401574803,7.00787401574803,97
"USS0045Q05S","Eagle Summit",3,"25C",NA,NA,"2006-07-01","2006-08-01",NA,NA,NA,100
"USS0045Q05S","Eagle Summit",3,"25C",NA,NA,"2006-08-01","2006-09-01",NA,NA,NA,100
"USS0045Q05S","Eagle Summit",3,"25C","2006","09","2006-09-01","2006-10-01",0,0,0,97
"USS0045Q05S","Eagle Summit",3,"25C","2006","10","2006-10-01","2006-11-01",1.29578911331736,0,5,26
"USS0045Q05S","Eagle Summit",3,"25C","2006","11","2006-11-01","2006-12-01",5.47757617254365,5,9.01574803149606,23
"USS0045Q05S","Eagle Summit",3,"25C","2006","12","2006-12-01","2007-01-01",8.63079615048119,7.99212598425197,10,13
"USS0045Q05S","Eagle Summit",3,"25C","2007","01","2007-01-01","2007-02-01",9.5244094488189,7.99212598425197,10.9842519685039,19
"USS0045Q05S","Eagle Summit",3,"25C","2007","02","2007-02-01","2007-03-01",10,10,10,7
"USS0045Q05S","Eagle Summit",3,"25C","2007","03","2007-03-01","2007-04-01",10.1093613298338,10,10.9842519685039,13
"USS0045Q05S","Eagle Summit",3,"25C","2007","04","2007-04-01","2007-05-01",9.55063806679338,7.99212598425197,10,3
"USS0045Q05S","Eagle Summit",3,"25C","2007","05","2007-05-01","2007-06-01",1.15951231902464,0,7.99212598425197,0
"USS0045Q05S","Eagle Summit",3,"25C","2007","06","2007-06-01","2007-07-01",0,0,0,0
"USS0045Q05S","Eagle Summit",3,"25C","2007","07","2007-07-01","2007-08-01",0,0,0,0
"USS0045Q05S","Eagle Summit",3,"25C","2007","08","2007-08-01","2007-09-01",0,0,0,0
"USS0045Q05S","Eagle Summit",3,"25C","2007","09","2007-09-01","2007-10-01",0,0,0,0
"USS0045Q05S","Eagle Summit",3,"25C","2007","10","2007-10-01","2007-11-01",2.61112522225044,0,4.01574803149606,0
"USS0045Q05S","Eagle Summit",3,"25C","2007","11","2007-11-01","2007-12-01",3.84120734908136,2.00787401574803,5.98425196850394,0
"USS0045Q05S","Eagle Summit",3,"25C","2007","12","2007-12-01","2008-01-01",3.64236728473457,2.00787401574803,5,0
"USS0045Q05S","Eagle Summit",3,"25C","2008","01","2008-01-01","2008-02-01",4.62026924053848,2.99212598425197,9.01574803149606,0
"USS0045Q05S","Eagle Summit",3,"25C","2008","02","2008-02-01","2008-03-01",4.01031767580776,2.99212598425197,5,0
"USS0045Q05S","Eagle Summit",3,"25C","2008","03","2008-03-01","2008-04-01",3.28930657861316,2.99212598425197,4.01574803149606,0
"USS0045Q05S","Eagle Summit",3,"25C","2008","04","2008-04-01","2008-05-01",8.23228346456693,4.01574803149606,12.007874015748,0
"USS0045Q05S","Eagle Summit",3,"25C","2008","05","2008-05-01","2008-06-01",2.7749555499111,0,10.9842519685039,0
"USS0045Q05S","Eagle Summit",3,"25C","2008","06","2008-06-01","2008-07-01",0,0,0,0
"USS0045Q05S","Eagle Summit",3,"25C","2008","07","2008-07-01","2008-08-01",0,0,0,0
"USS0045Q05S","Eagle Summit",3,"25C","2008","08","2008-08-01","2008-09-01",0.161290322580645,0,2.99212598425197,0
"USS0045Q05S","Eagle Summit",3,"25C","2008","09","2008-09-01","2008-10-01",1.56692913385827,0,4.01574803149606,0
"USS0045Q05S","Eagle Summit",3,"25C","2008","10","2008-10-01","2008-11-01",5.90424180848362,2.00787401574803,9.01574803149606,0
"USS0045Q05S","Eagle Summit",3,"25C","2008","11","2008-11-01","2008-12-01",10.9015748031496,7.00787401574803,12.992125984252,0
"USS0045Q05S","Eagle Summit",3,"25C","2008","12","2008-12-01","2009-01-01",11.7094234188468,10.9842519685039,12.992125984252,0
"USS0045Q05S","Eagle Summit",3,"25C","2009","01","2009-01-01","2009-02-01",11.7665735331471,10.9842519685039,15,0
"USS0045Q05S","Eagle Summit",3,"25C","2009","02","2009-02-01","2009-03-01",10.9491001124859,10,10.9842519685039,0
"USS0045Q05S","Eagle Summit",3,"25C","2009","03","2009-03-01","2009-04-01",11.0845821691643,10,12.007874015748,0
"USS0045Q05S","Eagle Summit",3,"25C","2009","04","2009-04-01","2009-05-01",10.0853018372703,0.984251968503937,10.9842519685039,0
"USS0045Q05S","Eagle Summit",3,"25C","2009","05","2009-05-01","2009-06-01",0.447040894081788,0,2.00787401574803,0
"USS0045Q05S","Eagle Summit",3,"25C","2009","06","2009-06-01","2009-07-01",0,0,0,0
"USS0045Q05S","Eagle Summit",3,"25C","2009","07","2009-07-01","2009-08-01",0,0,0,0
"USS0045Q05S","Eagle Summit",3,"25C","2009","08","2009-08-01","2009-09-01",0,0,0,0
"USS0045Q05S","Eagle Summit",3,"25C","2009","09","2009-09-01","2009-10-01",1.4002624671916,0,7.00787401574803,0
"USS0045Q05S","Eagle Summit",3,"25C","2009","10","2009-10-01","2009-11-01",6.38684277368555,2.00787401574803,9.01574803149606,0
"USS0045Q05S","Eagle Summit",3,"25C","2009","11","2009-11-01","2009-12-01",8.3005249343832,7.00787401574803,10,0
"USS0045Q05S","Eagle Summit",3,"25C","2009","12","2009-12-01","2010-01-01",10.5397510795022,10,10.9842519685039,0
"USS0045Q05S","Eagle Summit",3,"25C","2010","01","2010-01-01","2010-02-01",10.254000508001,10,10.9842519685039,0
"USS0045Q05S","Eagle Summit",3,"25C","2010","02","2010-02-01","2010-03-01",12.0697412823397,10,12.992125984252,0
"USS0045Q05S","Eagle Summit",3,"25C","2010","03","2010-03-01","2010-04-01",12.2910845821692,10.9842519685039,12.992125984252,0
"USS0045Q05S","Eagle Summit",3,"25C","2010","04","2010-04-01","2010-05-01",10.994750656168,5,12.992125984252,0
"USS0045Q05S","Eagle Summit",3,"25C","2010","05","2010-05-01","2010-06-01",2.38760477520955,0,7.00787401574803,0
"USS0045Q05S","Eagle Summit",3,"25C","2010","06","2010-06-01","2010-07-01",0,0,0,0
"USS0045Q05S","Eagle Summit",3,"25C","2010","07","2010-07-01","2010-08-01",0,0,0,0
"USS0045Q05S","Eagle Summit",3,"25C","2010","08","2010-08-01","2010-09-01",0,0,0,0
"USS0045Q05S","Eagle Summit",3,"25C","2010","09","2010-09-01","2010-10-01",0,0,0,0
"USS0045Q05S","Eagle Summit",3,"25C","2010","10","2010-10-01","2010-11-01",3.32740665481331,0,5,0
"USS0045Q05S","Eagle Summit",3,"25C","2010","11","2010-11-01","2010-12-01",5.96850393700787,2.99212598425197,7.99212598425197,0
"USS0045Q05S","Eagle Summit",3,"25C","2010","12","2010-12-01","2011-01-01",7.5488950977902,5.98425196850394,10,0
"USS0045Q05S","Eagle Summit",3,"25C","2011","01","2011-01-01","2011-02-01",7.29235458470917,5.98425196850394,9.01574803149606,0
"USS0045Q05S","Eagle Summit",3,"25C","2011","02","2011-02-01","2011-03-01",7.7826209223847,5.98425196850394,12.007874015748,0
"USS0045Q05S","Eagle Summit",3,"25C","2011","03","2011-03-01","2011-04-01",5.73025146050292,5,5.98425196850394,0
"USS0045Q05S","Eagle Summit",3,"25C","2011","04","2011-04-01","2011-05-01",5.55774278215223,5,5.98425196850394,0
"USS0045Q05S","Eagle Summit",3,"25C","2011","05","2011-05-01","2011-06-01",2.35458470916942,0,5.98425196850394,0
"USS0045Q05S","Eagle Summit",3,"25C","2011","06","2011-06-01","2011-07-01",0,0,0,0
"USS0045Q05S","Eagle Summit",3,"25C","2011","07","2011-07-01","2011-08-01",0,0,0,0
"USS0045Q05S","Eagle Summit",3,"25C","2011","08","2011-08-01","2011-09-01",0,0,0,0
"USS0045Q05S","Eagle Summit",3,"25C","2011","09","2011-09-01","2011-10-01",0.601049868766404,0,4.01574803149606,0
"USS0045Q05S","Eagle Summit",3,"25C","2011","10","2011-10-01","2011-11-01",5.41910083820168,2.99212598425197,7.00787401574803,0
"USS0045Q05S","Eagle Summit",3,"25C","2011","11","2011-11-01","2011-12-01",5.63123359580053,5,7.00787401574803,0
"USS0045Q05S","Eagle Summit",3,"25C","2011","12","2011-12-01","2012-01-01",5.22098044196088,2.99212598425197,7.00787401574803,0
"USS0045Q05S","Eagle Summit",3,"25C","2012","01","2012-01-01","2012-02-01",4.41706883413767,2.99212598425197,5.98425196850394,0
"USS0045Q05S","Eagle Summit",3,"25C","2012","02","2012-02-01","2012-03-01",4.86424110779256,4.01574803149606,5.98425196850394,0
"USS0045Q05S","Eagle Summit",3,"25C","2012","03","2012-03-01","2012-04-01",8.1013462026924,4.01574803149606,9.01574803149606,0
"USS0045Q05S","Eagle Summit",3,"25C","2012","04","2012-04-01","2012-05-01",7.6994750656168,5,9.01574803149606,0
"USS0045Q05S","Eagle Summit",3,"25C","2012","05","2012-05-01","2012-06-01",3.42138684277369,0,12.007874015748,0
"USS0045Q05S","Eagle Summit",3,"25C","2012","06","2012-06-01","2012-07-01",0,0,0,0
"USS0045Q05S","Eagle Summit",3,"25C","2012","07","2012-07-01","2012-08-01",0,0,0,0
"USS0045Q05S","Eagle Summit",3,"25C","2012","08","2012-08-01","2012-09-01",0,0,0,0
"USS0045Q05S","Eagle Summit",3,"25C","2012","09","2012-09-01","2012-10-01",0.232283464566929,0,2.00787401574803,0
"USS0045Q05S","Eagle Summit",3,"25C","2012","10","2012-10-01","2012-11-01",4.99745999491999,0,7.99212598425197,0
"USS0045Q05S","Eagle Summit",3,"25C","2012","11","2012-11-01","2012-12-01",7.53412073490814,5.98425196850394,10.9842519685039,0
"USS0045Q05S","Eagle Summit",3,"25C","2012","12","2012-12-01","2013-01-01",6.97231394462789,5.98425196850394,7.99212598425197,0
"USS0045Q05S","Eagle Summit",3,"25C","2013","01","2013-01-01","2013-02-01",6.83896367792736,5.98425196850394,9.01574803149606,0
"USS0045Q05S","Eagle Summit",3,"25C","2013","02","2013-02-01","2013-03-01",8.07367829021372,7.00787401574803,10,0
"USS0045Q05S","Eagle Summit",3,"25C","2013","03","2013-03-01","2013-04-01",9.23164846329693,7.99212598425197,10,0
"USS0045Q05S","Eagle Summit",3,"25C","2013","04","2013-04-01","2013-05-01",8.46456692913386,7.99212598425197,12.992125984252,0
"USS0045Q05S","Eagle Summit",3,"25C","2013","05","2013-05-01","2013-06-01",8.32359664719329,0,17.007874015748,0
"USS0045Q05S","Eagle Summit",3,"25C","2013","06","2013-06-01","2013-07-01",0,0,0,0
"USS0045Q05S","Eagle Summit",3,"25C","2013","07","2013-07-01","2013-08-01",0,0,0,0
"USS0045Q05S","Eagle Summit",3,"25C","2013","08","2013-08-01","2013-09-01",0.063500127000254,0,0.984251968503937,0
"USS0045Q05S","Eagle Summit",3,"25C","2013","09","2013-09-01","2013-10-01",1.63123359580052,0,5.98425196850394,0
"USS0045Q05S","Eagle Summit",3,"25C","2013","10","2013-10-01","2013-11-01",3.83667767335535,0.984251968503937,7.00787401574803,0
"USS0045Q05S","Eagle Summit",3,"25C","2013","11","2013-11-01","2013-12-01",4.67191601049869,4.01574803149606,5,0
"USS0045Q05S","Eagle Summit",3,"25C","2013","12","2013-12-01","2014-01-01",5.60452120904242,5,7.00787401574803,0
"USS0045Q05S","Eagle Summit",3,"25C","2014","01","2014-01-01","2014-02-01",10.5422910845822,7.99212598425197,12.992125984252,0
"USS0045Q05S","Eagle Summit",3,"25C","2014","02","2014-02-01","2014-03-01",10.677727784027,9.01574803149606,12.007874015748,0
"USS0045Q05S","Eagle Summit",3,"25C","2014","03","2014-03-01","2014-04-01",10.255270510541,9.01574803149606,12.007874015748,0
"USS0045Q05S","Eagle Summit",3,"25C","2014","04","2014-04-01","2014-05-01",11.2257217847769,10,15,0
"USS0045Q05S","Eagle Summit",3,"25C","2014","05","2014-05-01","2014-06-01",1.38811277622555,0,10,0
"USS0045Q05S","Eagle Summit",3,"25C","2014","06","2014-06-01","2014-07-01",0,0,0,0
"USS0045Q05S","Eagle Summit",3,"25C","2014","07","2014-07-01","2014-08-01",0,0,0,0
"USS0045Q05S","Eagle Summit",3,"25C","2014","08","2014-08-01","2014-09-01",0,0,0,0
"USS0045Q05S","Eagle Summit",3,"25C","2014","09","2014-09-01","2014-10-01",0,0,0,0
"USS0045Q05S","Eagle Summit",3,"25C","2014","10","2014-10-01","2014-11-01",11.1582423164846,0.984251968503937,20,0
"USS0045Q05S","Eagle Summit",3,"25C","2014","11","2014-11-01","2014-12-01",15.6272965879265,12.992125984252,17.992125984252,0
"USS0045Q05S","Eagle Summit",3,"25C","2014","12","2014-12-01","2015-01-01",16.6433832867666,15.9842519685039,17.992125984252,0
"USS0045Q05S","Eagle Summit",3,"25C","2015","01","2015-01-01","2015-02-01",16.5392430784862,15,19.0157480314961,0
"USS0045Q05S","Eagle Summit",3,"25C","2015","02","2015-02-01","2015-03-01",16.2373453318335,15,19.0157480314961,0
"USS0045Q05S","Eagle Summit",3,"25C","2015","03","2015-03-01","2015-04-01",16.6713233426467,15,20.9842519685039,0
"USS0045Q05S","Eagle Summit",3,"25C","2015","04","2015-04-01","2015-05-01",17.8989501312336,15.9842519685039,20,0
"USS0045Q05S","Eagle Summit",3,"25C","2015","05","2015-05-01","2015-06-01",4.38785877571755,0,17.007874015748,0
"USS0045Q05S","Eagle Summit",3,"25C","2015","06","2015-06-01","2015-07-01",0,0,0,0
"USS0045Q05S","Eagle Summit",3,"25C","2015","07","2015-07-01","2015-08-01",0,0,0,0
"USS0045Q05S","Eagle Summit",3,"25C","2015","08","2015-08-01","2015-09-01",0,0,0,0
"USS0045Q05S","Eagle Summit",3,"25C","2015","09","2015-09-01","2015-10-01",3.61797447732827,0,10.9842519685039,3
"USS0045Q05S","Eagle Summit",3,"25C","2015","10","2015-10-01","2015-11-01",13.0511811023622,9.01574803149606,15.9842519685039,35
"USS0045Q05S","Eagle Summit",3,"25C","2015","11","2015-11-01","2015-12-01",19.741469816273,15.9842519685039,25,0
"USS0045Q05S","Eagle Summit",3,"25C","2015","12","2015-12-01","2016-01-01",25.2184404368809,22.992125984252,27.007874015748,0
"USS0045Q05S","Eagle Summit",3,"25C","2016","01","2016-01-01","2016-02-01",23.4264668529337,22.007874015748,25.9842519685039,0
"USS0045Q05S","Eagle Summit",3,"25C","2016","02","2016-02-01","2016-03-01",25.5430355688298,24.0157480314961,25.9842519685039,0
"USS0045Q05S","Eagle Summit",3,"25C","2016","03","2016-03-01","2016-04-01",24.6202692405385,24.0157480314961,27.007874015748,0
"USS0045Q05S","Eagle Summit",3,"25C","2016","04","2016-04-01","2016-05-01",27.1955380577428,24.0157480314961,27.992125984252,0
"USS0045Q05S","Eagle Summit",3,"25C","2016","05","2016-05-01","2016-06-01",6.93294386588773,0,22.992125984252,0
"USS0045Q05S","Eagle Summit",3,"25C","2016","06","2016-06-01","2016-07-01",0,0,0,0
"USS0045Q05S","Eagle Summit",3,"25C","2016","07","2016-07-01","2016-08-01",0,0,0,0
"USS0045Q05S","Eagle Summit",3,"25C","2016","08","2016-08-01","2016-09-01",0,0,0,0
"USS0045Q05S","Eagle Summit",3,"25C","2016","09","2016-09-01","2016-10-01",0.532808398950131,0,2.99212598425197,0
"USS0045Q05S","Eagle Summit",3,"25C","2016","10","2016-10-01","2016-11-01",2.60985521971044,0.984251968503937,4.01574803149606,0
"USS0045Q05S","Eagle Summit",3,"25C","2016","11","2016-11-01","2016-12-01",5.2992125984252,2.00787401574803,7.99212598425197,0
"USS0045Q05S","Eagle Summit",3,"25C","2016","12","2016-12-01","2017-01-01",7.77241554483109,5.98425196850394,10,0
"USS0045Q05S","Eagle Summit",3,"25C","2017","01","2017-01-01","2017-02-01",9.29387858775718,7.00787401574803,10.9842519685039,0
"USS0045Q05S","Eagle Summit",3,"25C","2017","02","2017-02-01","2017-03-01",9.57114735658043,7.99212598425197,10.9842519685039,0
"USS0045Q05S","Eagle Summit",3,"25C","2017","03","2017-03-01","2017-04-01",10.1342161775233,10,10.9842519685039,29
"USS0045Q05S","Eagle Summit",3,"25C","2017","04","2017-04-01","2017-05-01",9.96719160104987,9.01574803149606,10,0
"USS0045Q05S","Eagle Summit",3,"25C","2017","05","2017-05-01","2017-06-01",1.96850393700787,0,9.01574803149606,0
"USS0045Q05S","Eagle Summit",3,"25C","2017","06","2017-06-01","2017-07-01",0,0,0,0
"USS0045Q05S","Eagle Summit",3,"25C","2017","07","2017-07-01","2017-08-01",0,0,0,0
"USS0045Q05S","Eagle Summit",3,"25C","2017","08","2017-08-01","2017-09-01",0,0,0,0
"USS0045Q05S","Eagle Summit",3,"25C","2017","09","2017-09-01","2017-10-01",0.568241469816273,0,7.00787401574803,0
"USS0045Q05S","Eagle Summit",3,"25C","2017","10","2017-10-01","2017-11-01",6.83769367538735,0.984251968503937,10,0
"USS0045Q05S","Eagle Summit",3,"25C","2017","11","2017-11-01","2017-12-01",12.0354330708661,10,12.992125984252,0
"USS0045Q05S","Eagle Summit",3,"25C","2017","12","2017-12-01","2018-01-01",14.1973583947168,12.007874015748,15.9842519685039,0
"USS0045Q05S","Eagle Summit",3,"25C","2018","01","2018-01-01","2018-02-01",15.9753619507239,14.0157480314961,22.007874015748,0
"USS0045Q05S","Eagle Summit",3,"25C","2018","02","2018-02-01","2018-03-01",16.3287401574803,14.0157480314961,20,0
"USS0045Q05S","Eagle Summit",3,"25C","2018","03","2018-03-01","2018-04-01",21.6997603560425,19.0157480314961,25,26
"USS0045Q05S","Eagle Summit",3,"25C","2018","04","2018-04-01","2018-05-01",21.6587926509186,20.9842519685039,24.0157480314961,0
"USS0045Q05S","Eagle Summit",3,"25C","2018","05","2018-05-01","2018-06-01",9.54660909321819,0,24.0157480314961,0
"USS0045Q05S","Eagle Summit",3,"25C","2018","06","2018-06-01","2018-07-01",0,0,0,0
"USS0045Q05S","Eagle Summit",3,"25C","2018","07","2018-07-01","2018-08-01",0,0,0,0
"USS0045Q05S","Eagle Summit",3,"25C","2018","08","2018-08-01","2018-09-01",0,0,0,0
"USS0045Q05S","Eagle Summit",3,"25C","2018","09","2018-09-01","2018-10-01",0.700787401574803,0,5,0
"USS0045Q05S","Eagle Summit",3,"25C","2018","10","2018-10-01","2018-11-01",2.51333502667005,0.984251968503937,5,0
"USS0045Q05S","Eagle Summit",3,"25C","2018","11","2018-11-01","2018-12-01",5.26771653543307,2.00787401574803,7.00787401574803,0
