"ID","Name","Region","Unit","YEAR","MONTH","START","END","SNWDavg_in","SNWDmin_in","SNWDmax_in","MISSING_pcnt"
"USC00501987","CIRCLE HOT SPRINGS",3,"25C",NA,NA,"1980-01-01","1980-02-01",NA,NA,NA,100
"USC00501987","CIRCLE HOT SPRINGS",3,"25C",NA,NA,"1980-02-01","1980-03-01",NA,NA,NA,100
"USC00501987","CIRCLE HOT SPRINGS",3,"25C",NA,NA,"1980-03-01","1980-04-01",NA,NA,NA,100
"USC00501987","CIRCLE HOT SPRINGS",3,"25C",NA,NA,"1980-04-01","1980-05-01",NA,NA,NA,100
"USC00501987","CIRCLE HOT SPRINGS",3,"25C",NA,NA,"1980-05-01","1980-06-01",NA,NA,NA,100
"USC00501987","CIRCLE HOT SPRINGS",3,"25C",NA,NA,"1980-06-01","1980-07-01",NA,NA,NA,100
"USC00501987","CIRCLE HOT SPRINGS",3,"25C",NA,NA,"1980-07-01","1980-08-01",NA,NA,NA,100
"USC00501987","CIRCLE HOT SPRINGS",3,"25C",NA,NA,"1980-08-01","1980-09-01",NA,NA,NA,100
"USC00501987","CIRCLE HOT SPRINGS",3,"25C",NA,NA,"1980-09-01","1980-10-01",NA,NA,NA,100
"USC00501987","CIRCLE HOT SPRINGS",3,"25C",NA,NA,"1980-10-01","1980-11-01",NA,NA,NA,100
"USC00501987","CIRCLE HOT SPRINGS",3,"25C",NA,NA,"1980-11-01","1980-12-01",NA,NA,NA,100
"USC00501987","CIRCLE HOT SPRINGS",3,"25C",NA,NA,"1980-12-01","1981-01-01",NA,NA,NA,100
"USC00501987","CIRCLE HOT SPRINGS",3,"25C",NA,NA,"1981-01-01","1981-02-01",NA,NA,NA,100
"USC00501987","CIRCLE HOT SPRINGS",3,"25C",NA,NA,"1981-02-01","1981-03-01",NA,NA,NA,100
"USC00501987","CIRCLE HOT SPRINGS",3,"25C",NA,NA,"1981-03-01","1981-04-01",NA,NA,NA,100
"USC00501987","CIRCLE HOT SPRINGS",3,"25C",NA,NA,"1981-04-01","1981-05-01",NA,NA,NA,100
"USC00501987","CIRCLE HOT SPRINGS",3,"25C",NA,NA,"1981-05-01","1981-06-01",NA,NA,NA,100
"USC00501987","CIRCLE HOT SPRINGS",3,"25C",NA,NA,"1981-06-01","1981-07-01",NA,NA,NA,100
"USC00501987","CIRCLE HOT SPRINGS",3,"25C",NA,NA,"1981-07-01","1981-08-01",NA,NA,NA,100
"USC00501987","CIRCLE HOT SPRINGS",3,"25C",NA,NA,"1981-08-01","1981-09-01",NA,NA,NA,100
"USC00501987","CIRCLE HOT SPRINGS",3,"25C",NA,NA,"1981-09-01","1981-10-01",NA,NA,NA,100
"USC00501987","CIRCLE HOT SPRINGS",3,"25C",NA,NA,"1981-10-01","1981-11-01",NA,NA,NA,100
"USC00501987","CIRCLE HOT SPRINGS",3,"25C",NA,NA,"1981-11-01","1981-12-01",NA,NA,NA,100
"USC00501987","CIRCLE HOT SPRINGS",3,"25C",NA,NA,"1981-12-01","1982-01-01",NA,NA,NA,100
"USC00501987","CIRCLE HOT SPRINGS",3,"25C",NA,NA,"1982-01-01","1982-02-01",NA,NA,NA,100
"USC00501987","CIRCLE HOT SPRINGS",3,"25C",NA,NA,"1982-02-01","1982-03-01",NA,NA,NA,100
"USC00501987","CIRCLE HOT SPRINGS",3,"25C",NA,NA,"1982-03-01","1982-04-01",NA,NA,NA,100
"USC00501987","CIRCLE HOT SPRINGS",3,"25C",NA,NA,"1982-04-01","1982-05-01",NA,NA,NA,100
"USC00501987","CIRCLE HOT SPRINGS",3,"25C",NA,NA,"1982-05-01","1982-06-01",NA,NA,NA,100
"USC00501987","CIRCLE HOT SPRINGS",3,"25C",NA,NA,"1982-06-01","1982-07-01",NA,NA,NA,100
"USC00501987","CIRCLE HOT SPRINGS",3,"25C",NA,NA,"1982-07-01","1982-08-01",NA,NA,NA,100
"USC00501987","CIRCLE HOT SPRINGS",3,"25C",NA,NA,"1982-08-01","1982-09-01",NA,NA,NA,100
"USC00501987","CIRCLE HOT SPRINGS",3,"25C",NA,NA,"1982-09-01","1982-10-01",NA,NA,NA,100
"USC00501987","CIRCLE HOT SPRINGS",3,"25C",NA,NA,"1982-10-01","1982-11-01",NA,NA,NA,100
"USC00501987","CIRCLE HOT SPRINGS",3,"25C",NA,NA,"1982-11-01","1982-12-01",NA,NA,NA,100
"USC00501987","CIRCLE HOT SPRINGS",3,"25C",NA,NA,"1982-12-01","1983-01-01",NA,NA,NA,100
"USC00501987","CIRCLE HOT SPRINGS",3,"25C",NA,NA,"1983-01-01","1983-02-01",NA,NA,NA,100
"USC00501987","CIRCLE HOT SPRINGS",3,"25C",NA,NA,"1983-02-01","1983-03-01",NA,NA,NA,100
"USC00501987","CIRCLE HOT SPRINGS",3,"25C",NA,NA,"1983-03-01","1983-04-01",NA,NA,NA,100
"USC00501987","CIRCLE HOT SPRINGS",3,"25C",NA,NA,"1983-04-01","1983-05-01",NA,NA,NA,100
"USC00501987","CIRCLE HOT SPRINGS",3,"25C",NA,NA,"1983-05-01","1983-06-01",NA,NA,NA,100
"USC00501987","CIRCLE HOT SPRINGS",3,"25C",NA,NA,"1983-06-01","1983-07-01",NA,NA,NA,100
"USC00501987","CIRCLE HOT SPRINGS",3,"25C",NA,NA,"1983-07-01","1983-08-01",NA,NA,NA,100
"USC00501987","CIRCLE HOT SPRINGS",3,"25C",NA,NA,"1983-08-01","1983-09-01",NA,NA,NA,100
"USC00501987","CIRCLE HOT SPRINGS",3,"25C",NA,NA,"1983-09-01","1983-10-01",NA,NA,NA,100
"USC00501987","CIRCLE HOT SPRINGS",3,"25C",NA,NA,"1983-10-01","1983-11-01",NA,NA,NA,100
"USC00501987","CIRCLE HOT SPRINGS",3,"25C",NA,NA,"1983-11-01","1983-12-01",NA,NA,NA,100
"USC00501987","CIRCLE HOT SPRINGS",3,"25C",NA,NA,"1983-12-01","1984-01-01",NA,NA,NA,100
"USC00501987","CIRCLE HOT SPRINGS",3,"25C",NA,NA,"1984-01-01","1984-02-01",NA,NA,NA,100
"USC00501987","CIRCLE HOT SPRINGS",3,"25C",NA,NA,"1984-02-01","1984-03-01",NA,NA,NA,100
"USC00501987","CIRCLE HOT SPRINGS",3,"25C",NA,NA,"1984-03-01","1984-04-01",NA,NA,NA,100
"USC00501987","CIRCLE HOT SPRINGS",3,"25C",NA,NA,"1984-04-01","1984-05-01",NA,NA,NA,100
"USC00501987","CIRCLE HOT SPRINGS",3,"25C",NA,NA,"1984-05-01","1984-06-01",NA,NA,NA,100
"USC00501987","CIRCLE HOT SPRINGS",3,"25C",NA,NA,"1984-06-01","1984-07-01",NA,NA,NA,100
"USC00501987","CIRCLE HOT SPRINGS",3,"25C",NA,NA,"1984-07-01","1984-08-01",NA,NA,NA,100
"USC00501987","CIRCLE HOT SPRINGS",3,"25C",NA,NA,"1984-08-01","1984-09-01",NA,NA,NA,100
"USC00501987","CIRCLE HOT SPRINGS",3,"25C",NA,NA,"1984-09-01","1984-10-01",NA,NA,NA,100
"USC00501987","CIRCLE HOT SPRINGS",3,"25C",NA,NA,"1984-10-01","1984-11-01",NA,NA,NA,100
"USC00501987","CIRCLE HOT SPRINGS",3,"25C",NA,NA,"1984-11-01","1984-12-01",NA,NA,NA,100
"USC00501987","CIRCLE HOT SPRINGS",3,"25C",NA,NA,"1984-12-01","1985-01-01",NA,NA,NA,100
"USC00501987","CIRCLE HOT SPRINGS",3,"25C",NA,NA,"1985-01-01","1985-02-01",NA,NA,NA,100
"USC00501987","CIRCLE HOT SPRINGS",3,"25C",NA,NA,"1985-02-01","1985-03-01",NA,NA,NA,100
"USC00501987","CIRCLE HOT SPRINGS",3,"25C",NA,NA,"1985-03-01","1985-04-01",NA,NA,NA,100
"USC00501987","CIRCLE HOT SPRINGS",3,"25C",NA,NA,"1985-04-01","1985-05-01",NA,NA,NA,100
"USC00501987","CIRCLE HOT SPRINGS",3,"25C",NA,NA,"1985-05-01","1985-06-01",NA,NA,NA,100
"USC00501987","CIRCLE HOT SPRINGS",3,"25C",NA,NA,"1985-06-01","1985-07-01",NA,NA,NA,100
"USC00501987","CIRCLE HOT SPRINGS",3,"25C",NA,NA,"1985-07-01","1985-08-01",NA,NA,NA,100
"USC00501987","CIRCLE HOT SPRINGS",3,"25C",NA,NA,"1985-08-01","1985-09-01",NA,NA,NA,100
"USC00501987","CIRCLE HOT SPRINGS",3,"25C",NA,NA,"1985-09-01","1985-10-01",NA,NA,NA,100
"USC00501987","CIRCLE HOT SPRINGS",3,"25C",NA,NA,"1985-10-01","1985-11-01",NA,NA,NA,100
"USC00501987","CIRCLE HOT SPRINGS",3,"25C",NA,NA,"1985-11-01","1985-12-01",NA,NA,NA,100
"USC00501987","CIRCLE HOT SPRINGS",3,"25C",NA,NA,"1985-12-01","1986-01-01",NA,NA,NA,100
"USC00501987","CIRCLE HOT SPRINGS",3,"25C",NA,NA,"1986-01-01","1986-02-01",NA,NA,NA,100
"USC00501987","CIRCLE HOT SPRINGS",3,"25C",NA,NA,"1986-02-01","1986-03-01",NA,NA,NA,100
"USC00501987","CIRCLE HOT SPRINGS",3,"25C",NA,NA,"1986-03-01","1986-04-01",NA,NA,NA,100
"USC00501987","CIRCLE HOT SPRINGS",3,"25C",NA,NA,"1986-04-01","1986-05-01",NA,NA,NA,100
"USC00501987","CIRCLE HOT SPRINGS",3,"25C",NA,NA,"1986-05-01","1986-06-01",NA,NA,NA,100
"USC00501987","CIRCLE HOT SPRINGS",3,"25C",NA,NA,"1986-06-01","1986-07-01",NA,NA,NA,100
"USC00501987","CIRCLE HOT SPRINGS",3,"25C",NA,NA,"1986-07-01","1986-08-01",NA,NA,NA,100
"USC00501987","CIRCLE HOT SPRINGS",3,"25C",NA,NA,"1986-08-01","1986-09-01",NA,NA,NA,100
"USC00501987","CIRCLE HOT SPRINGS",3,"25C",NA,NA,"1986-09-01","1986-10-01",NA,NA,NA,100
"USC00501987","CIRCLE HOT SPRINGS",3,"25C",NA,NA,"1986-10-01","1986-11-01",NA,NA,NA,100
"USC00501987","CIRCLE HOT SPRINGS",3,"25C",NA,NA,"1986-11-01","1986-12-01",NA,NA,NA,100
"USC00501987","CIRCLE HOT SPRINGS",3,"25C",NA,NA,"1986-12-01","1987-01-01",NA,NA,NA,100
"USC00501987","CIRCLE HOT SPRINGS",3,"25C",NA,NA,"1987-01-01","1987-02-01",NA,NA,NA,100
"USC00501987","CIRCLE HOT SPRINGS",3,"25C",NA,NA,"1987-02-01","1987-03-01",NA,NA,NA,100
"USC00501987","CIRCLE HOT SPRINGS",3,"25C",NA,NA,"1987-03-01","1987-04-01",NA,NA,NA,100
"USC00501987","CIRCLE HOT SPRINGS",3,"25C",NA,NA,"1987-04-01","1987-05-01",NA,NA,NA,100
"USC00501987","CIRCLE HOT SPRINGS",3,"25C",NA,NA,"1987-05-01","1987-06-01",NA,NA,NA,100
"USC00501987","CIRCLE HOT SPRINGS",3,"25C",NA,NA,"1987-06-01","1987-07-01",NA,NA,NA,100
"USC00501987","CIRCLE HOT SPRINGS",3,"25C",NA,NA,"1987-07-01","1987-08-01",NA,NA,NA,100
"USC00501987","CIRCLE HOT SPRINGS",3,"25C",NA,NA,"1987-08-01","1987-09-01",NA,NA,NA,100
"USC00501987","CIRCLE HOT SPRINGS",3,"25C",NA,NA,"1987-09-01","1987-10-01",NA,NA,NA,100
"USC00501987","CIRCLE HOT SPRINGS",3,"25C",NA,NA,"1987-10-01","1987-11-01",NA,NA,NA,100
"USC00501987","CIRCLE HOT SPRINGS",3,"25C",NA,NA,"1987-11-01","1987-12-01",NA,NA,NA,100
"USC00501987","CIRCLE HOT SPRINGS",3,"25C",NA,NA,"1987-12-01","1988-01-01",NA,NA,NA,100
"USC00501987","CIRCLE HOT SPRINGS",3,"25C",NA,NA,"1988-01-01","1988-02-01",NA,NA,NA,100
"USC00501987","CIRCLE HOT SPRINGS",3,"25C",NA,NA,"1988-02-01","1988-03-01",NA,NA,NA,100
"USC00501987","CIRCLE HOT SPRINGS",3,"25C",NA,NA,"1988-03-01","1988-04-01",NA,NA,NA,100
"USC00501987","CIRCLE HOT SPRINGS",3,"25C",NA,NA,"1988-04-01","1988-05-01",NA,NA,NA,100
"USC00501987","CIRCLE HOT SPRINGS",3,"25C",NA,NA,"1988-05-01","1988-06-01",NA,NA,NA,100
"USC00501987","CIRCLE HOT SPRINGS",3,"25C",NA,NA,"1988-06-01","1988-07-01",NA,NA,NA,100
"USC00501987","CIRCLE HOT SPRINGS",3,"25C",NA,NA,"1988-07-01","1988-08-01",NA,NA,NA,100
"USC00501987","CIRCLE HOT SPRINGS",3,"25C",NA,NA,"1988-08-01","1988-09-01",NA,NA,NA,100
"USC00501987","CIRCLE HOT SPRINGS",3,"25C",NA,NA,"1988-09-01","1988-10-01",NA,NA,NA,100
"USC00501987","CIRCLE HOT SPRINGS",3,"25C",NA,NA,"1988-10-01","1988-11-01",NA,NA,NA,100
"USC00501987","CIRCLE HOT SPRINGS",3,"25C",NA,NA,"1988-11-01","1988-12-01",NA,NA,NA,100
"USC00501987","CIRCLE HOT SPRINGS",3,"25C",NA,NA,"1988-12-01","1989-01-01",NA,NA,NA,100
"USC00501987","CIRCLE HOT SPRINGS",3,"25C",NA,NA,"1989-01-01","1989-02-01",NA,NA,NA,100
"USC00501987","CIRCLE HOT SPRINGS",3,"25C",NA,NA,"1989-02-01","1989-03-01",NA,NA,NA,100
"USC00501987","CIRCLE HOT SPRINGS",3,"25C",NA,NA,"1989-03-01","1989-04-01",NA,NA,NA,100
"USC00501987","CIRCLE HOT SPRINGS",3,"25C",NA,NA,"1989-04-01","1989-05-01",NA,NA,NA,100
"USC00501987","CIRCLE HOT SPRINGS",3,"25C",NA,NA,"1989-05-01","1989-06-01",NA,NA,NA,100
"USC00501987","CIRCLE HOT SPRINGS",3,"25C",NA,NA,"1989-06-01","1989-07-01",NA,NA,NA,100
"USC00501987","CIRCLE HOT SPRINGS",3,"25C",NA,NA,"1989-07-01","1989-08-01",NA,NA,NA,100
"USC00501987","CIRCLE HOT SPRINGS",3,"25C",NA,NA,"1989-08-01","1989-09-01",NA,NA,NA,100
"USC00501987","CIRCLE HOT SPRINGS",3,"25C",NA,NA,"1989-09-01","1989-10-01",NA,NA,NA,100
"USC00501987","CIRCLE HOT SPRINGS",3,"25C",NA,NA,"1989-10-01","1989-11-01",NA,NA,NA,100
"USC00501987","CIRCLE HOT SPRINGS",3,"25C",NA,NA,"1989-11-01","1989-12-01",NA,NA,NA,100
"USC00501987","CIRCLE HOT SPRINGS",3,"25C",NA,NA,"1989-12-01","1990-01-01",NA,NA,NA,100
"USC00501987","CIRCLE HOT SPRINGS",3,"25C",NA,NA,"1990-01-01","1990-02-01",NA,NA,NA,100
"USC00501987","CIRCLE HOT SPRINGS",3,"25C",NA,NA,"1990-02-01","1990-03-01",NA,NA,NA,100
"USC00501987","CIRCLE HOT SPRINGS",3,"25C",NA,NA,"1990-03-01","1990-04-01",NA,NA,NA,100
"USC00501987","CIRCLE HOT SPRINGS",3,"25C",NA,NA,"1990-04-01","1990-05-01",NA,NA,NA,100
"USC00501987","CIRCLE HOT SPRINGS",3,"25C",NA,NA,"1990-05-01","1990-06-01",NA,NA,NA,100
"USC00501987","CIRCLE HOT SPRINGS",3,"25C",NA,NA,"1990-06-01","1990-07-01",NA,NA,NA,100
"USC00501987","CIRCLE HOT SPRINGS",3,"25C",NA,NA,"1990-07-01","1990-08-01",NA,NA,NA,100
"USC00501987","CIRCLE HOT SPRINGS",3,"25C",NA,NA,"1990-08-01","1990-09-01",NA,NA,NA,100
"USC00501987","CIRCLE HOT SPRINGS",3,"25C",NA,NA,"1990-09-01","1990-10-01",NA,NA,NA,100
"USC00501987","CIRCLE HOT SPRINGS",3,"25C",NA,NA,"1990-10-01","1990-11-01",NA,NA,NA,100
"USC00501987","CIRCLE HOT SPRINGS",3,"25C",NA,NA,"1990-11-01","1990-12-01",NA,NA,NA,100
"USC00501987","CIRCLE HOT SPRINGS",3,"25C",NA,NA,"1990-12-01","1991-01-01",NA,NA,NA,100
"USC00501987","CIRCLE HOT SPRINGS",3,"25C",NA,NA,"1991-01-01","1991-02-01",NA,NA,NA,100
"USC00501987","CIRCLE HOT SPRINGS",3,"25C",NA,NA,"1991-02-01","1991-03-01",NA,NA,NA,100
"USC00501987","CIRCLE HOT SPRINGS",3,"25C",NA,NA,"1991-03-01","1991-04-01",NA,NA,NA,100
"USC00501987","CIRCLE HOT SPRINGS",3,"25C",NA,NA,"1991-04-01","1991-05-01",NA,NA,NA,100
"USC00501987","CIRCLE HOT SPRINGS",3,"25C",NA,NA,"1991-05-01","1991-06-01",NA,NA,NA,100
"USC00501987","CIRCLE HOT SPRINGS",3,"25C",NA,NA,"1991-06-01","1991-07-01",NA,NA,NA,100
"USC00501987","CIRCLE HOT SPRINGS",3,"25C",NA,NA,"1991-07-01","1991-08-01",NA,NA,NA,100
"USC00501987","CIRCLE HOT SPRINGS",3,"25C",NA,NA,"1991-08-01","1991-09-01",NA,NA,NA,100
"USC00501987","CIRCLE HOT SPRINGS",3,"25C",NA,NA,"1991-09-01","1991-10-01",NA,NA,NA,100
"USC00501987","CIRCLE HOT SPRINGS",3,"25C",NA,NA,"1991-10-01","1991-11-01",NA,NA,NA,100
"USC00501987","CIRCLE HOT SPRINGS",3,"25C",NA,NA,"1991-11-01","1991-12-01",NA,NA,NA,100
"USC00501987","CIRCLE HOT SPRINGS",3,"25C",NA,NA,"1991-12-01","1992-01-01",NA,NA,NA,100
"USC00501987","CIRCLE HOT SPRINGS",3,"25C",NA,NA,"1992-01-01","1992-02-01",NA,NA,NA,100
"USC00501987","CIRCLE HOT SPRINGS",3,"25C",NA,NA,"1992-02-01","1992-03-01",NA,NA,NA,100
"USC00501987","CIRCLE HOT SPRINGS",3,"25C",NA,NA,"1992-03-01","1992-04-01",NA,NA,NA,100
"USC00501987","CIRCLE HOT SPRINGS",3,"25C",NA,NA,"1992-04-01","1992-05-01",NA,NA,NA,100
"USC00501987","CIRCLE HOT SPRINGS",3,"25C",NA,NA,"1992-05-01","1992-06-01",NA,NA,NA,100
"USC00501987","CIRCLE HOT SPRINGS",3,"25C",NA,NA,"1992-06-01","1992-07-01",NA,NA,NA,100
"USC00501987","CIRCLE HOT SPRINGS",3,"25C",NA,NA,"1992-07-01","1992-08-01",NA,NA,NA,100
"USC00501987","CIRCLE HOT SPRINGS",3,"25C",NA,NA,"1992-08-01","1992-09-01",NA,NA,NA,100
"USC00501987","CIRCLE HOT SPRINGS",3,"25C",NA,NA,"1992-09-01","1992-10-01",NA,NA,NA,100
"USC00501987","CIRCLE HOT SPRINGS",3,"25C",NA,NA,"1992-10-01","1992-11-01",NA,NA,NA,100
"USC00501987","CIRCLE HOT SPRINGS",3,"25C",NA,NA,"1992-11-01","1992-12-01",NA,NA,NA,100
"USC00501987","CIRCLE HOT SPRINGS",3,"25C",NA,NA,"1992-12-01","1993-01-01",NA,NA,NA,100
"USC00501987","CIRCLE HOT SPRINGS",3,"25C",NA,NA,"1993-01-01","1993-02-01",NA,NA,NA,100
"USC00501987","CIRCLE HOT SPRINGS",3,"25C",NA,NA,"1993-02-01","1993-03-01",NA,NA,NA,100
"USC00501987","CIRCLE HOT SPRINGS",3,"25C",NA,NA,"1993-03-01","1993-04-01",NA,NA,NA,100
"USC00501987","CIRCLE HOT SPRINGS",3,"25C",NA,NA,"1993-04-01","1993-05-01",NA,NA,NA,100
"USC00501987","CIRCLE HOT SPRINGS",3,"25C",NA,NA,"1993-05-01","1993-06-01",NA,NA,NA,100
"USC00501987","CIRCLE HOT SPRINGS",3,"25C",NA,NA,"1993-06-01","1993-07-01",NA,NA,NA,100
"USC00501987","CIRCLE HOT SPRINGS",3,"25C",NA,NA,"1993-07-01","1993-08-01",NA,NA,NA,100
"USC00501987","CIRCLE HOT SPRINGS",3,"25C",NA,NA,"1993-08-01","1993-09-01",NA,NA,NA,100
"USC00501987","CIRCLE HOT SPRINGS",3,"25C",NA,NA,"1993-09-01","1993-10-01",NA,NA,NA,100
"USC00501987","CIRCLE HOT SPRINGS",3,"25C",NA,NA,"1993-10-01","1993-11-01",NA,NA,NA,100
"USC00501987","CIRCLE HOT SPRINGS",3,"25C",NA,NA,"1993-11-01","1993-12-01",NA,NA,NA,100
"USC00501987","CIRCLE HOT SPRINGS",3,"25C",NA,NA,"1993-12-01","1994-01-01",NA,NA,NA,100
"USC00501987","CIRCLE HOT SPRINGS",3,"25C",NA,NA,"1994-01-01","1994-02-01",NA,NA,NA,100
"USC00501987","CIRCLE HOT SPRINGS",3,"25C",NA,NA,"1994-02-01","1994-03-01",NA,NA,NA,100
"USC00501987","CIRCLE HOT SPRINGS",3,"25C",NA,NA,"1994-03-01","1994-04-01",NA,NA,NA,100
"USC00501987","CIRCLE HOT SPRINGS",3,"25C",NA,NA,"1994-04-01","1994-05-01",NA,NA,NA,100
"USC00501987","CIRCLE HOT SPRINGS",3,"25C",NA,NA,"1994-05-01","1994-06-01",NA,NA,NA,100
"USC00501987","CIRCLE HOT SPRINGS",3,"25C",NA,NA,"1994-06-01","1994-07-01",NA,NA,NA,100
"USC00501987","CIRCLE HOT SPRINGS",3,"25C",NA,NA,"1994-07-01","1994-08-01",NA,NA,NA,100
"USC00501987","CIRCLE HOT SPRINGS",3,"25C",NA,NA,"1994-08-01","1994-09-01",NA,NA,NA,100
"USC00501987","CIRCLE HOT SPRINGS",3,"25C",NA,NA,"1994-09-01","1994-10-01",NA,NA,NA,100
"USC00501987","CIRCLE HOT SPRINGS",3,"25C",NA,NA,"1994-10-01","1994-11-01",NA,NA,NA,100
"USC00501987","CIRCLE HOT SPRINGS",3,"25C",NA,NA,"1994-11-01","1994-12-01",NA,NA,NA,100
"USC00501987","CIRCLE HOT SPRINGS",3,"25C",NA,NA,"1994-12-01","1995-01-01",NA,NA,NA,100
"USC00501987","CIRCLE HOT SPRINGS",3,"25C",NA,NA,"1995-01-01","1995-02-01",NA,NA,NA,100
"USC00501987","CIRCLE HOT SPRINGS",3,"25C",NA,NA,"1995-02-01","1995-03-01",NA,NA,NA,100
"USC00501987","CIRCLE HOT SPRINGS",3,"25C",NA,NA,"1995-03-01","1995-04-01",NA,NA,NA,100
"USC00501987","CIRCLE HOT SPRINGS",3,"25C",NA,NA,"1995-04-01","1995-05-01",NA,NA,NA,100
"USC00501987","CIRCLE HOT SPRINGS",3,"25C",NA,NA,"1995-05-01","1995-06-01",NA,NA,NA,100
"USC00501987","CIRCLE HOT SPRINGS",3,"25C",NA,NA,"1995-06-01","1995-07-01",NA,NA,NA,100
"USC00501987","CIRCLE HOT SPRINGS",3,"25C",NA,NA,"1995-07-01","1995-08-01",NA,NA,NA,100
"USC00501987","CIRCLE HOT SPRINGS",3,"25C",NA,NA,"1995-08-01","1995-09-01",NA,NA,NA,100
"USC00501987","CIRCLE HOT SPRINGS",3,"25C",NA,NA,"1995-09-01","1995-10-01",NA,NA,NA,100
"USC00501987","CIRCLE HOT SPRINGS",3,"25C",NA,NA,"1995-10-01","1995-11-01",NA,NA,NA,100
"USC00501987","CIRCLE HOT SPRINGS",3,"25C",NA,NA,"1995-11-01","1995-12-01",NA,NA,NA,100
"USC00501987","CIRCLE HOT SPRINGS",3,"25C",NA,NA,"1995-12-01","1996-01-01",NA,NA,NA,100
"USC00501987","CIRCLE HOT SPRINGS",3,"25C",NA,NA,"1996-01-01","1996-02-01",NA,NA,NA,100
"USC00501987","CIRCLE HOT SPRINGS",3,"25C",NA,NA,"1996-02-01","1996-03-01",NA,NA,NA,100
"USC00501987","CIRCLE HOT SPRINGS",3,"25C",NA,NA,"1996-03-01","1996-04-01",NA,NA,NA,100
"USC00501987","CIRCLE HOT SPRINGS",3,"25C",NA,NA,"1996-04-01","1996-05-01",NA,NA,NA,100
"USC00501987","CIRCLE HOT SPRINGS",3,"25C",NA,NA,"1996-05-01","1996-06-01",NA,NA,NA,100
"USC00501987","CIRCLE HOT SPRINGS",3,"25C",NA,NA,"1996-06-01","1996-07-01",NA,NA,NA,100
"USC00501987","CIRCLE HOT SPRINGS",3,"25C",NA,NA,"1996-07-01","1996-08-01",NA,NA,NA,100
"USC00501987","CIRCLE HOT SPRINGS",3,"25C",NA,NA,"1996-08-01","1996-09-01",NA,NA,NA,100
"USC00501987","CIRCLE HOT SPRINGS",3,"25C",NA,NA,"1996-09-01","1996-10-01",NA,NA,NA,100
"USC00501987","CIRCLE HOT SPRINGS",3,"25C",NA,NA,"1996-10-01","1996-11-01",NA,NA,NA,100
"USC00501987","CIRCLE HOT SPRINGS",3,"25C",NA,NA,"1996-11-01","1996-12-01",NA,NA,NA,100
"USC00501987","CIRCLE HOT SPRINGS",3,"25C",NA,NA,"1996-12-01","1997-01-01",NA,NA,NA,100
"USC00501987","CIRCLE HOT SPRINGS",3,"25C",NA,NA,"1997-01-01","1997-02-01",NA,NA,NA,100
"USC00501987","CIRCLE HOT SPRINGS",3,"25C",NA,NA,"1997-02-01","1997-03-01",NA,NA,NA,100
"USC00501987","CIRCLE HOT SPRINGS",3,"25C",NA,NA,"1997-03-01","1997-04-01",NA,NA,NA,100
"USC00501987","CIRCLE HOT SPRINGS",3,"25C",NA,NA,"1997-04-01","1997-05-01",NA,NA,NA,100
"USC00501987","CIRCLE HOT SPRINGS",3,"25C",NA,NA,"1997-05-01","1997-06-01",NA,NA,NA,100
"USC00501987","CIRCLE HOT SPRINGS",3,"25C",NA,NA,"1997-06-01","1997-07-01",NA,NA,NA,100
"USC00501987","CIRCLE HOT SPRINGS",3,"25C",NA,NA,"1997-07-01","1997-08-01",NA,NA,NA,100
"USC00501987","CIRCLE HOT SPRINGS",3,"25C",NA,NA,"1997-08-01","1997-09-01",NA,NA,NA,100
"USC00501987","CIRCLE HOT SPRINGS",3,"25C",NA,NA,"1997-09-01","1997-10-01",NA,NA,NA,100
"USC00501987","CIRCLE HOT SPRINGS",3,"25C",NA,NA,"1997-10-01","1997-11-01",NA,NA,NA,100
"USC00501987","CIRCLE HOT SPRINGS",3,"25C",NA,NA,"1997-11-01","1997-12-01",NA,NA,NA,100
"USC00501987","CIRCLE HOT SPRINGS",3,"25C",NA,NA,"1997-12-01","1998-01-01",NA,NA,NA,100
"USC00501987","CIRCLE HOT SPRINGS",3,"25C",NA,NA,"1998-01-01","1998-02-01",NA,NA,NA,100
"USC00501987","CIRCLE HOT SPRINGS",3,"25C",NA,NA,"1998-02-01","1998-03-01",NA,NA,NA,100
"USC00501987","CIRCLE HOT SPRINGS",3,"25C",NA,NA,"1998-03-01","1998-04-01",NA,NA,NA,100
"USC00501987","CIRCLE HOT SPRINGS",3,"25C",NA,NA,"1998-04-01","1998-05-01",NA,NA,NA,100
"USC00501987","CIRCLE HOT SPRINGS",3,"25C",NA,NA,"1998-05-01","1998-06-01",NA,NA,NA,100
"USC00501987","CIRCLE HOT SPRINGS",3,"25C",NA,NA,"1998-06-01","1998-07-01",NA,NA,NA,100
"USC00501987","CIRCLE HOT SPRINGS",3,"25C",NA,NA,"1998-07-01","1998-08-01",NA,NA,NA,100
"USC00501987","CIRCLE HOT SPRINGS",3,"25C",NA,NA,"1998-08-01","1998-09-01",NA,NA,NA,100
"USC00501987","CIRCLE HOT SPRINGS",3,"25C",NA,NA,"1998-09-01","1998-10-01",NA,NA,NA,100
"USC00501987","CIRCLE HOT SPRINGS",3,"25C",NA,NA,"1998-10-01","1998-11-01",NA,NA,NA,100
"USC00501987","CIRCLE HOT SPRINGS",3,"25C",NA,NA,"1998-11-01","1998-12-01",NA,NA,NA,100
"USC00501987","CIRCLE HOT SPRINGS",3,"25C",NA,NA,"1998-12-01","1999-01-01",NA,NA,NA,100
"USC00501987","CIRCLE HOT SPRINGS",3,"25C",NA,NA,"1999-01-01","1999-02-01",NA,NA,NA,100
"USC00501987","CIRCLE HOT SPRINGS",3,"25C",NA,NA,"1999-02-01","1999-03-01",NA,NA,NA,100
"USC00501987","CIRCLE HOT SPRINGS",3,"25C",NA,NA,"1999-03-01","1999-04-01",NA,NA,NA,100
"USC00501987","CIRCLE HOT SPRINGS",3,"25C",NA,NA,"1999-04-01","1999-05-01",NA,NA,NA,100
"USC00501987","CIRCLE HOT SPRINGS",3,"25C",NA,NA,"1999-05-01","1999-06-01",NA,NA,NA,100
"USC00501987","CIRCLE HOT SPRINGS",3,"25C",NA,NA,"1999-06-01","1999-07-01",NA,NA,NA,100
"USC00501987","CIRCLE HOT SPRINGS",3,"25C",NA,NA,"1999-07-01","1999-08-01",NA,NA,NA,100
"USC00501987","CIRCLE HOT SPRINGS",3,"25C",NA,NA,"1999-08-01","1999-09-01",NA,NA,NA,100
"USC00501987","CIRCLE HOT SPRINGS",3,"25C",NA,NA,"1999-09-01","1999-10-01",NA,NA,NA,100
"USC00501987","CIRCLE HOT SPRINGS",3,"25C",NA,NA,"1999-10-01","1999-11-01",NA,NA,NA,100
"USC00501987","CIRCLE HOT SPRINGS",3,"25C",NA,NA,"1999-11-01","1999-12-01",NA,NA,NA,100
"USC00501987","CIRCLE HOT SPRINGS",3,"25C",NA,NA,"1999-12-01","2000-01-01",NA,NA,NA,100
"USC00501987","CIRCLE HOT SPRINGS",3,"25C",NA,NA,"2000-01-01","2000-02-01",NA,NA,NA,100
"USC00501987","CIRCLE HOT SPRINGS",3,"25C",NA,NA,"2000-02-01","2000-03-01",NA,NA,NA,100
"USC00501987","CIRCLE HOT SPRINGS",3,"25C",NA,NA,"2000-03-01","2000-04-01",NA,NA,NA,100
"USC00501987","CIRCLE HOT SPRINGS",3,"25C",NA,NA,"2000-04-01","2000-05-01",NA,NA,NA,100
"USC00501987","CIRCLE HOT SPRINGS",3,"25C","2000","05","2000-05-01","2000-06-01",0.933070866141732,0,10,3
"USC00501987","CIRCLE HOT SPRINGS",3,"25C","2000","06","2000-06-01","2000-07-01",0,0,0,0
"USC00501987","CIRCLE HOT SPRINGS",3,"25C","2000","07","2000-07-01","2000-08-01",0,0,0,0
"USC00501987","CIRCLE HOT SPRINGS",3,"25C","2000","08","2000-08-01","2000-09-01",0,0,0,0
"USC00501987","CIRCLE HOT SPRINGS",3,"25C","2000","09","2000-09-01","2000-10-01",0.165354330708661,0,2.99212598425197,0
"USC00501987","CIRCLE HOT SPRINGS",3,"25C","2000","10","2000-10-01","2000-11-01",5.09779019558039,0,7.99212598425197,0
"USC00501987","CIRCLE HOT SPRINGS",3,"25C","2000","11","2000-11-01","2000-12-01",8.93832020997375,7.99212598425197,10,0
"USC00501987","CIRCLE HOT SPRINGS",3,"25C","2000","12","2000-12-01","2001-01-01",12.5984251968504,10,15,3
"USC00501987","CIRCLE HOT SPRINGS",3,"25C","2001","01","2001-01-01","2001-02-01",16.9634239268479,14.0157480314961,19.0157480314961,0
"USC00501987","CIRCLE HOT SPRINGS",3,"25C","2001","02","2001-02-01","2001-03-01",20.1082677165354,17.992125984252,22.007874015748,0
"USC00501987","CIRCLE HOT SPRINGS",3,"25C","2001","03","2001-03-01","2001-04-01",22.48793497587,20,24.0157480314961,0
"USC00501987","CIRCLE HOT SPRINGS",3,"25C","2001","04","2001-04-01","2001-05-01",20.1778441487917,17.992125984252,22.992125984252,3
"USC00501987","CIRCLE HOT SPRINGS",3,"25C",NA,NA,"2001-05-01","2001-06-01",NA,NA,NA,100
"USC00501987","CIRCLE HOT SPRINGS",3,"25C","2001","06","2001-06-01","2001-07-01",0,0,0,0
"USC00501987","CIRCLE HOT SPRINGS",3,"25C","2001","07","2001-07-01","2001-08-01",0,0,0,0
"USC00501987","CIRCLE HOT SPRINGS",3,"25C","2001","08","2001-08-01","2001-09-01",0,0,0,0
"USC00501987","CIRCLE HOT SPRINGS",3,"25C",NA,NA,"2001-09-01","2001-10-01",NA,NA,NA,100
"USC00501987","CIRCLE HOT SPRINGS",3,"25C","2001","10","2001-10-01","2001-11-01",2.64160528321057,0,7.99212598425197,0
"USC00501987","CIRCLE HOT SPRINGS",3,"25C","2001","11","2001-11-01","2001-12-01",6.59842519685039,5,7.99212598425197,0
"USC00501987","CIRCLE HOT SPRINGS",3,"25C","2001","12","2001-12-01","2002-01-01",7.83727034120735,7.00787401574803,10,3
"USC00501987","CIRCLE HOT SPRINGS",3,"25C","2002","01","2002-01-01","2002-02-01",11.5163830327661,0,15,0
"USC00501987","CIRCLE HOT SPRINGS",3,"25C","2002","02","2002-02-01","2002-03-01",13.151064450277,0,15,4
"USC00501987","CIRCLE HOT SPRINGS",3,"25C","2002","03","2002-03-01","2002-04-01",13.6906273812548,0,15,0
"USC00501987","CIRCLE HOT SPRINGS",3,"25C","2002","04","2002-04-01","2002-05-01",12.6994750656168,0,17.992125984252,0
"USC00501987","CIRCLE HOT SPRINGS",3,"25C","2002","05","2002-05-01","2002-06-01",0.226060452120904,0,2.99212598425197,0
"USC00501987","CIRCLE HOT SPRINGS",3,"25C","2002","06","2002-06-01","2002-07-01",0,0,0,0
"USC00501987","CIRCLE HOT SPRINGS",3,"25C",NA,NA,"2002-07-01","2002-08-01",NA,NA,NA,100
"USC00501987","CIRCLE HOT SPRINGS",3,"25C",NA,NA,"2002-08-01","2002-09-01",NA,NA,NA,100
"USC00501987","CIRCLE HOT SPRINGS",3,"25C","2002","09","2002-09-01","2002-10-01",0,0,0,0
"USC00501987","CIRCLE HOT SPRINGS",3,"25C",NA,NA,"2002-10-01","2002-11-01",NA,NA,NA,100
"USC00501987","CIRCLE HOT SPRINGS",3,"25C","2002","11","2002-11-01","2002-12-01",7.93700787401575,0,12.007874015748,0
"USC00501987","CIRCLE HOT SPRINGS",3,"25C","2002","12","2002-12-01","2003-01-01",12.0370840741681,9.01574803149606,15.9842519685039,0
"USC00501987","CIRCLE HOT SPRINGS",3,"25C","2003","01","2003-01-01","2003-02-01",17.9019558039116,0,22.992125984252,0
"USC00501987","CIRCLE HOT SPRINGS",3,"25C","2003","02","2003-02-01","2003-03-01",21.681664791901,0,25,0
"USC00501987","CIRCLE HOT SPRINGS",3,"25C","2003","03","2003-03-01","2003-04-01",21.4465328930658,0,25.9842519685039,0
"USC00501987","CIRCLE HOT SPRINGS",3,"25C","2003","04","2003-04-01","2003-05-01",19.2729658792651,0,27.007874015748,0
"USC00501987","CIRCLE HOT SPRINGS",3,"25C","2003","05","2003-05-01","2003-06-01",0,0,0,16
"USC00501987","CIRCLE HOT SPRINGS",3,"25C","2003","06","2003-06-01","2003-07-01",0,0,0,0
"USC00501987","CIRCLE HOT SPRINGS",3,"25C","2003","07","2003-07-01","2003-08-01",0,0,0,0
"USC00501987","CIRCLE HOT SPRINGS",3,"25C","2003","08","2003-08-01","2003-09-01",0,0,0,0
"USC00501987","CIRCLE HOT SPRINGS",3,"25C","2003","09","2003-09-01","2003-10-01",0,0,0,0
"USC00501987","CIRCLE HOT SPRINGS",3,"25C","2003","10","2003-10-01","2003-11-01",0.774701549403099,0,4.01574803149606,0
"USC00501987","CIRCLE HOT SPRINGS",3,"25C","2003","11","2003-11-01","2003-12-01",3.83727034120735,0,7.99212598425197,0
"USC00501987","CIRCLE HOT SPRINGS",3,"25C","2003","12","2003-12-01","2004-01-01",8.86876640419947,7.99212598425197,10,3
"USC00501987","CIRCLE HOT SPRINGS",3,"25C","2004","01","2004-01-01","2004-02-01",12.741935483871,0,17.007874015748,0
"USC00501987","CIRCLE HOT SPRINGS",3,"25C","2004","02","2004-02-01","2004-03-01",16.13222916101,15,17.007874015748,0
"USC00501987","CIRCLE HOT SPRINGS",3,"25C","2004","03","2004-03-01","2004-04-01",17.1907543815088,15,20,0
"USC00501987","CIRCLE HOT SPRINGS",3,"25C","2004","04","2004-04-01","2004-05-01",13.2446375237578,0,20.9842519685039,3
"USC00501987","CIRCLE HOT SPRINGS",3,"25C","2004","05","2004-05-01","2004-06-01",0.031750063500127,0,0.984251968503937,0
"USC00501987","CIRCLE HOT SPRINGS",3,"25C","2004","06","2004-06-01","2004-07-01",0,0,0,3
"USC00501987","CIRCLE HOT SPRINGS",3,"25C",NA,NA,"2004-07-01","2004-08-01",NA,NA,NA,100
"USC00501987","CIRCLE HOT SPRINGS",3,"25C","2004","08","2004-08-01","2004-09-01",0,0,0,3
"USC00501987","CIRCLE HOT SPRINGS",3,"25C","2004","09","2004-09-01","2004-10-01",0.0997375328083989,0,2.00787401574803,0
"USC00501987","CIRCLE HOT SPRINGS",3,"25C","2004","10","2004-10-01","2004-11-01",1.85601799775028,0,5,10
"USC00501987","CIRCLE HOT SPRINGS",3,"25C","2004","11","2004-11-01","2004-12-01",7.32720909886264,5.98425196850394,9.01574803149606,10
"USC00501987","CIRCLE HOT SPRINGS",3,"25C","2004","12","2004-12-01","2005-01-01",13.6768841394826,10.9842519685039,15.9842519685039,10
"USC00501987","CIRCLE HOT SPRINGS",3,"25C","2005","01","2005-01-01","2005-02-01",17.6517653035306,15,19.0157480314961,0
"USC00501987","CIRCLE HOT SPRINGS",3,"25C","2005","02","2005-02-01","2005-03-01",18.9198904484766,17.992125984252,22.007874015748,18
"USC00501987","CIRCLE HOT SPRINGS",3,"25C","2005","03","2005-03-01","2005-04-01",21.5984251968504,20,22.992125984252,19
"USC00501987","CIRCLE HOT SPRINGS",3,"25C","2005","04","2005-04-01","2005-05-01",15.7707450030285,0,20.9842519685039,13
"USC00501987","CIRCLE HOT SPRINGS",3,"25C",NA,NA,"2005-05-01","2005-06-01",NA,NA,NA,100
"USC00501987","CIRCLE HOT SPRINGS",3,"25C","2005","06","2005-06-01","2005-07-01",0,0,0,20
"USC00501987","CIRCLE HOT SPRINGS",3,"25C","2005","07","2005-07-01","2005-08-01",0,0,0,0
"USC00501987","CIRCLE HOT SPRINGS",3,"25C","2005","08","2005-08-01","2005-09-01",0,0,0,0
"USC00501987","CIRCLE HOT SPRINGS",3,"25C",NA,NA,"2005-09-01","2005-10-01",NA,NA,NA,100
"USC00501987","CIRCLE HOT SPRINGS",3,"25C",NA,NA,"2005-10-01","2005-11-01",NA,NA,NA,100
"USC00501987","CIRCLE HOT SPRINGS",3,"25C",NA,NA,"2005-11-01","2005-12-01",NA,NA,NA,100
"USC00501987","CIRCLE HOT SPRINGS",3,"25C",NA,NA,"2005-12-01","2006-01-01",NA,NA,NA,100
"USC00501987","CIRCLE HOT SPRINGS",3,"25C","2006","01","2006-01-01","2006-02-01",26.6116332232664,25.9842519685039,27.007874015748,0
"USC00501987","CIRCLE HOT SPRINGS",3,"25C","2006","02","2006-02-01","2006-03-01",24.5973514674302,24.0157480314961,25.9842519685039,21
"USC00501987","CIRCLE HOT SPRINGS",3,"25C","2006","03","2006-03-01","2006-04-01",25.9969066366704,24.0157480314961,27.992125984252,10
"USC00501987","CIRCLE HOT SPRINGS",3,"25C","2006","04","2006-04-01","2006-05-01",25.621719160105,22.007874015748,27.992125984252,20
"USC00501987","CIRCLE HOT SPRINGS",3,"25C","2006","05","2006-05-01","2006-06-01",8.49831271091114,0,22.007874015748,55
"USC00501987","CIRCLE HOT SPRINGS",3,"25C","2006","06","2006-06-01","2006-07-01",0,0,0,43
"USC00501987","CIRCLE HOT SPRINGS",3,"25C","2006","07","2006-07-01","2006-08-01",0,0,0,0
"USC00501987","CIRCLE HOT SPRINGS",3,"25C","2006","08","2006-08-01","2006-09-01",0,0,0,3
"USC00501987","CIRCLE HOT SPRINGS",3,"25C","2006","09","2006-09-01","2006-10-01",0,0,0,0
"USC00501987","CIRCLE HOT SPRINGS",3,"25C","2006","10","2006-10-01","2006-11-01",0.296587926509186,0,2.00787401574803,3
"USC00501987","CIRCLE HOT SPRINGS",3,"25C","2006","11","2006-11-01","2006-12-01",4.55742601140375,2.00787401574803,5,3
"USC00501987","CIRCLE HOT SPRINGS",3,"25C","2006","12","2006-12-01","2007-01-01",8.1239301609038,5.98425196850394,10,26
"USC00501987","CIRCLE HOT SPRINGS",3,"25C","2007","01","2007-01-01","2007-02-01",11.8924789573717,10,12.992125984252,6
"USC00501987","CIRCLE HOT SPRINGS",3,"25C","2007","02","2007-02-01","2007-03-01",10.9842519685039,10.9842519685039,10.9842519685039,4
"USC00501987","CIRCLE HOT SPRINGS",3,"25C","2007","03","2007-03-01","2007-04-01",11.248412496825,10.9842519685039,12.007874015748,0
"USC00501987","CIRCLE HOT SPRINGS",3,"25C","2007","04","2007-04-01","2007-05-01",5.79283193049145,0,12.007874015748,3
"USC00501987","CIRCLE HOT SPRINGS",3,"25C","2007","05","2007-05-01","2007-06-01",0,0,0,0
"USC00501987","CIRCLE HOT SPRINGS",3,"25C",NA,NA,"2007-06-01","2007-07-01",NA,NA,NA,100
"USC00501987","CIRCLE HOT SPRINGS",3,"25C","2007","07","2007-07-01","2007-08-01",0,0,0,6
"USC00501987","CIRCLE HOT SPRINGS",3,"25C","2007","08","2007-08-01","2007-09-01",0,0,0,0
"USC00501987","CIRCLE HOT SPRINGS",3,"25C","2007","09","2007-09-01","2007-10-01",0,0,0,3
"USC00501987","CIRCLE HOT SPRINGS",3,"25C","2007","10","2007-10-01","2007-11-01",5.63575386410032,0,9.01574803149606,13
"USC00501987","CIRCLE HOT SPRINGS",3,"25C","2007","11","2007-11-01","2007-12-01",10.2362204724409,9.01574803149606,10.9842519685039,17
"USC00501987","CIRCLE HOT SPRINGS",3,"25C","2007","12","2007-12-01","2008-01-01",11.7366579177603,10,12.992125984252,13
"USC00501987","CIRCLE HOT SPRINGS",3,"25C","2008","01","2008-01-01","2008-02-01",14.4065325167687,12.992125984252,15,13
"USC00501987","CIRCLE HOT SPRINGS",3,"25C","2008","02","2008-02-01","2008-03-01",14.9606299212598,14.0157480314961,15,14
"USC00501987","CIRCLE HOT SPRINGS",3,"25C","2008","03","2008-03-01","2008-04-01",15.55701370662,15,17.007874015748,13
"USC00501987","CIRCLE HOT SPRINGS",3,"25C","2008","04","2008-04-01","2008-05-01",13.5987831066571,5,19.0157480314961,27
"USC00501987","CIRCLE HOT SPRINGS",3,"25C","2008","05","2008-05-01","2008-06-01",0,0,0,13
"USC00501987","CIRCLE HOT SPRINGS",3,"25C","2008","06","2008-06-01","2008-07-01",0,0,0,0
"USC00501987","CIRCLE HOT SPRINGS",3,"25C","2008","07","2008-07-01","2008-08-01",0,0,0,0
"USC00501987","CIRCLE HOT SPRINGS",3,"25C","2008","08","2008-08-01","2008-09-01",0,0,0,0
"USC00501987","CIRCLE HOT SPRINGS",3,"25C","2008","09","2008-09-01","2008-10-01",0.0717097862767154,0,2.00787401574803,7
"USC00501987","CIRCLE HOT SPRINGS",3,"25C","2008","10","2008-10-01","2008-11-01",7.06974128233971,2.00787401574803,10,10
"USC00501987","CIRCLE HOT SPRINGS",3,"25C","2008","11","2008-11-01","2008-12-01",12.0326625838437,10,15,10
"USC00501987","CIRCLE HOT SPRINGS",3,"25C","2008","12","2008-12-01","2009-01-01",17.4291338582677,15,20,3
"USC00501987","CIRCLE HOT SPRINGS",3,"25C","2009","01","2009-01-01","2009-02-01",18.9946569178853,15.9842519685039,25,10
"USC00501987","CIRCLE HOT SPRINGS",3,"25C","2009","02","2009-02-01","2009-03-01",22.4015748031496,20.9842519685039,22.992125984252,21
"USC00501987","CIRCLE HOT SPRINGS",3,"25C","2009","03","2009-03-01","2009-04-01",23.9299775028121,22.007874015748,25.9842519685039,10
"USC00501987","CIRCLE HOT SPRINGS",3,"25C","2009","04","2009-04-01","2009-05-01",20.1692913385827,0,25,0
"USC00501987","CIRCLE HOT SPRINGS",3,"25C","2009","05","2009-05-01","2009-06-01",0,0,0,6
"USC00501987","CIRCLE HOT SPRINGS",3,"25C",NA,NA,"2009-06-01","2009-07-01",NA,NA,NA,100
"USC00501987","CIRCLE HOT SPRINGS",3,"25C","2009","07","2009-07-01","2009-08-01",0,0,0,65
"USC00501987","CIRCLE HOT SPRINGS",3,"25C","2009","08","2009-08-01","2009-09-01",0,0,0,29
"USC00501987","CIRCLE HOT SPRINGS",3,"25C","2009","09","2009-09-01","2009-10-01",0.880314960629921,0,5.98425196850394,17
"USC00501987","CIRCLE HOT SPRINGS",3,"25C","2009","10","2009-10-01","2009-11-01",5.03937007874016,4.01574803149606,9.01574803149606,0
"USC00501987","CIRCLE HOT SPRINGS",3,"25C","2009","11","2009-11-01","2009-12-01",9.40288713910761,7.99212598425197,10,0
"USC00501987","CIRCLE HOT SPRINGS",3,"25C","2009","12","2009-12-01","2010-01-01",10.8966217932436,10,12.992125984252,0
"USC00501987","CIRCLE HOT SPRINGS",3,"25C","2010","01","2010-01-01","2010-02-01",12.9730759461519,12.007874015748,15,0
"USC00501987","CIRCLE HOT SPRINGS",3,"25C","2010","02","2010-02-01","2010-03-01",15.4260404949381,14.0157480314961,17.007874015748,0
"USC00501987","CIRCLE HOT SPRINGS",3,"25C","2010","03","2010-03-01","2010-04-01",17.5603674540682,15.9842519685039,19.0157480314961,3
"USC00501987","CIRCLE HOT SPRINGS",3,"25C","2010","04","2010-04-01","2010-05-01",11.5354330708661,0,17.992125984252,0
"USC00501987","CIRCLE HOT SPRINGS",3,"25C","2010","05","2010-05-01","2010-06-01",0,0,0,0
"USC00501987","CIRCLE HOT SPRINGS",3,"25C","2010","06","2010-06-01","2010-07-01",0,0,0,0
"USC00501987","CIRCLE HOT SPRINGS",3,"25C","2010","07","2010-07-01","2010-08-01",0,0,0,0
"USC00501987","CIRCLE HOT SPRINGS",3,"25C","2010","08","2010-08-01","2010-09-01",0,0,0,0
"USC00501987","CIRCLE HOT SPRINGS",3,"25C","2010","09","2010-09-01","2010-10-01",0,0,0,0
"USC00501987","CIRCLE HOT SPRINGS",3,"25C","2010","10","2010-10-01","2010-11-01",2.7740763173834,0,5.98425196850394,16
"USC00501987","CIRCLE HOT SPRINGS",3,"25C","2010","11","2010-11-01","2010-12-01",7.59448818897638,0,10,0
"USC00501987","CIRCLE HOT SPRINGS",3,"25C","2010","12","2010-12-01","2011-01-01",11.3215223097113,10.9842519685039,12.992125984252,3
"USC00501987","CIRCLE HOT SPRINGS",3,"25C","2011","01","2011-01-01","2011-02-01",14.8133096266193,12.992125984252,17.992125984252,0
"USC00501987","CIRCLE HOT SPRINGS",3,"25C","2011","02","2011-02-01","2011-03-01",18.6867266591676,17.007874015748,27.992125984252,0
"USC00501987","CIRCLE HOT SPRINGS",3,"25C","2011","03","2011-03-01","2011-04-01",17.0396240792482,17.007874015748,17.992125984252,0
"USC00501987","CIRCLE HOT SPRINGS",3,"25C","2011","04","2011-04-01","2011-05-01",17.3959505061867,5,20,7
"USC00501987","CIRCLE HOT SPRINGS",3,"25C","2011","05","2011-05-01","2011-06-01",0.241650828129242,0,7.00787401574803,6
"USC00501987","CIRCLE HOT SPRINGS",3,"25C","2011","06","2011-06-01","2011-07-01",0,0,0,0
"USC00501987","CIRCLE HOT SPRINGS",3,"25C","2011","07","2011-07-01","2011-08-01",0,0,0,45
"USC00501987","CIRCLE HOT SPRINGS",3,"25C","2011","08","2011-08-01","2011-09-01",0,0,0,0
"USC00501987","CIRCLE HOT SPRINGS",3,"25C","2011","09","2011-09-01","2011-10-01",0,0,0,0
"USC00501987","CIRCLE HOT SPRINGS",3,"25C","2011","10","2011-10-01","2011-11-01",2.35204470408941,0,5.98425196850394,0
"USC00501987","CIRCLE HOT SPRINGS",3,"25C","2011","11","2011-11-01","2011-12-01",7.16535433070866,0.984251968503937,7.99212598425197,3
"USC00501987","CIRCLE HOT SPRINGS",3,"25C","2011","12","2011-12-01","2012-01-01",11.1379222758446,7.99212598425197,14.0157480314961,0
"USC00501987","CIRCLE HOT SPRINGS",3,"25C","2012","01","2012-01-01","2012-02-01",17.740665481331,14.0157480314961,20,0
"USC00501987","CIRCLE HOT SPRINGS",3,"25C","2012","02","2012-02-01","2012-03-01",20.3774097203367,20,22.992125984252,0
"USC00501987","CIRCLE HOT SPRINGS",3,"25C","2012","03","2012-03-01","2012-04-01",22.9286258572517,22.007874015748,22.992125984252,0
"USC00501987","CIRCLE HOT SPRINGS",3,"25C","2012","04","2012-04-01","2012-05-01",15.2979002624672,0,22.007874015748,0
"USC00501987","CIRCLE HOT SPRINGS",3,"25C","2012","05","2012-05-01","2012-06-01",0.119685039370079,0,2.99212598425197,19
"USC00501987","CIRCLE HOT SPRINGS",3,"25C","2012","06","2012-06-01","2012-07-01",0,0,0,0
"USC00501987","CIRCLE HOT SPRINGS",3,"25C","2012","07","2012-07-01","2012-08-01",0,0,0,6
"USC00501987","CIRCLE HOT SPRINGS",3,"25C","2012","08","2012-08-01","2012-09-01",0,0,0,55
"USC00501987","CIRCLE HOT SPRINGS",3,"25C","2012","09","2012-09-01","2012-10-01",0,0,0,93
"USC00501987","CIRCLE HOT SPRINGS",3,"25C","2012","10","2012-10-01","2012-11-01",4.28477690288714,0,10.9842519685039,23
"USC00501987","CIRCLE HOT SPRINGS",3,"25C","2012","11","2012-11-01","2012-12-01",12.00656167979,10.9842519685039,12.992125984252,0
"USC00501987","CIRCLE HOT SPRINGS",3,"25C","2012","12","2012-12-01","2013-01-01",14.004318008636,12.007874015748,15,0
"USC00501987","CIRCLE HOT SPRINGS",3,"25C","2013","01","2013-01-01","2013-02-01",16.6141732283465,15,19.0157480314961,0
"USC00501987","CIRCLE HOT SPRINGS",3,"25C","2013","02","2013-02-01","2013-03-01",21.4918447694038,19.0157480314961,22.992125984252,0
"USC00501987","CIRCLE HOT SPRINGS",3,"25C","2013","03","2013-03-01","2013-04-01",22.3724117818606,22.007874015748,22.992125984252,13
"USC00501987","CIRCLE HOT SPRINGS",3,"25C","2013","04","2013-04-01","2013-05-01",19.7131608548931,15,22.007874015748,7
"USC00501987","CIRCLE HOT SPRINGS",3,"25C","2013","05","2013-05-01","2013-06-01",7.32283464566929,0,20.9842519685039,0
"USC00501987","CIRCLE HOT SPRINGS",3,"25C","2013","06","2013-06-01","2013-07-01",0,0,0,0
"USC00501987","CIRCLE HOT SPRINGS",3,"25C","2013","07","2013-07-01","2013-08-01",0,0,0,0
"USC00501987","CIRCLE HOT SPRINGS",3,"25C","2013","08","2013-08-01","2013-09-01",0,0,0,0
"USC00501987","CIRCLE HOT SPRINGS",3,"25C","2013","09","2013-09-01","2013-10-01",0.465879265091864,0,4.01574803149606,0
"USC00501987","CIRCLE HOT SPRINGS",3,"25C","2013","10","2013-10-01","2013-11-01",0,0,0,0
"USC00501987","CIRCLE HOT SPRINGS",3,"25C","2013","11","2013-11-01","2013-12-01",3.40288713910761,0,10,0
"USC00501987","CIRCLE HOT SPRINGS",3,"25C","2013","12","2013-12-01","2014-01-01",8.55346710693421,0,12.007874015748,0
"USC00501987","CIRCLE HOT SPRINGS",3,"25C","2014","01","2014-01-01","2014-02-01",19.1706036745407,0,22.007874015748,3
"USC00501987","CIRCLE HOT SPRINGS",3,"25C","2014","02","2014-02-01","2014-03-01",19.1352643419573,17.007874015748,20.9842519685039,0
"USC00501987","CIRCLE HOT SPRINGS",3,"25C","2014","03","2014-03-01","2014-04-01",21.8757937515875,20.9842519685039,22.007874015748,0
"USC00501987","CIRCLE HOT SPRINGS",3,"25C","2014","04","2014-04-01","2014-05-01",17.1049868766404,4.01574803149606,27.007874015748,0
"USC00501987","CIRCLE HOT SPRINGS",3,"25C","2014","05","2014-05-01","2014-06-01",0,0,0,0
"USC00501987","CIRCLE HOT SPRINGS",3,"25C","2014","06","2014-06-01","2014-07-01",0,0,0,17
"USC00501987","CIRCLE HOT SPRINGS",3,"25C","2014","07","2014-07-01","2014-08-01",0,0,0,0
"USC00501987","CIRCLE HOT SPRINGS",3,"25C","2014","08","2014-08-01","2014-09-01",0,0,0,0
"USC00501987","CIRCLE HOT SPRINGS",3,"25C","2014","09","2014-09-01","2014-10-01",0,0,0,3
"USC00501987","CIRCLE HOT SPRINGS",3,"25C","2014","10","2014-10-01","2014-11-01",8.16611633223267,0,14.0157480314961,0
"USC00501987","CIRCLE HOT SPRINGS",3,"25C","2014","11","2014-11-01","2014-12-01",12.2349081364829,10.9842519685039,14.0157480314961,0
"USC00501987","CIRCLE HOT SPRINGS",3,"25C","2014","12","2014-12-01","2015-01-01",14.5808991617983,12.007874015748,15,0
"USC00501987","CIRCLE HOT SPRINGS",3,"25C","2015","01","2015-01-01","2015-02-01",17.9679959359919,14.0157480314961,25,0
"USC00501987","CIRCLE HOT SPRINGS",3,"25C","2015","02","2015-02-01","2015-03-01",22.4282902137233,20.9842519685039,25.9842519685039,0
"USC00501987","CIRCLE HOT SPRINGS",3,"25C","2015","03","2015-03-01","2015-04-01",22.1666243332487,20.9842519685039,24.0157480314961,0
"USC00501987","CIRCLE HOT SPRINGS",3,"25C","2015","04","2015-04-01","2015-05-01",19.6023622047244,10,24.0157480314961,0
"USC00501987","CIRCLE HOT SPRINGS",3,"25C","2015","05","2015-05-01","2015-06-01",0.969011938023876,0,9.01574803149606,0
"USC00501987","CIRCLE HOT SPRINGS",3,"25C","2015","06","2015-06-01","2015-07-01",0,0,0,0
"USC00501987","CIRCLE HOT SPRINGS",3,"25C","2015","07","2015-07-01","2015-08-01",0,0,0,0
"USC00501987","CIRCLE HOT SPRINGS",3,"25C","2015","08","2015-08-01","2015-09-01",0,0,0,0
"USC00501987","CIRCLE HOT SPRINGS",3,"25C","2015","09","2015-09-01","2015-10-01",0.285433070866142,0,7.00787401574803,7
"USC00501987","CIRCLE HOT SPRINGS",3,"25C","2015","10","2015-10-01","2015-11-01",4.80949961899924,2.00787401574803,10.9842519685039,0
"USC00501987","CIRCLE HOT SPRINGS",3,"25C","2015","11","2015-11-01","2015-12-01",13.2270341207349,10.9842519685039,17.007874015748,0
"USC00501987","CIRCLE HOT SPRINGS",3,"25C","2015","12","2015-12-01","2016-01-01",16.9088138176276,15.9842519685039,17.007874015748,0
"USC00501987","CIRCLE HOT SPRINGS",3,"25C","2016","01","2016-01-01","2016-02-01",16.992633985268,15.9842519685039,17.992125984252,0
"USC00501987","CIRCLE HOT SPRINGS",3,"25C","2016","02","2016-02-01","2016-03-01",19.4895465653,17.992125984252,20,0
"USC00501987","CIRCLE HOT SPRINGS",3,"25C","2016","03","2016-03-01","2016-04-01",20.6159512319025,19.0157480314961,22.007874015748,0
"USC00501987","CIRCLE HOT SPRINGS",3,"25C","2016","04","2016-04-01","2016-05-01",17.2335958005249,0,22.992125984252,0
"USC00501987","CIRCLE HOT SPRINGS",3,"25C","2016","05","2016-05-01","2016-06-01",0,0,0,0
"USC00501987","CIRCLE HOT SPRINGS",3,"25C","2016","06","2016-06-01","2016-07-01",0,0,0,3
"USC00501987","CIRCLE HOT SPRINGS",3,"25C","2016","07","2016-07-01","2016-08-01",0,0,0,0
"USC00501987","CIRCLE HOT SPRINGS",3,"25C","2016","08","2016-08-01","2016-09-01",0,0,0,19
"USC00501987","CIRCLE HOT SPRINGS",3,"25C","2016","09","2016-09-01","2016-10-01",0,0,0,0
"USC00501987","CIRCLE HOT SPRINGS",3,"25C","2016","10","2016-10-01","2016-11-01",1.06172212344425,0,2.99212598425197,0
"USC00501987","CIRCLE HOT SPRINGS",3,"25C","2016","11","2016-11-01","2016-12-01",5.55380577427822,2.99212598425197,7.00787401574803,0
"USC00501987","CIRCLE HOT SPRINGS",3,"25C","2016","12","2016-12-01","2017-01-01",9.77139954279909,5.98425196850394,14.0157480314961,0
"USC00501987","CIRCLE HOT SPRINGS",3,"25C","2017","01","2017-01-01","2017-02-01",14.4081788163576,10.9842519685039,17.992125984252,0
"USC00501987","CIRCLE HOT SPRINGS",3,"25C","2017","02","2017-02-01","2017-03-01",16.9572553430821,15.9842519685039,17.992125984252,0
"USC00501987","CIRCLE HOT SPRINGS",3,"25C","2017","03","2017-03-01","2017-04-01",15.9842519685039,15.9842519685039,15.9842519685039,0
"USC00501987","CIRCLE HOT SPRINGS",3,"25C","2017","04","2017-04-01","2017-05-01",13.6758530183727,9.01574803149606,17.007874015748,0
"USC00501987","CIRCLE HOT SPRINGS",3,"25C","2017","05","2017-05-01","2017-06-01",0.226060452120904,0,7.00787401574803,0
"USC00501987","CIRCLE HOT SPRINGS",3,"25C","2017","06","2017-06-01","2017-07-01",0,0,0,0
"USC00501987","CIRCLE HOT SPRINGS",3,"25C","2017","07","2017-07-01","2017-08-01",0,0,0,0
"USC00501987","CIRCLE HOT SPRINGS",3,"25C","2017","08","2017-08-01","2017-09-01",0,0,0,0
"USC00501987","CIRCLE HOT SPRINGS",3,"25C","2017","09","2017-09-01","2017-10-01",0,0,0,0
"USC00501987","CIRCLE HOT SPRINGS",3,"25C","2017","10","2017-10-01","2017-11-01",2.29616459232918,0,7.99212598425197,0
"USC00501987","CIRCLE HOT SPRINGS",3,"25C","2017","11","2017-11-01","2017-12-01",8.7992125984252,7.00787401574803,10,0
"USC00501987","CIRCLE HOT SPRINGS",3,"25C","2017","12","2017-12-01","2018-01-01",14.1656083312167,10,17.007874015748,0
"USC00501987","CIRCLE HOT SPRINGS",3,"25C","2018","01","2018-01-01","2018-02-01",15.1943103886208,12.992125984252,19.0157480314961,0
"USC00501987","CIRCLE HOT SPRINGS",3,"25C","2018","02","2018-02-01","2018-03-01",21.4370078740157,19.0157480314961,27.007874015748,0
"USC00501987","CIRCLE HOT SPRINGS",3,"25C","2018","03","2018-03-01","2018-04-01",20.6985013970028,20,20.9842519685039,0
"USC00501987","CIRCLE HOT SPRINGS",3,"25C","2018","04","2018-04-01","2018-05-01",18.4619422572178,5.98425196850394,22.007874015748,0
"USC00501987","CIRCLE HOT SPRINGS",3,"25C","2018","05","2018-05-01","2018-06-01",0.515621031242062,0,5.98425196850394,0
"USC00501987","CIRCLE HOT SPRINGS",3,"25C","2018","06","2018-06-01","2018-07-01",0,0,0,0
"USC00501987","CIRCLE HOT SPRINGS",3,"25C","2018","07","2018-07-01","2018-08-01",0,0,0,3
"USC00501987","CIRCLE HOT SPRINGS",3,"25C","2018","08","2018-08-01","2018-09-01",0,0,0,0
"USC00501987","CIRCLE HOT SPRINGS",3,"25C","2018","09","2018-09-01","2018-10-01",0,0,0,0
"USC00501987","CIRCLE HOT SPRINGS",3,"25C","2018","10","2018-10-01","2018-11-01",2.51206502413005,0,9.01574803149606,0
"USC00501987","CIRCLE HOT SPRINGS",3,"25C","2018","11","2018-11-01","2018-12-01",13.3031496062992,7.99212598425197,17.992125984252,0
