"ID","Name","Region","Unit","YEAR","MONTH","START","END","SNWDavg_in","SNWDmin_in","SNWDmax_in","MISSING_pcnt"
"USS0044Q07S","Upper Chena",3,"20B",NA,NA,"1980-01-01","1980-02-01",NA,NA,NA,100
"USS0044Q07S","Upper Chena",3,"20B",NA,NA,"1980-02-01","1980-03-01",NA,NA,NA,100
"USS0044Q07S","Upper Chena",3,"20B",NA,NA,"1980-03-01","1980-04-01",NA,NA,NA,100
"USS0044Q07S","Upper Chena",3,"20B",NA,NA,"1980-04-01","1980-05-01",NA,NA,NA,100
"USS0044Q07S","Upper Chena",3,"20B",NA,NA,"1980-05-01","1980-06-01",NA,NA,NA,100
"USS0044Q07S","Upper Chena",3,"20B",NA,NA,"1980-06-01","1980-07-01",NA,NA,NA,100
"USS0044Q07S","Upper Chena",3,"20B",NA,NA,"1980-07-01","1980-08-01",NA,NA,NA,100
"USS0044Q07S","Upper Chena",3,"20B",NA,NA,"1980-08-01","1980-09-01",NA,NA,NA,100
"USS0044Q07S","Upper Chena",3,"20B",NA,NA,"1980-09-01","1980-10-01",NA,NA,NA,100
"USS0044Q07S","Upper Chena",3,"20B",NA,NA,"1980-10-01","1980-11-01",NA,NA,NA,100
"USS0044Q07S","Upper Chena",3,"20B",NA,NA,"1980-11-01","1980-12-01",NA,NA,NA,100
"USS0044Q07S","Upper Chena",3,"20B",NA,NA,"1980-12-01","1981-01-01",NA,NA,NA,100
"USS0044Q07S","Upper Chena",3,"20B",NA,NA,"1981-01-01","1981-02-01",NA,NA,NA,100
"USS0044Q07S","Upper Chena",3,"20B",NA,NA,"1981-02-01","1981-03-01",NA,NA,NA,100
"USS0044Q07S","Upper Chena",3,"20B",NA,NA,"1981-03-01","1981-04-01",NA,NA,NA,100
"USS0044Q07S","Upper Chena",3,"20B",NA,NA,"1981-04-01","1981-05-01",NA,NA,NA,100
"USS0044Q07S","Upper Chena",3,"20B",NA,NA,"1981-05-01","1981-06-01",NA,NA,NA,100
"USS0044Q07S","Upper Chena",3,"20B",NA,NA,"1981-06-01","1981-07-01",NA,NA,NA,100
"USS0044Q07S","Upper Chena",3,"20B",NA,NA,"1981-07-01","1981-08-01",NA,NA,NA,100
"USS0044Q07S","Upper Chena",3,"20B",NA,NA,"1981-08-01","1981-09-01",NA,NA,NA,100
"USS0044Q07S","Upper Chena",3,"20B",NA,NA,"1981-09-01","1981-10-01",NA,NA,NA,100
"USS0044Q07S","Upper Chena",3,"20B",NA,NA,"1981-10-01","1981-11-01",NA,NA,NA,100
"USS0044Q07S","Upper Chena",3,"20B",NA,NA,"1981-11-01","1981-12-01",NA,NA,NA,100
"USS0044Q07S","Upper Chena",3,"20B",NA,NA,"1981-12-01","1982-01-01",NA,NA,NA,100
"USS0044Q07S","Upper Chena",3,"20B",NA,NA,"1982-01-01","1982-02-01",NA,NA,NA,100
"USS0044Q07S","Upper Chena",3,"20B",NA,NA,"1982-02-01","1982-03-01",NA,NA,NA,100
"USS0044Q07S","Upper Chena",3,"20B",NA,NA,"1982-03-01","1982-04-01",NA,NA,NA,100
"USS0044Q07S","Upper Chena",3,"20B",NA,NA,"1982-04-01","1982-05-01",NA,NA,NA,100
"USS0044Q07S","Upper Chena",3,"20B",NA,NA,"1982-05-01","1982-06-01",NA,NA,NA,100
"USS0044Q07S","Upper Chena",3,"20B",NA,NA,"1982-06-01","1982-07-01",NA,NA,NA,100
"USS0044Q07S","Upper Chena",3,"20B",NA,NA,"1982-07-01","1982-08-01",NA,NA,NA,100
"USS0044Q07S","Upper Chena",3,"20B",NA,NA,"1982-08-01","1982-09-01",NA,NA,NA,100
"USS0044Q07S","Upper Chena",3,"20B",NA,NA,"1982-09-01","1982-10-01",NA,NA,NA,100
"USS0044Q07S","Upper Chena",3,"20B",NA,NA,"1982-10-01","1982-11-01",NA,NA,NA,100
"USS0044Q07S","Upper Chena",3,"20B",NA,NA,"1982-11-01","1982-12-01",NA,NA,NA,100
"USS0044Q07S","Upper Chena",3,"20B",NA,NA,"1982-12-01","1983-01-01",NA,NA,NA,100
"USS0044Q07S","Upper Chena",3,"20B",NA,NA,"1983-01-01","1983-02-01",NA,NA,NA,100
"USS0044Q07S","Upper Chena",3,"20B",NA,NA,"1983-02-01","1983-03-01",NA,NA,NA,100
"USS0044Q07S","Upper Chena",3,"20B",NA,NA,"1983-03-01","1983-04-01",NA,NA,NA,100
"USS0044Q07S","Upper Chena",3,"20B",NA,NA,"1983-04-01","1983-05-01",NA,NA,NA,100
"USS0044Q07S","Upper Chena",3,"20B",NA,NA,"1983-05-01","1983-06-01",NA,NA,NA,100
"USS0044Q07S","Upper Chena",3,"20B",NA,NA,"1983-06-01","1983-07-01",NA,NA,NA,100
"USS0044Q07S","Upper Chena",3,"20B",NA,NA,"1983-07-01","1983-08-01",NA,NA,NA,100
"USS0044Q07S","Upper Chena",3,"20B",NA,NA,"1983-08-01","1983-09-01",NA,NA,NA,100
"USS0044Q07S","Upper Chena",3,"20B",NA,NA,"1983-09-01","1983-10-01",NA,NA,NA,100
"USS0044Q07S","Upper Chena",3,"20B",NA,NA,"1983-10-01","1983-11-01",NA,NA,NA,100
"USS0044Q07S","Upper Chena",3,"20B",NA,NA,"1983-11-01","1983-12-01",NA,NA,NA,100
"USS0044Q07S","Upper Chena",3,"20B",NA,NA,"1983-12-01","1984-01-01",NA,NA,NA,100
"USS0044Q07S","Upper Chena",3,"20B",NA,NA,"1984-01-01","1984-02-01",NA,NA,NA,100
"USS0044Q07S","Upper Chena",3,"20B",NA,NA,"1984-02-01","1984-03-01",NA,NA,NA,100
"USS0044Q07S","Upper Chena",3,"20B",NA,NA,"1984-03-01","1984-04-01",NA,NA,NA,100
"USS0044Q07S","Upper Chena",3,"20B",NA,NA,"1984-04-01","1984-05-01",NA,NA,NA,100
"USS0044Q07S","Upper Chena",3,"20B",NA,NA,"1984-05-01","1984-06-01",NA,NA,NA,100
"USS0044Q07S","Upper Chena",3,"20B",NA,NA,"1984-06-01","1984-07-01",NA,NA,NA,100
"USS0044Q07S","Upper Chena",3,"20B",NA,NA,"1984-07-01","1984-08-01",NA,NA,NA,100
"USS0044Q07S","Upper Chena",3,"20B",NA,NA,"1984-08-01","1984-09-01",NA,NA,NA,100
"USS0044Q07S","Upper Chena",3,"20B",NA,NA,"1984-09-01","1984-10-01",NA,NA,NA,100
"USS0044Q07S","Upper Chena",3,"20B",NA,NA,"1984-10-01","1984-11-01",NA,NA,NA,100
"USS0044Q07S","Upper Chena",3,"20B",NA,NA,"1984-11-01","1984-12-01",NA,NA,NA,100
"USS0044Q07S","Upper Chena",3,"20B",NA,NA,"1984-12-01","1985-01-01",NA,NA,NA,100
"USS0044Q07S","Upper Chena",3,"20B",NA,NA,"1985-01-01","1985-02-01",NA,NA,NA,100
"USS0044Q07S","Upper Chena",3,"20B",NA,NA,"1985-02-01","1985-03-01",NA,NA,NA,100
"USS0044Q07S","Upper Chena",3,"20B",NA,NA,"1985-03-01","1985-04-01",NA,NA,NA,100
"USS0044Q07S","Upper Chena",3,"20B",NA,NA,"1985-04-01","1985-05-01",NA,NA,NA,100
"USS0044Q07S","Upper Chena",3,"20B",NA,NA,"1985-05-01","1985-06-01",NA,NA,NA,100
"USS0044Q07S","Upper Chena",3,"20B",NA,NA,"1985-06-01","1985-07-01",NA,NA,NA,100
"USS0044Q07S","Upper Chena",3,"20B",NA,NA,"1985-07-01","1985-08-01",NA,NA,NA,100
"USS0044Q07S","Upper Chena",3,"20B",NA,NA,"1985-08-01","1985-09-01",NA,NA,NA,100
"USS0044Q07S","Upper Chena",3,"20B",NA,NA,"1985-09-01","1985-10-01",NA,NA,NA,100
"USS0044Q07S","Upper Chena",3,"20B",NA,NA,"1985-10-01","1985-11-01",NA,NA,NA,100
"USS0044Q07S","Upper Chena",3,"20B",NA,NA,"1985-11-01","1985-12-01",NA,NA,NA,100
"USS0044Q07S","Upper Chena",3,"20B",NA,NA,"1985-12-01","1986-01-01",NA,NA,NA,100
"USS0044Q07S","Upper Chena",3,"20B",NA,NA,"1986-01-01","1986-02-01",NA,NA,NA,100
"USS0044Q07S","Upper Chena",3,"20B",NA,NA,"1986-02-01","1986-03-01",NA,NA,NA,100
"USS0044Q07S","Upper Chena",3,"20B",NA,NA,"1986-03-01","1986-04-01",NA,NA,NA,100
"USS0044Q07S","Upper Chena",3,"20B",NA,NA,"1986-04-01","1986-05-01",NA,NA,NA,100
"USS0044Q07S","Upper Chena",3,"20B",NA,NA,"1986-05-01","1986-06-01",NA,NA,NA,100
"USS0044Q07S","Upper Chena",3,"20B",NA,NA,"1986-06-01","1986-07-01",NA,NA,NA,100
"USS0044Q07S","Upper Chena",3,"20B",NA,NA,"1986-07-01","1986-08-01",NA,NA,NA,100
"USS0044Q07S","Upper Chena",3,"20B",NA,NA,"1986-08-01","1986-09-01",NA,NA,NA,100
"USS0044Q07S","Upper Chena",3,"20B",NA,NA,"1986-09-01","1986-10-01",NA,NA,NA,100
"USS0044Q07S","Upper Chena",3,"20B",NA,NA,"1986-10-01","1986-11-01",NA,NA,NA,100
"USS0044Q07S","Upper Chena",3,"20B",NA,NA,"1986-11-01","1986-12-01",NA,NA,NA,100
"USS0044Q07S","Upper Chena",3,"20B",NA,NA,"1986-12-01","1987-01-01",NA,NA,NA,100
"USS0044Q07S","Upper Chena",3,"20B",NA,NA,"1987-01-01","1987-02-01",NA,NA,NA,100
"USS0044Q07S","Upper Chena",3,"20B",NA,NA,"1987-02-01","1987-03-01",NA,NA,NA,100
"USS0044Q07S","Upper Chena",3,"20B",NA,NA,"1987-03-01","1987-04-01",NA,NA,NA,100
"USS0044Q07S","Upper Chena",3,"20B",NA,NA,"1987-04-01","1987-05-01",NA,NA,NA,100
"USS0044Q07S","Upper Chena",3,"20B",NA,NA,"1987-05-01","1987-06-01",NA,NA,NA,100
"USS0044Q07S","Upper Chena",3,"20B",NA,NA,"1987-06-01","1987-07-01",NA,NA,NA,100
"USS0044Q07S","Upper Chena",3,"20B",NA,NA,"1987-07-01","1987-08-01",NA,NA,NA,100
"USS0044Q07S","Upper Chena",3,"20B",NA,NA,"1987-08-01","1987-09-01",NA,NA,NA,100
"USS0044Q07S","Upper Chena",3,"20B",NA,NA,"1987-09-01","1987-10-01",NA,NA,NA,100
"USS0044Q07S","Upper Chena",3,"20B",NA,NA,"1987-10-01","1987-11-01",NA,NA,NA,100
"USS0044Q07S","Upper Chena",3,"20B",NA,NA,"1987-11-01","1987-12-01",NA,NA,NA,100
"USS0044Q07S","Upper Chena",3,"20B",NA,NA,"1987-12-01","1988-01-01",NA,NA,NA,100
"USS0044Q07S","Upper Chena",3,"20B",NA,NA,"1988-01-01","1988-02-01",NA,NA,NA,100
"USS0044Q07S","Upper Chena",3,"20B",NA,NA,"1988-02-01","1988-03-01",NA,NA,NA,100
"USS0044Q07S","Upper Chena",3,"20B",NA,NA,"1988-03-01","1988-04-01",NA,NA,NA,100
"USS0044Q07S","Upper Chena",3,"20B",NA,NA,"1988-04-01","1988-05-01",NA,NA,NA,100
"USS0044Q07S","Upper Chena",3,"20B",NA,NA,"1988-05-01","1988-06-01",NA,NA,NA,100
"USS0044Q07S","Upper Chena",3,"20B",NA,NA,"1988-06-01","1988-07-01",NA,NA,NA,100
"USS0044Q07S","Upper Chena",3,"20B",NA,NA,"1988-07-01","1988-08-01",NA,NA,NA,100
"USS0044Q07S","Upper Chena",3,"20B",NA,NA,"1988-08-01","1988-09-01",NA,NA,NA,100
"USS0044Q07S","Upper Chena",3,"20B",NA,NA,"1988-09-01","1988-10-01",NA,NA,NA,100
"USS0044Q07S","Upper Chena",3,"20B",NA,NA,"1988-10-01","1988-11-01",NA,NA,NA,100
"USS0044Q07S","Upper Chena",3,"20B",NA,NA,"1988-11-01","1988-12-01",NA,NA,NA,100
"USS0044Q07S","Upper Chena",3,"20B",NA,NA,"1988-12-01","1989-01-01",NA,NA,NA,100
"USS0044Q07S","Upper Chena",3,"20B",NA,NA,"1989-01-01","1989-02-01",NA,NA,NA,100
"USS0044Q07S","Upper Chena",3,"20B",NA,NA,"1989-02-01","1989-03-01",NA,NA,NA,100
"USS0044Q07S","Upper Chena",3,"20B",NA,NA,"1989-03-01","1989-04-01",NA,NA,NA,100
"USS0044Q07S","Upper Chena",3,"20B",NA,NA,"1989-04-01","1989-05-01",NA,NA,NA,100
"USS0044Q07S","Upper Chena",3,"20B",NA,NA,"1989-05-01","1989-06-01",NA,NA,NA,100
"USS0044Q07S","Upper Chena",3,"20B",NA,NA,"1989-06-01","1989-07-01",NA,NA,NA,100
"USS0044Q07S","Upper Chena",3,"20B",NA,NA,"1989-07-01","1989-08-01",NA,NA,NA,100
"USS0044Q07S","Upper Chena",3,"20B",NA,NA,"1989-08-01","1989-09-01",NA,NA,NA,100
"USS0044Q07S","Upper Chena",3,"20B",NA,NA,"1989-09-01","1989-10-01",NA,NA,NA,100
"USS0044Q07S","Upper Chena",3,"20B",NA,NA,"1989-10-01","1989-11-01",NA,NA,NA,100
"USS0044Q07S","Upper Chena",3,"20B",NA,NA,"1989-11-01","1989-12-01",NA,NA,NA,100
"USS0044Q07S","Upper Chena",3,"20B",NA,NA,"1989-12-01","1990-01-01",NA,NA,NA,100
"USS0044Q07S","Upper Chena",3,"20B",NA,NA,"1990-01-01","1990-02-01",NA,NA,NA,100
"USS0044Q07S","Upper Chena",3,"20B",NA,NA,"1990-02-01","1990-03-01",NA,NA,NA,100
"USS0044Q07S","Upper Chena",3,"20B",NA,NA,"1990-03-01","1990-04-01",NA,NA,NA,100
"USS0044Q07S","Upper Chena",3,"20B",NA,NA,"1990-04-01","1990-05-01",NA,NA,NA,100
"USS0044Q07S","Upper Chena",3,"20B",NA,NA,"1990-05-01","1990-06-01",NA,NA,NA,100
"USS0044Q07S","Upper Chena",3,"20B",NA,NA,"1990-06-01","1990-07-01",NA,NA,NA,100
"USS0044Q07S","Upper Chena",3,"20B",NA,NA,"1990-07-01","1990-08-01",NA,NA,NA,100
"USS0044Q07S","Upper Chena",3,"20B",NA,NA,"1990-08-01","1990-09-01",NA,NA,NA,100
"USS0044Q07S","Upper Chena",3,"20B",NA,NA,"1990-09-01","1990-10-01",NA,NA,NA,100
"USS0044Q07S","Upper Chena",3,"20B",NA,NA,"1990-10-01","1990-11-01",NA,NA,NA,100
"USS0044Q07S","Upper Chena",3,"20B",NA,NA,"1990-11-01","1990-12-01",NA,NA,NA,100
"USS0044Q07S","Upper Chena",3,"20B",NA,NA,"1990-12-01","1991-01-01",NA,NA,NA,100
"USS0044Q07S","Upper Chena",3,"20B",NA,NA,"1991-01-01","1991-02-01",NA,NA,NA,100
"USS0044Q07S","Upper Chena",3,"20B",NA,NA,"1991-02-01","1991-03-01",NA,NA,NA,100
"USS0044Q07S","Upper Chena",3,"20B",NA,NA,"1991-03-01","1991-04-01",NA,NA,NA,100
"USS0044Q07S","Upper Chena",3,"20B",NA,NA,"1991-04-01","1991-05-01",NA,NA,NA,100
"USS0044Q07S","Upper Chena",3,"20B",NA,NA,"1991-05-01","1991-06-01",NA,NA,NA,100
"USS0044Q07S","Upper Chena",3,"20B",NA,NA,"1991-06-01","1991-07-01",NA,NA,NA,100
"USS0044Q07S","Upper Chena",3,"20B",NA,NA,"1991-07-01","1991-08-01",NA,NA,NA,100
"USS0044Q07S","Upper Chena",3,"20B",NA,NA,"1991-08-01","1991-09-01",NA,NA,NA,100
"USS0044Q07S","Upper Chena",3,"20B",NA,NA,"1991-09-01","1991-10-01",NA,NA,NA,100
"USS0044Q07S","Upper Chena",3,"20B",NA,NA,"1991-10-01","1991-11-01",NA,NA,NA,100
"USS0044Q07S","Upper Chena",3,"20B",NA,NA,"1991-11-01","1991-12-01",NA,NA,NA,100
"USS0044Q07S","Upper Chena",3,"20B",NA,NA,"1991-12-01","1992-01-01",NA,NA,NA,100
"USS0044Q07S","Upper Chena",3,"20B",NA,NA,"1992-01-01","1992-02-01",NA,NA,NA,100
"USS0044Q07S","Upper Chena",3,"20B",NA,NA,"1992-02-01","1992-03-01",NA,NA,NA,100
"USS0044Q07S","Upper Chena",3,"20B",NA,NA,"1992-03-01","1992-04-01",NA,NA,NA,100
"USS0044Q07S","Upper Chena",3,"20B",NA,NA,"1992-04-01","1992-05-01",NA,NA,NA,100
"USS0044Q07S","Upper Chena",3,"20B",NA,NA,"1992-05-01","1992-06-01",NA,NA,NA,100
"USS0044Q07S","Upper Chena",3,"20B",NA,NA,"1992-06-01","1992-07-01",NA,NA,NA,100
"USS0044Q07S","Upper Chena",3,"20B",NA,NA,"1992-07-01","1992-08-01",NA,NA,NA,100
"USS0044Q07S","Upper Chena",3,"20B",NA,NA,"1992-08-01","1992-09-01",NA,NA,NA,100
"USS0044Q07S","Upper Chena",3,"20B",NA,NA,"1992-09-01","1992-10-01",NA,NA,NA,100
"USS0044Q07S","Upper Chena",3,"20B",NA,NA,"1992-10-01","1992-11-01",NA,NA,NA,100
"USS0044Q07S","Upper Chena",3,"20B",NA,NA,"1992-11-01","1992-12-01",NA,NA,NA,100
"USS0044Q07S","Upper Chena",3,"20B",NA,NA,"1992-12-01","1993-01-01",NA,NA,NA,100
"USS0044Q07S","Upper Chena",3,"20B",NA,NA,"1993-01-01","1993-02-01",NA,NA,NA,100
"USS0044Q07S","Upper Chena",3,"20B",NA,NA,"1993-02-01","1993-03-01",NA,NA,NA,100
"USS0044Q07S","Upper Chena",3,"20B",NA,NA,"1993-03-01","1993-04-01",NA,NA,NA,100
"USS0044Q07S","Upper Chena",3,"20B",NA,NA,"1993-04-01","1993-05-01",NA,NA,NA,100
"USS0044Q07S","Upper Chena",3,"20B",NA,NA,"1993-05-01","1993-06-01",NA,NA,NA,100
"USS0044Q07S","Upper Chena",3,"20B",NA,NA,"1993-06-01","1993-07-01",NA,NA,NA,100
"USS0044Q07S","Upper Chena",3,"20B",NA,NA,"1993-07-01","1993-08-01",NA,NA,NA,100
"USS0044Q07S","Upper Chena",3,"20B",NA,NA,"1993-08-01","1993-09-01",NA,NA,NA,100
"USS0044Q07S","Upper Chena",3,"20B",NA,NA,"1993-09-01","1993-10-01",NA,NA,NA,100
"USS0044Q07S","Upper Chena",3,"20B",NA,NA,"1993-10-01","1993-11-01",NA,NA,NA,100
"USS0044Q07S","Upper Chena",3,"20B",NA,NA,"1993-11-01","1993-12-01",NA,NA,NA,100
"USS0044Q07S","Upper Chena",3,"20B",NA,NA,"1993-12-01","1994-01-01",NA,NA,NA,100
"USS0044Q07S","Upper Chena",3,"20B",NA,NA,"1994-01-01","1994-02-01",NA,NA,NA,100
"USS0044Q07S","Upper Chena",3,"20B",NA,NA,"1994-02-01","1994-03-01",NA,NA,NA,100
"USS0044Q07S","Upper Chena",3,"20B",NA,NA,"1994-03-01","1994-04-01",NA,NA,NA,100
"USS0044Q07S","Upper Chena",3,"20B",NA,NA,"1994-04-01","1994-05-01",NA,NA,NA,100
"USS0044Q07S","Upper Chena",3,"20B",NA,NA,"1994-05-01","1994-06-01",NA,NA,NA,100
"USS0044Q07S","Upper Chena",3,"20B",NA,NA,"1994-06-01","1994-07-01",NA,NA,NA,100
"USS0044Q07S","Upper Chena",3,"20B",NA,NA,"1994-07-01","1994-08-01",NA,NA,NA,100
"USS0044Q07S","Upper Chena",3,"20B",NA,NA,"1994-08-01","1994-09-01",NA,NA,NA,100
"USS0044Q07S","Upper Chena",3,"20B",NA,NA,"1994-09-01","1994-10-01",NA,NA,NA,100
"USS0044Q07S","Upper Chena",3,"20B",NA,NA,"1994-10-01","1994-11-01",NA,NA,NA,100
"USS0044Q07S","Upper Chena",3,"20B",NA,NA,"1994-11-01","1994-12-01",NA,NA,NA,100
"USS0044Q07S","Upper Chena",3,"20B",NA,NA,"1994-12-01","1995-01-01",NA,NA,NA,100
"USS0044Q07S","Upper Chena",3,"20B",NA,NA,"1995-01-01","1995-02-01",NA,NA,NA,100
"USS0044Q07S","Upper Chena",3,"20B",NA,NA,"1995-02-01","1995-03-01",NA,NA,NA,100
"USS0044Q07S","Upper Chena",3,"20B",NA,NA,"1995-03-01","1995-04-01",NA,NA,NA,100
"USS0044Q07S","Upper Chena",3,"20B",NA,NA,"1995-04-01","1995-05-01",NA,NA,NA,100
"USS0044Q07S","Upper Chena",3,"20B",NA,NA,"1995-05-01","1995-06-01",NA,NA,NA,100
"USS0044Q07S","Upper Chena",3,"20B",NA,NA,"1995-06-01","1995-07-01",NA,NA,NA,100
"USS0044Q07S","Upper Chena",3,"20B",NA,NA,"1995-07-01","1995-08-01",NA,NA,NA,100
"USS0044Q07S","Upper Chena",3,"20B",NA,NA,"1995-08-01","1995-09-01",NA,NA,NA,100
"USS0044Q07S","Upper Chena",3,"20B",NA,NA,"1995-09-01","1995-10-01",NA,NA,NA,100
"USS0044Q07S","Upper Chena",3,"20B",NA,NA,"1995-10-01","1995-11-01",NA,NA,NA,100
"USS0044Q07S","Upper Chena",3,"20B",NA,NA,"1995-11-01","1995-12-01",NA,NA,NA,100
"USS0044Q07S","Upper Chena",3,"20B",NA,NA,"1995-12-01","1996-01-01",NA,NA,NA,100
"USS0044Q07S","Upper Chena",3,"20B",NA,NA,"1996-01-01","1996-02-01",NA,NA,NA,100
"USS0044Q07S","Upper Chena",3,"20B",NA,NA,"1996-02-01","1996-03-01",NA,NA,NA,100
"USS0044Q07S","Upper Chena",3,"20B",NA,NA,"1996-03-01","1996-04-01",NA,NA,NA,100
"USS0044Q07S","Upper Chena",3,"20B",NA,NA,"1996-04-01","1996-05-01",NA,NA,NA,100
"USS0044Q07S","Upper Chena",3,"20B",NA,NA,"1996-05-01","1996-06-01",NA,NA,NA,100
"USS0044Q07S","Upper Chena",3,"20B",NA,NA,"1996-06-01","1996-07-01",NA,NA,NA,100
"USS0044Q07S","Upper Chena",3,"20B",NA,NA,"1996-07-01","1996-08-01",NA,NA,NA,100
"USS0044Q07S","Upper Chena",3,"20B",NA,NA,"1996-08-01","1996-09-01",NA,NA,NA,100
"USS0044Q07S","Upper Chena",3,"20B",NA,NA,"1996-09-01","1996-10-01",NA,NA,NA,100
"USS0044Q07S","Upper Chena",3,"20B",NA,NA,"1996-10-01","1996-11-01",NA,NA,NA,100
"USS0044Q07S","Upper Chena",3,"20B",NA,NA,"1996-11-01","1996-12-01",NA,NA,NA,100
"USS0044Q07S","Upper Chena",3,"20B",NA,NA,"1996-12-01","1997-01-01",NA,NA,NA,100
"USS0044Q07S","Upper Chena",3,"20B",NA,NA,"1997-01-01","1997-02-01",NA,NA,NA,100
"USS0044Q07S","Upper Chena",3,"20B",NA,NA,"1997-02-01","1997-03-01",NA,NA,NA,100
"USS0044Q07S","Upper Chena",3,"20B",NA,NA,"1997-03-01","1997-04-01",NA,NA,NA,100
"USS0044Q07S","Upper Chena",3,"20B",NA,NA,"1997-04-01","1997-05-01",NA,NA,NA,100
"USS0044Q07S","Upper Chena",3,"20B",NA,NA,"1997-05-01","1997-06-01",NA,NA,NA,100
"USS0044Q07S","Upper Chena",3,"20B",NA,NA,"1997-06-01","1997-07-01",NA,NA,NA,100
"USS0044Q07S","Upper Chena",3,"20B",NA,NA,"1997-07-01","1997-08-01",NA,NA,NA,100
"USS0044Q07S","Upper Chena",3,"20B",NA,NA,"1997-08-01","1997-09-01",NA,NA,NA,100
"USS0044Q07S","Upper Chena",3,"20B",NA,NA,"1997-09-01","1997-10-01",NA,NA,NA,100
"USS0044Q07S","Upper Chena",3,"20B",NA,NA,"1997-10-01","1997-11-01",NA,NA,NA,100
"USS0044Q07S","Upper Chena",3,"20B",NA,NA,"1997-11-01","1997-12-01",NA,NA,NA,100
"USS0044Q07S","Upper Chena",3,"20B",NA,NA,"1997-12-01","1998-01-01",NA,NA,NA,100
"USS0044Q07S","Upper Chena",3,"20B",NA,NA,"1998-01-01","1998-02-01",NA,NA,NA,100
"USS0044Q07S","Upper Chena",3,"20B",NA,NA,"1998-02-01","1998-03-01",NA,NA,NA,100
"USS0044Q07S","Upper Chena",3,"20B",NA,NA,"1998-03-01","1998-04-01",NA,NA,NA,100
"USS0044Q07S","Upper Chena",3,"20B",NA,NA,"1998-04-01","1998-05-01",NA,NA,NA,100
"USS0044Q07S","Upper Chena",3,"20B",NA,NA,"1998-05-01","1998-06-01",NA,NA,NA,100
"USS0044Q07S","Upper Chena",3,"20B",NA,NA,"1998-06-01","1998-07-01",NA,NA,NA,100
"USS0044Q07S","Upper Chena",3,"20B",NA,NA,"1998-07-01","1998-08-01",NA,NA,NA,100
"USS0044Q07S","Upper Chena",3,"20B",NA,NA,"1998-08-01","1998-09-01",NA,NA,NA,100
"USS0044Q07S","Upper Chena",3,"20B",NA,NA,"1998-09-01","1998-10-01",NA,NA,NA,100
"USS0044Q07S","Upper Chena",3,"20B",NA,NA,"1998-10-01","1998-11-01",NA,NA,NA,100
"USS0044Q07S","Upper Chena",3,"20B",NA,NA,"1998-11-01","1998-12-01",NA,NA,NA,100
"USS0044Q07S","Upper Chena",3,"20B",NA,NA,"1998-12-01","1999-01-01",NA,NA,NA,100
"USS0044Q07S","Upper Chena",3,"20B",NA,NA,"1999-01-01","1999-02-01",NA,NA,NA,100
"USS0044Q07S","Upper Chena",3,"20B",NA,NA,"1999-02-01","1999-03-01",NA,NA,NA,100
"USS0044Q07S","Upper Chena",3,"20B",NA,NA,"1999-03-01","1999-04-01",NA,NA,NA,100
"USS0044Q07S","Upper Chena",3,"20B",NA,NA,"1999-04-01","1999-05-01",NA,NA,NA,100
"USS0044Q07S","Upper Chena",3,"20B",NA,NA,"1999-05-01","1999-06-01",NA,NA,NA,100
"USS0044Q07S","Upper Chena",3,"20B",NA,NA,"1999-06-01","1999-07-01",NA,NA,NA,100
"USS0044Q07S","Upper Chena",3,"20B",NA,NA,"1999-07-01","1999-08-01",NA,NA,NA,100
"USS0044Q07S","Upper Chena",3,"20B",NA,NA,"1999-08-01","1999-09-01",NA,NA,NA,100
"USS0044Q07S","Upper Chena",3,"20B",NA,NA,"1999-09-01","1999-10-01",NA,NA,NA,100
"USS0044Q07S","Upper Chena",3,"20B",NA,NA,"1999-10-01","1999-11-01",NA,NA,NA,100
"USS0044Q07S","Upper Chena",3,"20B",NA,NA,"1999-11-01","1999-12-01",NA,NA,NA,100
"USS0044Q07S","Upper Chena",3,"20B",NA,NA,"1999-12-01","2000-01-01",NA,NA,NA,100
"USS0044Q07S","Upper Chena",3,"20B",NA,NA,"2000-01-01","2000-02-01",NA,NA,NA,100
"USS0044Q07S","Upper Chena",3,"20B",NA,NA,"2000-02-01","2000-03-01",NA,NA,NA,100
"USS0044Q07S","Upper Chena",3,"20B",NA,NA,"2000-03-01","2000-04-01",NA,NA,NA,100
"USS0044Q07S","Upper Chena",3,"20B",NA,NA,"2000-04-01","2000-05-01",NA,NA,NA,100
"USS0044Q07S","Upper Chena",3,"20B",NA,NA,"2000-05-01","2000-06-01",NA,NA,NA,100
"USS0044Q07S","Upper Chena",3,"20B",NA,NA,"2000-06-01","2000-07-01",NA,NA,NA,100
"USS0044Q07S","Upper Chena",3,"20B",NA,NA,"2000-07-01","2000-08-01",NA,NA,NA,100
"USS0044Q07S","Upper Chena",3,"20B",NA,NA,"2000-08-01","2000-09-01",NA,NA,NA,100
"USS0044Q07S","Upper Chena",3,"20B",NA,NA,"2000-09-01","2000-10-01",NA,NA,NA,100
"USS0044Q07S","Upper Chena",3,"20B",NA,NA,"2000-10-01","2000-11-01",NA,NA,NA,100
"USS0044Q07S","Upper Chena",3,"20B",NA,NA,"2000-11-01","2000-12-01",NA,NA,NA,100
"USS0044Q07S","Upper Chena",3,"20B",NA,NA,"2000-12-01","2001-01-01",NA,NA,NA,100
"USS0044Q07S","Upper Chena",3,"20B",NA,NA,"2001-01-01","2001-02-01",NA,NA,NA,100
"USS0044Q07S","Upper Chena",3,"20B",NA,NA,"2001-02-01","2001-03-01",NA,NA,NA,100
"USS0044Q07S","Upper Chena",3,"20B",NA,NA,"2001-03-01","2001-04-01",NA,NA,NA,100
"USS0044Q07S","Upper Chena",3,"20B",NA,NA,"2001-04-01","2001-05-01",NA,NA,NA,100
"USS0044Q07S","Upper Chena",3,"20B",NA,NA,"2001-05-01","2001-06-01",NA,NA,NA,100
"USS0044Q07S","Upper Chena",3,"20B",NA,NA,"2001-06-01","2001-07-01",NA,NA,NA,100
"USS0044Q07S","Upper Chena",3,"20B",NA,NA,"2001-07-01","2001-08-01",NA,NA,NA,100
"USS0044Q07S","Upper Chena",3,"20B","2001","08","2001-08-01","2001-09-01",0,0,0,39
"USS0044Q07S","Upper Chena",3,"20B","2001","09","2001-09-01","2001-10-01",0.0729075532225139,0,0.984251968503937,10
"USS0044Q07S","Upper Chena",3,"20B","2001","10","2001-10-01","2001-11-01",2.8856809565471,0,5.98425196850394,13
"USS0044Q07S","Upper Chena",3,"20B","2001","11","2001-11-01","2001-12-01",11.5032211882606,5.98425196850394,99.0157480314961,27
"USS0044Q07S","Upper Chena",3,"20B","2001","12","2001-12-01","2002-01-01",10.4527559055118,7.99212598425197,14.0157480314961,23
"USS0044Q07S","Upper Chena",3,"20B","2002","01","2002-01-01","2002-02-01",18.0501450476585,12.992125984252,22.992125984252,39
"USS0044Q07S","Upper Chena",3,"20B","2002","02","2002-02-01","2002-03-01",23.6544696618805,22.007874015748,25,39
"USS0044Q07S","Upper Chena",3,"20B","2002","03","2002-03-01","2002-04-01",25.2477034120735,24.0157480314961,27.007874015748,23
"USS0044Q07S","Upper Chena",3,"20B","2002","04","2002-04-01","2002-05-01",31.3564781675018,25.9842519685039,50.9842519685039,27
"USS0044Q07S","Upper Chena",3,"20B","2002","05","2002-05-01","2002-06-01",23.5003579098067,0,37.007874015748,29
"USS0044Q07S","Upper Chena",3,"20B","2002","06","2002-06-01","2002-07-01",0,0,0,60
"USS0044Q07S","Upper Chena",3,"20B","2002","07","2002-07-01","2002-08-01",0.259013675922089,0,0.984251968503937,39
"USS0044Q07S","Upper Chena",3,"20B","2002","08","2002-08-01","2002-09-01",0,0,0,39
"USS0044Q07S","Upper Chena",3,"20B","2002","09","2002-09-01","2002-10-01",69.6777486147565,0,99.0157480314961,10
"USS0044Q07S","Upper Chena",3,"20B","2002","10","2002-10-01","2002-11-01",99.0157480314961,99.0157480314961,99.0157480314961,16
"USS0044Q07S","Upper Chena",3,"20B","2002","11","2002-11-01","2002-12-01",11.4142943670503,10.9842519685039,12.992125984252,13
"USS0044Q07S","Upper Chena",3,"20B","2002","12","2002-12-01","2003-01-01",14.3512495720644,12.992125984252,17.007874015748,26
"USS0044Q07S","Upper Chena",3,"20B","2003","01","2003-01-01","2003-02-01",20.8098987626547,15.9842519685039,32.007874015748,32
"USS0044Q07S","Upper Chena",3,"20B","2003","02","2003-02-01","2003-03-01",29.3638624119354,20.9842519685039,39.0157480314961,32
"USS0044Q07S","Upper Chena",3,"20B","2003","03","2003-03-01","2003-04-01",35.8930791545794,30.9842519685039,54.0157480314961,39
"USS0044Q07S","Upper Chena",3,"20B","2003","04","2003-04-01","2003-05-01",28.63457408733,15.9842519685039,35,27
"USS0044Q07S","Upper Chena",3,"20B","2003","05","2003-05-01","2003-06-01",6.36759220886863,0,15.9842519685039,39
"USS0044Q07S","Upper Chena",3,"20B","2003","06","2003-06-01","2003-07-01",0.134216177523264,0,0.984251968503937,27
"USS0044Q07S","Upper Chena",3,"20B","2003","07","2003-07-01","2003-08-01",0.277777777777778,0,2.99212598425197,42
"USS0044Q07S","Upper Chena",3,"20B","2003","08","2003-08-01","2003-09-01",1.45972138098122,0,7.00787401574803,58
"USS0044Q07S","Upper Chena",3,"20B","2003","09","2003-09-01","2003-10-01",3.11718388142659,2.00787401574803,5.98425196850394,43
"USS0044Q07S","Upper Chena",3,"20B","2003","10","2003-10-01","2003-11-01",2.83202099737533,0,20,3
"USS0044Q07S","Upper Chena",3,"20B","2003","11","2003-11-01","2003-12-01",20.3165354330709,7.99212598425197,45,17
"USS0044Q07S","Upper Chena",3,"20B","2003","12","2003-12-01","2004-01-01",24.3443367655966,22.992125984252,27.007874015748,16
"USS0044Q07S","Upper Chena",3,"20B","2004","01","2004-01-01","2004-02-01",29.4192913385827,25.9842519685039,34.0157480314961,61
"USS0044Q07S","Upper Chena",3,"20B","2004","02","2004-02-01","2004-03-01",33.2096974720265,32.007874015748,34.0157480314961,34
"USS0044Q07S","Upper Chena",3,"20B","2004","03","2004-03-01","2004-04-01",36.6124614857925,34.0157480314961,40,26
"USS0044Q07S","Upper Chena",3,"20B","2004","04","2004-04-01","2004-05-01",34.0910647038685,25,40,23
"USS0044Q07S","Upper Chena",3,"20B","2004","05","2004-05-01","2004-06-01",4.76832222895215,0,19.0157480314961,16
"USS0044Q07S","Upper Chena",3,"20B","2004","06","2004-06-01","2004-07-01",0.902230971128609,0,0.984251968503937,20
"USS0044Q07S","Upper Chena",3,"20B","2004","07","2004-07-01","2004-08-01",1.4904386951631,0,7.99212598425197,10
"USS0044Q07S","Upper Chena",3,"20B","2004","08","2004-08-01","2004-09-01",0.720775287704422,0,2.00787401574803,16
"USS0044Q07S","Upper Chena",3,"20B","2004","09","2004-09-01","2004-10-01",3.70242782152231,0.984251968503937,10,20
"USS0044Q07S","Upper Chena",3,"20B","2004","10","2004-10-01","2004-11-01",8.59842519685039,5,15.9842519685039,3
"USS0044Q07S","Upper Chena",3,"20B","2004","11","2004-11-01","2004-12-01",17.3771382025523,15,39.0157480314961,3
"USS0044Q07S","Upper Chena",3,"20B","2004","12","2004-12-01","2005-01-01",29.4,20,99.0157480314961,19
"USS0044Q07S","Upper Chena",3,"20B","2005","01","2005-01-01","2005-02-01",36.6111447607511,27.007874015748,47.992125984252,58
"USS0044Q07S","Upper Chena",3,"20B","2005","02","2005-02-01","2005-03-01",36.8805002315887,35,39.0157480314961,39
"USS0044Q07S","Upper Chena",3,"20B","2005","03","2005-03-01","2005-04-01",40.8930791545794,37.992125984252,42.992125984252,39
"USS0044Q07S","Upper Chena",3,"20B","2005","04","2005-04-01","2005-05-01",36.8464566929134,20.9842519685039,42.992125984252,33
"USS0044Q07S","Upper Chena",3,"20B","2005","05","2005-05-01","2005-06-01",3.4047827354914,0,15,13
"USS0044Q07S","Upper Chena",3,"20B","2005","06","2005-06-01","2005-07-01",2.48031496062992,0,4.01574803149606,3
"USS0044Q07S","Upper Chena",3,"20B","2005","07","2005-07-01","2005-08-01",26.7947325549823,0.984251968503937,680,6
"USS0044Q07S","Upper Chena",3,"20B","2005","08","2005-08-01","2005-09-01",2.92505103528726,0.984251968503937,10.9842519685039,13
"USS0044Q07S","Upper Chena",3,"20B","2005","09","2005-09-01","2005-10-01",33.9876265466817,0.984251968503937,680,30
"USS0044Q07S","Upper Chena",3,"20B","2005","10","2005-10-01","2005-11-01",4.99768411301528,0.984251968503937,17.992125984252,45
"USS0044Q07S","Upper Chena",3,"20B","2005","11","2005-11-01","2005-12-01",26.7154105736783,10,92.007874015748,77
"USS0044Q07S","Upper Chena",3,"20B","2005","12","2005-12-01","2006-01-01",44.8425196850394,19.0157480314961,99.0157480314961,81
"USS0044Q07S","Upper Chena",3,"20B","2006","01","2006-01-01","2006-02-01",20,20,20,94
"USS0044Q07S","Upper Chena",3,"20B",NA,NA,"2006-02-01","2006-03-01",NA,NA,NA,100
"USS0044Q07S","Upper Chena",3,"20B",NA,NA,"2006-03-01","2006-04-01",NA,NA,NA,100
"USS0044Q07S","Upper Chena",3,"20B","2006","04","2006-04-01","2006-05-01",32.007874015748,32.007874015748,32.007874015748,93
"USS0044Q07S","Upper Chena",3,"20B","2006","05","2006-05-01","2006-06-01",10.7421988918052,0,32.007874015748,13
"USS0044Q07S","Upper Chena",3,"20B","2006","06","2006-06-01","2006-07-01",1.5164268259571,0,2.00787401574803,3
"USS0044Q07S","Upper Chena",3,"20B","2006","07","2006-07-01","2006-08-01",2.00406400812802,0,7.99212598425197,0
"USS0044Q07S","Upper Chena",3,"20B","2006","08","2006-08-01","2006-09-01",6.58369316738633,2.00787401574803,10,0
"USS0044Q07S","Upper Chena",3,"20B","2006","09","2006-09-01","2006-10-01",3.86641325006788,0,9.01574803149606,3
"USS0044Q07S","Upper Chena",3,"20B","2006","10","2006-10-01","2006-11-01",3,0,7.99212598425197,3
"USS0044Q07S","Upper Chena",3,"20B","2006","11","2006-11-01","2006-12-01",8.63779527559055,7.00787401574803,10,0
"USS0044Q07S","Upper Chena",3,"20B","2006","12","2006-12-01","2007-01-01",12.1739130434783,10.9842519685039,12.992125984252,26
"USS0044Q07S","Upper Chena",3,"20B",NA,NA,"2007-01-01","2007-02-01",NA,NA,NA,100
"USS0044Q07S","Upper Chena",3,"20B",NA,NA,"2007-02-01","2007-03-01",NA,NA,NA,100
"USS0044Q07S","Upper Chena",3,"20B",NA,NA,"2007-03-01","2007-04-01",NA,NA,NA,100
"USS0044Q07S","Upper Chena",3,"20B",NA,NA,"2007-04-01","2007-05-01",NA,NA,NA,100
"USS0044Q07S","Upper Chena",3,"20B",NA,NA,"2007-05-01","2007-06-01",NA,NA,NA,100
"USS0044Q07S","Upper Chena",3,"20B",NA,NA,"2007-06-01","2007-07-01",NA,NA,NA,100
"USS0044Q07S","Upper Chena",3,"20B",NA,NA,"2007-07-01","2007-08-01",NA,NA,NA,100
"USS0044Q07S","Upper Chena",3,"20B",NA,NA,"2007-08-01","2007-09-01",NA,NA,NA,100
"USS0044Q07S","Upper Chena",3,"20B",NA,NA,"2007-09-01","2007-10-01",NA,NA,NA,100
"USS0044Q07S","Upper Chena",3,"20B",NA,NA,"2007-10-01","2007-11-01",NA,NA,NA,100
"USS0044Q07S","Upper Chena",3,"20B",NA,NA,"2007-11-01","2007-12-01",NA,NA,NA,100
"USS0044Q07S","Upper Chena",3,"20B",NA,NA,"2007-12-01","2008-01-01",NA,NA,NA,100
"USS0044Q07S","Upper Chena",3,"20B",NA,NA,"2008-01-01","2008-02-01",NA,NA,NA,100
"USS0044Q07S","Upper Chena",3,"20B",NA,NA,"2008-02-01","2008-03-01",NA,NA,NA,100
"USS0044Q07S","Upper Chena",3,"20B",NA,NA,"2008-03-01","2008-04-01",NA,NA,NA,100
"USS0044Q07S","Upper Chena",3,"20B",NA,NA,"2008-04-01","2008-05-01",NA,NA,NA,100
"USS0044Q07S","Upper Chena",3,"20B",NA,NA,"2008-05-01","2008-06-01",NA,NA,NA,100
"USS0044Q07S","Upper Chena",3,"20B",NA,NA,"2008-06-01","2008-07-01",NA,NA,NA,100
"USS0044Q07S","Upper Chena",3,"20B",NA,NA,"2008-07-01","2008-08-01",NA,NA,NA,100
"USS0044Q07S","Upper Chena",3,"20B",NA,NA,"2008-08-01","2008-09-01",NA,NA,NA,100
"USS0044Q07S","Upper Chena",3,"20B","2008","09","2008-09-01","2008-10-01",0.248875140607424,0,2.99212598425197,7
"USS0044Q07S","Upper Chena",3,"20B","2008","10","2008-10-01","2008-11-01",7.60858521717043,2.99212598425197,10.9842519685039,0
"USS0044Q07S","Upper Chena",3,"20B","2008","11","2008-11-01","2008-12-01",12.7322834645669,10,15.9842519685039,0
"USS0044Q07S","Upper Chena",3,"20B","2008","12","2008-12-01","2009-01-01",20.1600203200406,15.9842519685039,22.992125984252,0
"USS0044Q07S","Upper Chena",3,"20B","2009","01","2009-01-01","2009-02-01",21.6433832867666,20,25,0
"USS0044Q07S","Upper Chena",3,"20B","2009","02","2009-02-01","2009-03-01",27.3579865016873,24.0157480314961,37.007874015748,0
"USS0044Q07S","Upper Chena",3,"20B","2009","03","2009-03-01","2009-04-01",36.4820929641859,32.992125984252,44.0157480314961,0
"USS0044Q07S","Upper Chena",3,"20B","2009","04","2009-04-01","2009-05-01",32.9685039370079,22.007874015748,35.9842519685039,0
"USS0044Q07S","Upper Chena",3,"20B","2009","05","2009-05-01","2009-06-01",6.03251206502413,0,19.0157480314961,0
"USS0044Q07S","Upper Chena",3,"20B","2009","06","2009-06-01","2009-07-01",0,0,0,0
"USS0044Q07S","Upper Chena",3,"20B","2009","07","2009-07-01","2009-08-01",0,0,0,0
"USS0044Q07S","Upper Chena",3,"20B","2009","08","2009-08-01","2009-09-01",0,0,0,0
"USS0044Q07S","Upper Chena",3,"20B","2009","09","2009-09-01","2009-10-01",0.699475065616798,0,4.01574803149606,0
"USS0044Q07S","Upper Chena",3,"20B","2009","10","2009-10-01","2009-11-01",3.60807721615443,2.00787401574803,7.99212598425197,0
"USS0044Q07S","Upper Chena",3,"20B","2009","11","2009-11-01","2009-12-01",12.2992125984252,7.00787401574803,17.992125984252,0
"USS0044Q07S","Upper Chena",3,"20B","2009","12","2009-12-01","2010-01-01",15.3556007112014,12.007874015748,19.0157480314961,0
"USS0044Q07S","Upper Chena",3,"20B","2010","01","2010-01-01","2010-02-01",19.1275082550165,17.992125984252,22.007874015748,0
"USS0044Q07S","Upper Chena",3,"20B","2010","02","2010-02-01","2010-03-01",20.3571428571429,20,22.007874015748,0
"USS0044Q07S","Upper Chena",3,"20B","2010","03","2010-03-01","2010-04-01",23.2651765303531,22.007874015748,24.0157480314961,0
"USS0044Q07S","Upper Chena",3,"20B","2010","04","2010-04-01","2010-05-01",17.7729658792651,2.00787401574803,24.0157480314961,0
"USS0044Q07S","Upper Chena",3,"20B","2010","05","2010-05-01","2010-06-01",0.0647701295402591,0,2.00787401574803,0
"USS0044Q07S","Upper Chena",3,"20B","2010","06","2010-06-01","2010-07-01",0,0,0,0
"USS0044Q07S","Upper Chena",3,"20B","2010","07","2010-07-01","2010-08-01",0,0,0,0
"USS0044Q07S","Upper Chena",3,"20B","2010","08","2010-08-01","2010-09-01",0,0,0,0
"USS0044Q07S","Upper Chena",3,"20B","2010","09","2010-09-01","2010-10-01",0,0,0,0
"USS0044Q07S","Upper Chena",3,"20B","2010","10","2010-10-01","2010-11-01",1.13030226060452,0,4.01574803149606,0
"USS0044Q07S","Upper Chena",3,"20B","2010","11","2010-11-01","2010-12-01",9.83727034120735,2.00787401574803,22.992125984252,0
"USS0044Q07S","Upper Chena",3,"20B","2010","12","2010-12-01","2011-01-01",17.0307340614681,15,19.0157480314961,0
"USS0044Q07S","Upper Chena",3,"20B","2011","01","2011-01-01","2011-02-01",21.000762001524,17.992125984252,24.0157480314961,0
"USS0044Q07S","Upper Chena",3,"20B","2011","02","2011-02-01","2011-03-01",26.3948256467941,22.007874015748,37.992125984252,0
"USS0044Q07S","Upper Chena",3,"20B","2011","03","2011-03-01","2011-04-01",29.8437896875794,27.992125984252,32.992125984252,0
"USS0044Q07S","Upper Chena",3,"20B","2011","04","2011-04-01","2011-05-01",26.2322834645669,10,30.9842519685039,0
"USS0044Q07S","Upper Chena",3,"20B","2011","05","2011-05-01","2011-06-01",4.13004826009652,0,10,0
"USS0044Q07S","Upper Chena",3,"20B","2011","06","2011-06-01","2011-07-01",0,0,0,0
"USS0044Q07S","Upper Chena",3,"20B","2011","07","2011-07-01","2011-08-01",0,0,0,0
"USS0044Q07S","Upper Chena",3,"20B","2011","08","2011-08-01","2011-09-01",0,0,0,0
"USS0044Q07S","Upper Chena",3,"20B","2011","09","2011-09-01","2011-10-01",0,0,0,0
"USS0044Q07S","Upper Chena",3,"20B","2011","10","2011-10-01","2011-11-01",0.802641605283211,0,4.01574803149606,0
"USS0044Q07S","Upper Chena",3,"20B","2011","11","2011-11-01","2011-12-01",7.90157480314961,2.99212598425197,10,0
"USS0044Q07S","Upper Chena",3,"20B","2011","12","2011-12-01","2012-01-01",17.2301244602489,9.01574803149606,20,0
"USS0044Q07S","Upper Chena",3,"20B","2012","01","2012-01-01","2012-02-01",20.8001016002032,19.0157480314961,22.992125984252,0
"USS0044Q07S","Upper Chena",3,"20B","2012","02","2012-02-01","2012-03-01",23.5881075210426,22.007874015748,30.9842519685039,0
"USS0044Q07S","Upper Chena",3,"20B","2012","03","2012-03-01","2012-04-01",32.4511049022098,25,49.0157480314961,0
"USS0044Q07S","Upper Chena",3,"20B","2012","04","2012-04-01","2012-05-01",17.2716535433071,0,29.0157480314961,0
"USS0044Q07S","Upper Chena",3,"20B","2012","05","2012-05-01","2012-06-01",0,0,0,0
"USS0044Q07S","Upper Chena",3,"20B","2012","06","2012-06-01","2012-07-01",0,0,0,0
"USS0044Q07S","Upper Chena",3,"20B","2012","07","2012-07-01","2012-08-01",0,0,0,0
"USS0044Q07S","Upper Chena",3,"20B","2012","08","2012-08-01","2012-09-01",0,0,0,0
"USS0044Q07S","Upper Chena",3,"20B","2012","09","2012-09-01","2012-10-01",0,0,0,0
"USS0044Q07S","Upper Chena",3,"20B","2012","10","2012-10-01","2012-11-01",4.42087884175768,0,10.9842519685039,0
"USS0044Q07S","Upper Chena",3,"20B","2012","11","2012-11-01","2012-12-01",11.0682414698163,7.99212598425197,12.007874015748,0
"USS0044Q07S","Upper Chena",3,"20B","2012","12","2012-12-01","2013-01-01",18.1584963169926,10.9842519685039,25,0
"USS0044Q07S","Upper Chena",3,"20B","2013","01","2013-01-01","2013-02-01",24.9085598171196,19.0157480314961,30,0
"USS0044Q07S","Upper Chena",3,"20B","2013","02","2013-02-01","2013-03-01",30.1068616422947,29.0157480314961,32.007874015748,0
"USS0044Q07S","Upper Chena",3,"20B","2013","03","2013-03-01","2013-04-01",31.3525527051054,30,35,0
"USS0044Q07S","Upper Chena",3,"20B","2013","04","2013-04-01","2013-05-01",34.0734908136483,32.007874015748,37.007874015748,0
"USS0044Q07S","Upper Chena",3,"20B","2013","05","2013-05-01","2013-06-01",23.0962661925324,0,39.0157480314961,0
"USS0044Q07S","Upper Chena",3,"20B","2013","06","2013-06-01","2013-07-01",0,0,0,0
"USS0044Q07S","Upper Chena",3,"20B","2013","07","2013-07-01","2013-08-01",0,0,0,0
"USS0044Q07S","Upper Chena",3,"20B","2013","08","2013-08-01","2013-09-01",0,0,0,0
"USS0044Q07S","Upper Chena",3,"20B","2013","09","2013-09-01","2013-10-01",0,0,0,0
"USS0044Q07S","Upper Chena",3,"20B","2013","10","2013-10-01","2013-11-01",3.87350774701549,0,9.01574803149606,0
"USS0044Q07S","Upper Chena",3,"20B","2013","11","2013-11-01","2013-12-01",21.5341207349081,7.99212598425197,29.0157480314961,0
"USS0044Q07S","Upper Chena",3,"20B","2013","12","2013-12-01","2014-01-01",31.3868427736855,27.007874015748,35.9842519685039,0
"USS0044Q07S","Upper Chena",3,"20B","2014","01","2014-01-01","2014-02-01",35.6146812293625,32.992125984252,39.0157480314961,0
"USS0044Q07S","Upper Chena",3,"20B","2014","02","2014-02-01","2014-03-01",38.39848143982,35,40.9842519685039,0
"USS0044Q07S","Upper Chena",3,"20B","2014","03","2014-03-01","2014-04-01",39.5859791719583,37.992125984252,42.007874015748,0
"USS0044Q07S","Upper Chena",3,"20B","2014","04","2014-04-01","2014-05-01",35.6325459317585,22.992125984252,42.992125984252,0
"USS0044Q07S","Upper Chena",3,"20B","2014","05","2014-05-01","2014-06-01",4.67741935483871,0,22.007874015748,0
"USS0044Q07S","Upper Chena",3,"20B","2014","06","2014-06-01","2014-07-01",0.0328083989501312,0,0.984251968503937,0
"USS0044Q07S","Upper Chena",3,"20B","2014","07","2014-07-01","2014-08-01",0.127000254000508,0,0.984251968503937,0
"USS0044Q07S","Upper Chena",3,"20B","2014","08","2014-08-01","2014-09-01",0,0,0,0
"USS0044Q07S","Upper Chena",3,"20B","2014","09","2014-09-01","2014-10-01",0.534120734908136,0,9.01574803149606,0
"USS0044Q07S","Upper Chena",3,"20B","2014","10","2014-10-01","2014-11-01",10.3848107696215,5.98425196850394,14.0157480314961,0
"USS0044Q07S","Upper Chena",3,"20B","2014","11","2014-11-01","2014-12-01",13.3950131233596,10,19.0157480314961,0
"USS0044Q07S","Upper Chena",3,"20B","2014","12","2014-12-01","2015-01-01",19.9060198120396,15,25,0
"USS0044Q07S","Upper Chena",3,"20B","2015","01","2015-01-01","2015-02-01",24.3916687833376,22.007874015748,27.992125984252,0
"USS0044Q07S","Upper Chena",3,"20B","2015","02","2015-02-01","2015-03-01",27.535151856018,25,35,0
"USS0044Q07S","Upper Chena",3,"20B","2015","03","2015-03-01","2015-04-01",40.1968503937008,34.0157480314961,47.007874015748,0
"USS0044Q07S","Upper Chena",3,"20B","2015","04","2015-04-01","2015-05-01",37.2650918635171,30,40.9842519685039,0
"USS0044Q07S","Upper Chena",3,"20B","2015","05","2015-05-01","2015-06-01",9.61391922783845,0,30,0
"USS0044Q07S","Upper Chena",3,"20B","2015","06","2015-06-01","2015-07-01",0,0,0,0
"USS0044Q07S","Upper Chena",3,"20B","2015","07","2015-07-01","2015-08-01",0,0,0,0
"USS0044Q07S","Upper Chena",3,"20B","2015","08","2015-08-01","2015-09-01",0,0,0,0
"USS0044Q07S","Upper Chena",3,"20B","2015","09","2015-09-01","2015-10-01",0.833333333333333,0,10,0
"USS0044Q07S","Upper Chena",3,"20B","2015","10","2015-10-01","2015-11-01",9.7739395478791,5,15,0
"USS0044Q07S","Upper Chena",3,"20B","2015","11","2015-11-01","2015-12-01",19.9330708661417,14.0157480314961,27.992125984252,0
"USS0044Q07S","Upper Chena",3,"20B","2015","12","2015-12-01","2016-01-01",26.0604521209042,24.0157480314961,27.992125984252,0
"USS0044Q07S","Upper Chena",3,"20B","2016","01","2016-01-01","2016-02-01",26.6383032766066,25,27.992125984252,0
"USS0044Q07S","Upper Chena",3,"20B","2016","02","2016-02-01","2016-03-01",27.7206081998371,27.007874015748,27.992125984252,0
"USS0044Q07S","Upper Chena",3,"20B","2016","03","2016-03-01","2016-04-01",29.4780289560579,27.992125984252,32.007874015748,0
"USS0044Q07S","Upper Chena",3,"20B","2016","04","2016-04-01","2016-05-01",24.8648293963255,10.9842519685039,30,0
"USS0044Q07S","Upper Chena",3,"20B","2016","05","2016-05-01","2016-06-01",1.48336296672593,0,9.01574803149606,0
"USS0044Q07S","Upper Chena",3,"20B","2016","06","2016-06-01","2016-07-01",0,0,0,0
"USS0044Q07S","Upper Chena",3,"20B","2016","07","2016-07-01","2016-08-01",0,0,0,0
"USS0044Q07S","Upper Chena",3,"20B","2016","08","2016-08-01","2016-09-01",0,0,0,0
"USS0044Q07S","Upper Chena",3,"20B","2016","09","2016-09-01","2016-10-01",0,0,0,0
"USS0044Q07S","Upper Chena",3,"20B","2016","10","2016-10-01","2016-11-01",2.29489458978918,0,4.01574803149606,0
"USS0044Q07S","Upper Chena",3,"20B","2016","11","2016-11-01","2016-12-01",5.3254593175853,2.99212598425197,7.00787401574803,0
"USS0044Q07S","Upper Chena",3,"20B","2016","12","2016-12-01","2017-01-01",10.2895605791212,4.01574803149606,32.992125984252,0
"USS0044Q07S","Upper Chena",3,"20B","2017","01","2017-01-01","2017-02-01",27.9667259334519,24.0157480314961,32.992125984252,0
"USS0044Q07S","Upper Chena",3,"20B","2017","02","2017-02-01","2017-03-01",32.3256467941507,27.007874015748,52.007874015748,0
"USS0044Q07S","Upper Chena",3,"20B","2017","03","2017-03-01","2017-04-01",41.257302514605,39.0157480314961,47.007874015748,0
"USS0044Q07S","Upper Chena",3,"20B","2017","04","2017-04-01","2017-05-01",36.9685039370079,30,40.9842519685039,0
"USS0044Q07S","Upper Chena",3,"20B","2017","05","2017-05-01","2017-06-01",9.09702819405639,0,29.0157480314961,0
"USS0044Q07S","Upper Chena",3,"20B","2017","06","2017-06-01","2017-07-01",0,0,0,0
"USS0044Q07S","Upper Chena",3,"20B","2017","07","2017-07-01","2017-08-01",0,0,0,0
"USS0044Q07S","Upper Chena",3,"20B","2017","08","2017-08-01","2017-09-01",0,0,0,3
"USS0044Q07S","Upper Chena",3,"20B","2017","09","2017-09-01","2017-10-01",0,0,0,0
"USS0044Q07S","Upper Chena",3,"20B","2017","10","2017-10-01","2017-11-01",9.6748793497587,0,17.992125984252,0
"USS0044Q07S","Upper Chena",3,"20B","2017","11","2017-11-01","2017-12-01",27.6409448818898,19.0157480314961,32.992125984252,17
"USS0044Q07S","Upper Chena",3,"20B","2017","12","2017-12-01","2018-01-01",31.9011938023876,27.007874015748,37.992125984252,0
"USS0044Q07S","Upper Chena",3,"20B","2018","01","2018-01-01","2018-02-01",35.9042418084836,32.992125984252,39.0157480314961,0
"USS0044Q07S","Upper Chena",3,"20B","2018","02","2018-02-01","2018-03-01",49.3560179977503,34.0157480314961,65,0
"USS0044Q07S","Upper Chena",3,"20B","2018","03","2018-03-01","2018-04-01",57.9032258064516,55.9842519685039,62.992125984252,0
"USS0044Q07S","Upper Chena",3,"20B","2018","04","2018-04-01","2018-05-01",55.4685039370079,52.007874015748,62.007874015748,0
"USS0044Q07S","Upper Chena",3,"20B","2018","05","2018-05-01","2018-06-01",32.6809753619507,0,55,0
"USS0044Q07S","Upper Chena",3,"20B","2018","06","2018-06-01","2018-07-01",0,0,0,0
"USS0044Q07S","Upper Chena",3,"20B","2018","07","2018-07-01","2018-08-01",0,0,0,0
"USS0044Q07S","Upper Chena",3,"20B","2018","08","2018-08-01","2018-09-01",0,0,0,0
"USS0044Q07S","Upper Chena",3,"20B","2018","09","2018-09-01","2018-10-01",0,0,0,0
"USS0044Q07S","Upper Chena",3,"20B","2018","10","2018-10-01","2018-11-01",2.06375412750825,0,5.98425196850394,0
"USS0044Q07S","Upper Chena",3,"20B","2018","11","2018-11-01","2018-12-01",8.63123359580053,5,12.007874015748,0
