"ID","Name","Region","Unit","YEAR","MONTH","START","END","SNWDavg_in","SNWDmin_in","SNWDmax_in","MISSING_pcnt"
"USS0047O01S","Monahan Flat",4,"13E",NA,NA,"1980-01-01","1980-02-01",NA,NA,NA,100
"USS0047O01S","Monahan Flat",4,"13E",NA,NA,"1980-02-01","1980-03-01",NA,NA,NA,100
"USS0047O01S","Monahan Flat",4,"13E",NA,NA,"1980-03-01","1980-04-01",NA,NA,NA,100
"USS0047O01S","Monahan Flat",4,"13E",NA,NA,"1980-04-01","1980-05-01",NA,NA,NA,100
"USS0047O01S","Monahan Flat",4,"13E",NA,NA,"1980-05-01","1980-06-01",NA,NA,NA,100
"USS0047O01S","Monahan Flat",4,"13E",NA,NA,"1980-06-01","1980-07-01",NA,NA,NA,100
"USS0047O01S","Monahan Flat",4,"13E",NA,NA,"1980-07-01","1980-08-01",NA,NA,NA,100
"USS0047O01S","Monahan Flat",4,"13E",NA,NA,"1980-08-01","1980-09-01",NA,NA,NA,100
"USS0047O01S","Monahan Flat",4,"13E",NA,NA,"1980-09-01","1980-10-01",NA,NA,NA,100
"USS0047O01S","Monahan Flat",4,"13E",NA,NA,"1980-10-01","1980-11-01",NA,NA,NA,100
"USS0047O01S","Monahan Flat",4,"13E",NA,NA,"1980-11-01","1980-12-01",NA,NA,NA,100
"USS0047O01S","Monahan Flat",4,"13E",NA,NA,"1980-12-01","1981-01-01",NA,NA,NA,100
"USS0047O01S","Monahan Flat",4,"13E",NA,NA,"1981-01-01","1981-02-01",NA,NA,NA,100
"USS0047O01S","Monahan Flat",4,"13E",NA,NA,"1981-02-01","1981-03-01",NA,NA,NA,100
"USS0047O01S","Monahan Flat",4,"13E",NA,NA,"1981-03-01","1981-04-01",NA,NA,NA,100
"USS0047O01S","Monahan Flat",4,"13E",NA,NA,"1981-04-01","1981-05-01",NA,NA,NA,100
"USS0047O01S","Monahan Flat",4,"13E",NA,NA,"1981-05-01","1981-06-01",NA,NA,NA,100
"USS0047O01S","Monahan Flat",4,"13E",NA,NA,"1981-06-01","1981-07-01",NA,NA,NA,100
"USS0047O01S","Monahan Flat",4,"13E",NA,NA,"1981-07-01","1981-08-01",NA,NA,NA,100
"USS0047O01S","Monahan Flat",4,"13E",NA,NA,"1981-08-01","1981-09-01",NA,NA,NA,100
"USS0047O01S","Monahan Flat",4,"13E",NA,NA,"1981-09-01","1981-10-01",NA,NA,NA,100
"USS0047O01S","Monahan Flat",4,"13E",NA,NA,"1981-10-01","1981-11-01",NA,NA,NA,100
"USS0047O01S","Monahan Flat",4,"13E",NA,NA,"1981-11-01","1981-12-01",NA,NA,NA,100
"USS0047O01S","Monahan Flat",4,"13E",NA,NA,"1981-12-01","1982-01-01",NA,NA,NA,100
"USS0047O01S","Monahan Flat",4,"13E",NA,NA,"1982-01-01","1982-02-01",NA,NA,NA,100
"USS0047O01S","Monahan Flat",4,"13E",NA,NA,"1982-02-01","1982-03-01",NA,NA,NA,100
"USS0047O01S","Monahan Flat",4,"13E",NA,NA,"1982-03-01","1982-04-01",NA,NA,NA,100
"USS0047O01S","Monahan Flat",4,"13E",NA,NA,"1982-04-01","1982-05-01",NA,NA,NA,100
"USS0047O01S","Monahan Flat",4,"13E",NA,NA,"1982-05-01","1982-06-01",NA,NA,NA,100
"USS0047O01S","Monahan Flat",4,"13E",NA,NA,"1982-06-01","1982-07-01",NA,NA,NA,100
"USS0047O01S","Monahan Flat",4,"13E",NA,NA,"1982-07-01","1982-08-01",NA,NA,NA,100
"USS0047O01S","Monahan Flat",4,"13E",NA,NA,"1982-08-01","1982-09-01",NA,NA,NA,100
"USS0047O01S","Monahan Flat",4,"13E",NA,NA,"1982-09-01","1982-10-01",NA,NA,NA,100
"USS0047O01S","Monahan Flat",4,"13E",NA,NA,"1982-10-01","1982-11-01",NA,NA,NA,100
"USS0047O01S","Monahan Flat",4,"13E",NA,NA,"1982-11-01","1982-12-01",NA,NA,NA,100
"USS0047O01S","Monahan Flat",4,"13E",NA,NA,"1982-12-01","1983-01-01",NA,NA,NA,100
"USS0047O01S","Monahan Flat",4,"13E",NA,NA,"1983-01-01","1983-02-01",NA,NA,NA,100
"USS0047O01S","Monahan Flat",4,"13E",NA,NA,"1983-02-01","1983-03-01",NA,NA,NA,100
"USS0047O01S","Monahan Flat",4,"13E",NA,NA,"1983-03-01","1983-04-01",NA,NA,NA,100
"USS0047O01S","Monahan Flat",4,"13E",NA,NA,"1983-04-01","1983-05-01",NA,NA,NA,100
"USS0047O01S","Monahan Flat",4,"13E",NA,NA,"1983-05-01","1983-06-01",NA,NA,NA,100
"USS0047O01S","Monahan Flat",4,"13E",NA,NA,"1983-06-01","1983-07-01",NA,NA,NA,100
"USS0047O01S","Monahan Flat",4,"13E",NA,NA,"1983-07-01","1983-08-01",NA,NA,NA,100
"USS0047O01S","Monahan Flat",4,"13E",NA,NA,"1983-08-01","1983-09-01",NA,NA,NA,100
"USS0047O01S","Monahan Flat",4,"13E",NA,NA,"1983-09-01","1983-10-01",NA,NA,NA,100
"USS0047O01S","Monahan Flat",4,"13E",NA,NA,"1983-10-01","1983-11-01",NA,NA,NA,100
"USS0047O01S","Monahan Flat",4,"13E",NA,NA,"1983-11-01","1983-12-01",NA,NA,NA,100
"USS0047O01S","Monahan Flat",4,"13E",NA,NA,"1983-12-01","1984-01-01",NA,NA,NA,100
"USS0047O01S","Monahan Flat",4,"13E",NA,NA,"1984-01-01","1984-02-01",NA,NA,NA,100
"USS0047O01S","Monahan Flat",4,"13E",NA,NA,"1984-02-01","1984-03-01",NA,NA,NA,100
"USS0047O01S","Monahan Flat",4,"13E",NA,NA,"1984-03-01","1984-04-01",NA,NA,NA,100
"USS0047O01S","Monahan Flat",4,"13E",NA,NA,"1984-04-01","1984-05-01",NA,NA,NA,100
"USS0047O01S","Monahan Flat",4,"13E",NA,NA,"1984-05-01","1984-06-01",NA,NA,NA,100
"USS0047O01S","Monahan Flat",4,"13E",NA,NA,"1984-06-01","1984-07-01",NA,NA,NA,100
"USS0047O01S","Monahan Flat",4,"13E",NA,NA,"1984-07-01","1984-08-01",NA,NA,NA,100
"USS0047O01S","Monahan Flat",4,"13E",NA,NA,"1984-08-01","1984-09-01",NA,NA,NA,100
"USS0047O01S","Monahan Flat",4,"13E",NA,NA,"1984-09-01","1984-10-01",NA,NA,NA,100
"USS0047O01S","Monahan Flat",4,"13E",NA,NA,"1984-10-01","1984-11-01",NA,NA,NA,100
"USS0047O01S","Monahan Flat",4,"13E",NA,NA,"1984-11-01","1984-12-01",NA,NA,NA,100
"USS0047O01S","Monahan Flat",4,"13E",NA,NA,"1984-12-01","1985-01-01",NA,NA,NA,100
"USS0047O01S","Monahan Flat",4,"13E",NA,NA,"1985-01-01","1985-02-01",NA,NA,NA,100
"USS0047O01S","Monahan Flat",4,"13E",NA,NA,"1985-02-01","1985-03-01",NA,NA,NA,100
"USS0047O01S","Monahan Flat",4,"13E",NA,NA,"1985-03-01","1985-04-01",NA,NA,NA,100
"USS0047O01S","Monahan Flat",4,"13E",NA,NA,"1985-04-01","1985-05-01",NA,NA,NA,100
"USS0047O01S","Monahan Flat",4,"13E",NA,NA,"1985-05-01","1985-06-01",NA,NA,NA,100
"USS0047O01S","Monahan Flat",4,"13E",NA,NA,"1985-06-01","1985-07-01",NA,NA,NA,100
"USS0047O01S","Monahan Flat",4,"13E",NA,NA,"1985-07-01","1985-08-01",NA,NA,NA,100
"USS0047O01S","Monahan Flat",4,"13E",NA,NA,"1985-08-01","1985-09-01",NA,NA,NA,100
"USS0047O01S","Monahan Flat",4,"13E",NA,NA,"1985-09-01","1985-10-01",NA,NA,NA,100
"USS0047O01S","Monahan Flat",4,"13E",NA,NA,"1985-10-01","1985-11-01",NA,NA,NA,100
"USS0047O01S","Monahan Flat",4,"13E",NA,NA,"1985-11-01","1985-12-01",NA,NA,NA,100
"USS0047O01S","Monahan Flat",4,"13E",NA,NA,"1985-12-01","1986-01-01",NA,NA,NA,100
"USS0047O01S","Monahan Flat",4,"13E",NA,NA,"1986-01-01","1986-02-01",NA,NA,NA,100
"USS0047O01S","Monahan Flat",4,"13E",NA,NA,"1986-02-01","1986-03-01",NA,NA,NA,100
"USS0047O01S","Monahan Flat",4,"13E",NA,NA,"1986-03-01","1986-04-01",NA,NA,NA,100
"USS0047O01S","Monahan Flat",4,"13E",NA,NA,"1986-04-01","1986-05-01",NA,NA,NA,100
"USS0047O01S","Monahan Flat",4,"13E",NA,NA,"1986-05-01","1986-06-01",NA,NA,NA,100
"USS0047O01S","Monahan Flat",4,"13E",NA,NA,"1986-06-01","1986-07-01",NA,NA,NA,100
"USS0047O01S","Monahan Flat",4,"13E",NA,NA,"1986-07-01","1986-08-01",NA,NA,NA,100
"USS0047O01S","Monahan Flat",4,"13E",NA,NA,"1986-08-01","1986-09-01",NA,NA,NA,100
"USS0047O01S","Monahan Flat",4,"13E",NA,NA,"1986-09-01","1986-10-01",NA,NA,NA,100
"USS0047O01S","Monahan Flat",4,"13E",NA,NA,"1986-10-01","1986-11-01",NA,NA,NA,100
"USS0047O01S","Monahan Flat",4,"13E",NA,NA,"1986-11-01","1986-12-01",NA,NA,NA,100
"USS0047O01S","Monahan Flat",4,"13E",NA,NA,"1986-12-01","1987-01-01",NA,NA,NA,100
"USS0047O01S","Monahan Flat",4,"13E",NA,NA,"1987-01-01","1987-02-01",NA,NA,NA,100
"USS0047O01S","Monahan Flat",4,"13E",NA,NA,"1987-02-01","1987-03-01",NA,NA,NA,100
"USS0047O01S","Monahan Flat",4,"13E",NA,NA,"1987-03-01","1987-04-01",NA,NA,NA,100
"USS0047O01S","Monahan Flat",4,"13E",NA,NA,"1987-04-01","1987-05-01",NA,NA,NA,100
"USS0047O01S","Monahan Flat",4,"13E",NA,NA,"1987-05-01","1987-06-01",NA,NA,NA,100
"USS0047O01S","Monahan Flat",4,"13E",NA,NA,"1987-06-01","1987-07-01",NA,NA,NA,100
"USS0047O01S","Monahan Flat",4,"13E",NA,NA,"1987-07-01","1987-08-01",NA,NA,NA,100
"USS0047O01S","Monahan Flat",4,"13E",NA,NA,"1987-08-01","1987-09-01",NA,NA,NA,100
"USS0047O01S","Monahan Flat",4,"13E",NA,NA,"1987-09-01","1987-10-01",NA,NA,NA,100
"USS0047O01S","Monahan Flat",4,"13E",NA,NA,"1987-10-01","1987-11-01",NA,NA,NA,100
"USS0047O01S","Monahan Flat",4,"13E",NA,NA,"1987-11-01","1987-12-01",NA,NA,NA,100
"USS0047O01S","Monahan Flat",4,"13E",NA,NA,"1987-12-01","1988-01-01",NA,NA,NA,100
"USS0047O01S","Monahan Flat",4,"13E",NA,NA,"1988-01-01","1988-02-01",NA,NA,NA,100
"USS0047O01S","Monahan Flat",4,"13E",NA,NA,"1988-02-01","1988-03-01",NA,NA,NA,100
"USS0047O01S","Monahan Flat",4,"13E",NA,NA,"1988-03-01","1988-04-01",NA,NA,NA,100
"USS0047O01S","Monahan Flat",4,"13E",NA,NA,"1988-04-01","1988-05-01",NA,NA,NA,100
"USS0047O01S","Monahan Flat",4,"13E",NA,NA,"1988-05-01","1988-06-01",NA,NA,NA,100
"USS0047O01S","Monahan Flat",4,"13E",NA,NA,"1988-06-01","1988-07-01",NA,NA,NA,100
"USS0047O01S","Monahan Flat",4,"13E",NA,NA,"1988-07-01","1988-08-01",NA,NA,NA,100
"USS0047O01S","Monahan Flat",4,"13E",NA,NA,"1988-08-01","1988-09-01",NA,NA,NA,100
"USS0047O01S","Monahan Flat",4,"13E",NA,NA,"1988-09-01","1988-10-01",NA,NA,NA,100
"USS0047O01S","Monahan Flat",4,"13E",NA,NA,"1988-10-01","1988-11-01",NA,NA,NA,100
"USS0047O01S","Monahan Flat",4,"13E",NA,NA,"1988-11-01","1988-12-01",NA,NA,NA,100
"USS0047O01S","Monahan Flat",4,"13E",NA,NA,"1988-12-01","1989-01-01",NA,NA,NA,100
"USS0047O01S","Monahan Flat",4,"13E",NA,NA,"1989-01-01","1989-02-01",NA,NA,NA,100
"USS0047O01S","Monahan Flat",4,"13E",NA,NA,"1989-02-01","1989-03-01",NA,NA,NA,100
"USS0047O01S","Monahan Flat",4,"13E",NA,NA,"1989-03-01","1989-04-01",NA,NA,NA,100
"USS0047O01S","Monahan Flat",4,"13E",NA,NA,"1989-04-01","1989-05-01",NA,NA,NA,100
"USS0047O01S","Monahan Flat",4,"13E",NA,NA,"1989-05-01","1989-06-01",NA,NA,NA,100
"USS0047O01S","Monahan Flat",4,"13E",NA,NA,"1989-06-01","1989-07-01",NA,NA,NA,100
"USS0047O01S","Monahan Flat",4,"13E",NA,NA,"1989-07-01","1989-08-01",NA,NA,NA,100
"USS0047O01S","Monahan Flat",4,"13E",NA,NA,"1989-08-01","1989-09-01",NA,NA,NA,100
"USS0047O01S","Monahan Flat",4,"13E",NA,NA,"1989-09-01","1989-10-01",NA,NA,NA,100
"USS0047O01S","Monahan Flat",4,"13E",NA,NA,"1989-10-01","1989-11-01",NA,NA,NA,100
"USS0047O01S","Monahan Flat",4,"13E",NA,NA,"1989-11-01","1989-12-01",NA,NA,NA,100
"USS0047O01S","Monahan Flat",4,"13E",NA,NA,"1989-12-01","1990-01-01",NA,NA,NA,100
"USS0047O01S","Monahan Flat",4,"13E",NA,NA,"1990-01-01","1990-02-01",NA,NA,NA,100
"USS0047O01S","Monahan Flat",4,"13E",NA,NA,"1990-02-01","1990-03-01",NA,NA,NA,100
"USS0047O01S","Monahan Flat",4,"13E",NA,NA,"1990-03-01","1990-04-01",NA,NA,NA,100
"USS0047O01S","Monahan Flat",4,"13E",NA,NA,"1990-04-01","1990-05-01",NA,NA,NA,100
"USS0047O01S","Monahan Flat",4,"13E",NA,NA,"1990-05-01","1990-06-01",NA,NA,NA,100
"USS0047O01S","Monahan Flat",4,"13E",NA,NA,"1990-06-01","1990-07-01",NA,NA,NA,100
"USS0047O01S","Monahan Flat",4,"13E",NA,NA,"1990-07-01","1990-08-01",NA,NA,NA,100
"USS0047O01S","Monahan Flat",4,"13E",NA,NA,"1990-08-01","1990-09-01",NA,NA,NA,100
"USS0047O01S","Monahan Flat",4,"13E",NA,NA,"1990-09-01","1990-10-01",NA,NA,NA,100
"USS0047O01S","Monahan Flat",4,"13E",NA,NA,"1990-10-01","1990-11-01",NA,NA,NA,100
"USS0047O01S","Monahan Flat",4,"13E",NA,NA,"1990-11-01","1990-12-01",NA,NA,NA,100
"USS0047O01S","Monahan Flat",4,"13E",NA,NA,"1990-12-01","1991-01-01",NA,NA,NA,100
"USS0047O01S","Monahan Flat",4,"13E",NA,NA,"1991-01-01","1991-02-01",NA,NA,NA,100
"USS0047O01S","Monahan Flat",4,"13E",NA,NA,"1991-02-01","1991-03-01",NA,NA,NA,100
"USS0047O01S","Monahan Flat",4,"13E",NA,NA,"1991-03-01","1991-04-01",NA,NA,NA,100
"USS0047O01S","Monahan Flat",4,"13E",NA,NA,"1991-04-01","1991-05-01",NA,NA,NA,100
"USS0047O01S","Monahan Flat",4,"13E",NA,NA,"1991-05-01","1991-06-01",NA,NA,NA,100
"USS0047O01S","Monahan Flat",4,"13E",NA,NA,"1991-06-01","1991-07-01",NA,NA,NA,100
"USS0047O01S","Monahan Flat",4,"13E",NA,NA,"1991-07-01","1991-08-01",NA,NA,NA,100
"USS0047O01S","Monahan Flat",4,"13E",NA,NA,"1991-08-01","1991-09-01",NA,NA,NA,100
"USS0047O01S","Monahan Flat",4,"13E",NA,NA,"1991-09-01","1991-10-01",NA,NA,NA,100
"USS0047O01S","Monahan Flat",4,"13E",NA,NA,"1991-10-01","1991-11-01",NA,NA,NA,100
"USS0047O01S","Monahan Flat",4,"13E",NA,NA,"1991-11-01","1991-12-01",NA,NA,NA,100
"USS0047O01S","Monahan Flat",4,"13E",NA,NA,"1991-12-01","1992-01-01",NA,NA,NA,100
"USS0047O01S","Monahan Flat",4,"13E",NA,NA,"1992-01-01","1992-02-01",NA,NA,NA,100
"USS0047O01S","Monahan Flat",4,"13E",NA,NA,"1992-02-01","1992-03-01",NA,NA,NA,100
"USS0047O01S","Monahan Flat",4,"13E",NA,NA,"1992-03-01","1992-04-01",NA,NA,NA,100
"USS0047O01S","Monahan Flat",4,"13E",NA,NA,"1992-04-01","1992-05-01",NA,NA,NA,100
"USS0047O01S","Monahan Flat",4,"13E",NA,NA,"1992-05-01","1992-06-01",NA,NA,NA,100
"USS0047O01S","Monahan Flat",4,"13E",NA,NA,"1992-06-01","1992-07-01",NA,NA,NA,100
"USS0047O01S","Monahan Flat",4,"13E",NA,NA,"1992-07-01","1992-08-01",NA,NA,NA,100
"USS0047O01S","Monahan Flat",4,"13E",NA,NA,"1992-08-01","1992-09-01",NA,NA,NA,100
"USS0047O01S","Monahan Flat",4,"13E",NA,NA,"1992-09-01","1992-10-01",NA,NA,NA,100
"USS0047O01S","Monahan Flat",4,"13E",NA,NA,"1992-10-01","1992-11-01",NA,NA,NA,100
"USS0047O01S","Monahan Flat",4,"13E",NA,NA,"1992-11-01","1992-12-01",NA,NA,NA,100
"USS0047O01S","Monahan Flat",4,"13E",NA,NA,"1992-12-01","1993-01-01",NA,NA,NA,100
"USS0047O01S","Monahan Flat",4,"13E",NA,NA,"1993-01-01","1993-02-01",NA,NA,NA,100
"USS0047O01S","Monahan Flat",4,"13E",NA,NA,"1993-02-01","1993-03-01",NA,NA,NA,100
"USS0047O01S","Monahan Flat",4,"13E",NA,NA,"1993-03-01","1993-04-01",NA,NA,NA,100
"USS0047O01S","Monahan Flat",4,"13E",NA,NA,"1993-04-01","1993-05-01",NA,NA,NA,100
"USS0047O01S","Monahan Flat",4,"13E",NA,NA,"1993-05-01","1993-06-01",NA,NA,NA,100
"USS0047O01S","Monahan Flat",4,"13E",NA,NA,"1993-06-01","1993-07-01",NA,NA,NA,100
"USS0047O01S","Monahan Flat",4,"13E",NA,NA,"1993-07-01","1993-08-01",NA,NA,NA,100
"USS0047O01S","Monahan Flat",4,"13E",NA,NA,"1993-08-01","1993-09-01",NA,NA,NA,100
"USS0047O01S","Monahan Flat",4,"13E",NA,NA,"1993-09-01","1993-10-01",NA,NA,NA,100
"USS0047O01S","Monahan Flat",4,"13E",NA,NA,"1993-10-01","1993-11-01",NA,NA,NA,100
"USS0047O01S","Monahan Flat",4,"13E",NA,NA,"1993-11-01","1993-12-01",NA,NA,NA,100
"USS0047O01S","Monahan Flat",4,"13E",NA,NA,"1993-12-01","1994-01-01",NA,NA,NA,100
"USS0047O01S","Monahan Flat",4,"13E",NA,NA,"1994-01-01","1994-02-01",NA,NA,NA,100
"USS0047O01S","Monahan Flat",4,"13E",NA,NA,"1994-02-01","1994-03-01",NA,NA,NA,100
"USS0047O01S","Monahan Flat",4,"13E",NA,NA,"1994-03-01","1994-04-01",NA,NA,NA,100
"USS0047O01S","Monahan Flat",4,"13E",NA,NA,"1994-04-01","1994-05-01",NA,NA,NA,100
"USS0047O01S","Monahan Flat",4,"13E",NA,NA,"1994-05-01","1994-06-01",NA,NA,NA,100
"USS0047O01S","Monahan Flat",4,"13E",NA,NA,"1994-06-01","1994-07-01",NA,NA,NA,100
"USS0047O01S","Monahan Flat",4,"13E",NA,NA,"1994-07-01","1994-08-01",NA,NA,NA,100
"USS0047O01S","Monahan Flat",4,"13E",NA,NA,"1994-08-01","1994-09-01",NA,NA,NA,100
"USS0047O01S","Monahan Flat",4,"13E",NA,NA,"1994-09-01","1994-10-01",NA,NA,NA,100
"USS0047O01S","Monahan Flat",4,"13E",NA,NA,"1994-10-01","1994-11-01",NA,NA,NA,100
"USS0047O01S","Monahan Flat",4,"13E",NA,NA,"1994-11-01","1994-12-01",NA,NA,NA,100
"USS0047O01S","Monahan Flat",4,"13E",NA,NA,"1994-12-01","1995-01-01",NA,NA,NA,100
"USS0047O01S","Monahan Flat",4,"13E",NA,NA,"1995-01-01","1995-02-01",NA,NA,NA,100
"USS0047O01S","Monahan Flat",4,"13E",NA,NA,"1995-02-01","1995-03-01",NA,NA,NA,100
"USS0047O01S","Monahan Flat",4,"13E",NA,NA,"1995-03-01","1995-04-01",NA,NA,NA,100
"USS0047O01S","Monahan Flat",4,"13E",NA,NA,"1995-04-01","1995-05-01",NA,NA,NA,100
"USS0047O01S","Monahan Flat",4,"13E",NA,NA,"1995-05-01","1995-06-01",NA,NA,NA,100
"USS0047O01S","Monahan Flat",4,"13E",NA,NA,"1995-06-01","1995-07-01",NA,NA,NA,100
"USS0047O01S","Monahan Flat",4,"13E",NA,NA,"1995-07-01","1995-08-01",NA,NA,NA,100
"USS0047O01S","Monahan Flat",4,"13E",NA,NA,"1995-08-01","1995-09-01",NA,NA,NA,100
"USS0047O01S","Monahan Flat",4,"13E",NA,NA,"1995-09-01","1995-10-01",NA,NA,NA,100
"USS0047O01S","Monahan Flat",4,"13E",NA,NA,"1995-10-01","1995-11-01",NA,NA,NA,100
"USS0047O01S","Monahan Flat",4,"13E",NA,NA,"1995-11-01","1995-12-01",NA,NA,NA,100
"USS0047O01S","Monahan Flat",4,"13E",NA,NA,"1995-12-01","1996-01-01",NA,NA,NA,100
"USS0047O01S","Monahan Flat",4,"13E",NA,NA,"1996-01-01","1996-02-01",NA,NA,NA,100
"USS0047O01S","Monahan Flat",4,"13E",NA,NA,"1996-02-01","1996-03-01",NA,NA,NA,100
"USS0047O01S","Monahan Flat",4,"13E",NA,NA,"1996-03-01","1996-04-01",NA,NA,NA,100
"USS0047O01S","Monahan Flat",4,"13E",NA,NA,"1996-04-01","1996-05-01",NA,NA,NA,100
"USS0047O01S","Monahan Flat",4,"13E",NA,NA,"1996-05-01","1996-06-01",NA,NA,NA,100
"USS0047O01S","Monahan Flat",4,"13E",NA,NA,"1996-06-01","1996-07-01",NA,NA,NA,100
"USS0047O01S","Monahan Flat",4,"13E",NA,NA,"1996-07-01","1996-08-01",NA,NA,NA,100
"USS0047O01S","Monahan Flat",4,"13E",NA,NA,"1996-08-01","1996-09-01",NA,NA,NA,100
"USS0047O01S","Monahan Flat",4,"13E",NA,NA,"1996-09-01","1996-10-01",NA,NA,NA,100
"USS0047O01S","Monahan Flat",4,"13E",NA,NA,"1996-10-01","1996-11-01",NA,NA,NA,100
"USS0047O01S","Monahan Flat",4,"13E",NA,NA,"1996-11-01","1996-12-01",NA,NA,NA,100
"USS0047O01S","Monahan Flat",4,"13E",NA,NA,"1996-12-01","1997-01-01",NA,NA,NA,100
"USS0047O01S","Monahan Flat",4,"13E",NA,NA,"1997-01-01","1997-02-01",NA,NA,NA,100
"USS0047O01S","Monahan Flat",4,"13E",NA,NA,"1997-02-01","1997-03-01",NA,NA,NA,100
"USS0047O01S","Monahan Flat",4,"13E",NA,NA,"1997-03-01","1997-04-01",NA,NA,NA,100
"USS0047O01S","Monahan Flat",4,"13E",NA,NA,"1997-04-01","1997-05-01",NA,NA,NA,100
"USS0047O01S","Monahan Flat",4,"13E",NA,NA,"1997-05-01","1997-06-01",NA,NA,NA,100
"USS0047O01S","Monahan Flat",4,"13E",NA,NA,"1997-06-01","1997-07-01",NA,NA,NA,100
"USS0047O01S","Monahan Flat",4,"13E",NA,NA,"1997-07-01","1997-08-01",NA,NA,NA,100
"USS0047O01S","Monahan Flat",4,"13E",NA,NA,"1997-08-01","1997-09-01",NA,NA,NA,100
"USS0047O01S","Monahan Flat",4,"13E",NA,NA,"1997-09-01","1997-10-01",NA,NA,NA,100
"USS0047O01S","Monahan Flat",4,"13E",NA,NA,"1997-10-01","1997-11-01",NA,NA,NA,100
"USS0047O01S","Monahan Flat",4,"13E",NA,NA,"1997-11-01","1997-12-01",NA,NA,NA,100
"USS0047O01S","Monahan Flat",4,"13E",NA,NA,"1997-12-01","1998-01-01",NA,NA,NA,100
"USS0047O01S","Monahan Flat",4,"13E",NA,NA,"1998-01-01","1998-02-01",NA,NA,NA,100
"USS0047O01S","Monahan Flat",4,"13E",NA,NA,"1998-02-01","1998-03-01",NA,NA,NA,100
"USS0047O01S","Monahan Flat",4,"13E",NA,NA,"1998-03-01","1998-04-01",NA,NA,NA,100
"USS0047O01S","Monahan Flat",4,"13E",NA,NA,"1998-04-01","1998-05-01",NA,NA,NA,100
"USS0047O01S","Monahan Flat",4,"13E",NA,NA,"1998-05-01","1998-06-01",NA,NA,NA,100
"USS0047O01S","Monahan Flat",4,"13E",NA,NA,"1998-06-01","1998-07-01",NA,NA,NA,100
"USS0047O01S","Monahan Flat",4,"13E",NA,NA,"1998-07-01","1998-08-01",NA,NA,NA,100
"USS0047O01S","Monahan Flat",4,"13E",NA,NA,"1998-08-01","1998-09-01",NA,NA,NA,100
"USS0047O01S","Monahan Flat",4,"13E",NA,NA,"1998-09-01","1998-10-01",NA,NA,NA,100
"USS0047O01S","Monahan Flat",4,"13E",NA,NA,"1998-10-01","1998-11-01",NA,NA,NA,100
"USS0047O01S","Monahan Flat",4,"13E",NA,NA,"1998-11-01","1998-12-01",NA,NA,NA,100
"USS0047O01S","Monahan Flat",4,"13E",NA,NA,"1998-12-01","1999-01-01",NA,NA,NA,100
"USS0047O01S","Monahan Flat",4,"13E",NA,NA,"1999-01-01","1999-02-01",NA,NA,NA,100
"USS0047O01S","Monahan Flat",4,"13E",NA,NA,"1999-02-01","1999-03-01",NA,NA,NA,100
"USS0047O01S","Monahan Flat",4,"13E",NA,NA,"1999-03-01","1999-04-01",NA,NA,NA,100
"USS0047O01S","Monahan Flat",4,"13E",NA,NA,"1999-04-01","1999-05-01",NA,NA,NA,100
"USS0047O01S","Monahan Flat",4,"13E",NA,NA,"1999-05-01","1999-06-01",NA,NA,NA,100
"USS0047O01S","Monahan Flat",4,"13E",NA,NA,"1999-06-01","1999-07-01",NA,NA,NA,100
"USS0047O01S","Monahan Flat",4,"13E",NA,NA,"1999-07-01","1999-08-01",NA,NA,NA,100
"USS0047O01S","Monahan Flat",4,"13E",NA,NA,"1999-08-01","1999-09-01",NA,NA,NA,100
"USS0047O01S","Monahan Flat",4,"13E",NA,NA,"1999-09-01","1999-10-01",NA,NA,NA,100
"USS0047O01S","Monahan Flat",4,"13E",NA,NA,"1999-10-01","1999-11-01",NA,NA,NA,100
"USS0047O01S","Monahan Flat",4,"13E",NA,NA,"1999-11-01","1999-12-01",NA,NA,NA,100
"USS0047O01S","Monahan Flat",4,"13E",NA,NA,"1999-12-01","2000-01-01",NA,NA,NA,100
"USS0047O01S","Monahan Flat",4,"13E",NA,NA,"2000-01-01","2000-02-01",NA,NA,NA,100
"USS0047O01S","Monahan Flat",4,"13E",NA,NA,"2000-02-01","2000-03-01",NA,NA,NA,100
"USS0047O01S","Monahan Flat",4,"13E",NA,NA,"2000-03-01","2000-04-01",NA,NA,NA,100
"USS0047O01S","Monahan Flat",4,"13E",NA,NA,"2000-04-01","2000-05-01",NA,NA,NA,100
"USS0047O01S","Monahan Flat",4,"13E",NA,NA,"2000-05-01","2000-06-01",NA,NA,NA,100
"USS0047O01S","Monahan Flat",4,"13E",NA,NA,"2000-06-01","2000-07-01",NA,NA,NA,100
"USS0047O01S","Monahan Flat",4,"13E",NA,NA,"2000-07-01","2000-08-01",NA,NA,NA,100
"USS0047O01S","Monahan Flat",4,"13E",NA,NA,"2000-08-01","2000-09-01",NA,NA,NA,100
"USS0047O01S","Monahan Flat",4,"13E",NA,NA,"2000-09-01","2000-10-01",NA,NA,NA,100
"USS0047O01S","Monahan Flat",4,"13E",NA,NA,"2000-10-01","2000-11-01",NA,NA,NA,100
"USS0047O01S","Monahan Flat",4,"13E",NA,NA,"2000-11-01","2000-12-01",NA,NA,NA,100
"USS0047O01S","Monahan Flat",4,"13E",NA,NA,"2000-12-01","2001-01-01",NA,NA,NA,100
"USS0047O01S","Monahan Flat",4,"13E",NA,NA,"2001-01-01","2001-02-01",NA,NA,NA,100
"USS0047O01S","Monahan Flat",4,"13E",NA,NA,"2001-02-01","2001-03-01",NA,NA,NA,100
"USS0047O01S","Monahan Flat",4,"13E",NA,NA,"2001-03-01","2001-04-01",NA,NA,NA,100
"USS0047O01S","Monahan Flat",4,"13E",NA,NA,"2001-04-01","2001-05-01",NA,NA,NA,100
"USS0047O01S","Monahan Flat",4,"13E",NA,NA,"2001-05-01","2001-06-01",NA,NA,NA,100
"USS0047O01S","Monahan Flat",4,"13E",NA,NA,"2001-06-01","2001-07-01",NA,NA,NA,100
"USS0047O01S","Monahan Flat",4,"13E",NA,NA,"2001-07-01","2001-08-01",NA,NA,NA,100
"USS0047O01S","Monahan Flat",4,"13E",NA,NA,"2001-08-01","2001-09-01",NA,NA,NA,100
"USS0047O01S","Monahan Flat",4,"13E",NA,NA,"2001-09-01","2001-10-01",NA,NA,NA,100
"USS0047O01S","Monahan Flat",4,"13E",NA,NA,"2001-10-01","2001-11-01",NA,NA,NA,100
"USS0047O01S","Monahan Flat",4,"13E",NA,NA,"2001-11-01","2001-12-01",NA,NA,NA,100
"USS0047O01S","Monahan Flat",4,"13E",NA,NA,"2001-12-01","2002-01-01",NA,NA,NA,100
"USS0047O01S","Monahan Flat",4,"13E",NA,NA,"2002-01-01","2002-02-01",NA,NA,NA,100
"USS0047O01S","Monahan Flat",4,"13E",NA,NA,"2002-02-01","2002-03-01",NA,NA,NA,100
"USS0047O01S","Monahan Flat",4,"13E",NA,NA,"2002-03-01","2002-04-01",NA,NA,NA,100
"USS0047O01S","Monahan Flat",4,"13E",NA,NA,"2002-04-01","2002-05-01",NA,NA,NA,100
"USS0047O01S","Monahan Flat",4,"13E",NA,NA,"2002-05-01","2002-06-01",NA,NA,NA,100
"USS0047O01S","Monahan Flat",4,"13E",NA,NA,"2002-06-01","2002-07-01",NA,NA,NA,100
"USS0047O01S","Monahan Flat",4,"13E",NA,NA,"2002-07-01","2002-08-01",NA,NA,NA,100
"USS0047O01S","Monahan Flat",4,"13E",NA,NA,"2002-08-01","2002-09-01",NA,NA,NA,100
"USS0047O01S","Monahan Flat",4,"13E",NA,NA,"2002-09-01","2002-10-01",NA,NA,NA,100
"USS0047O01S","Monahan Flat",4,"13E",NA,NA,"2002-10-01","2002-11-01",NA,NA,NA,100
"USS0047O01S","Monahan Flat",4,"13E",NA,NA,"2002-11-01","2002-12-01",NA,NA,NA,100
"USS0047O01S","Monahan Flat",4,"13E",NA,NA,"2002-12-01","2003-01-01",NA,NA,NA,100
"USS0047O01S","Monahan Flat",4,"13E",NA,NA,"2003-01-01","2003-02-01",NA,NA,NA,100
"USS0047O01S","Monahan Flat",4,"13E",NA,NA,"2003-02-01","2003-03-01",NA,NA,NA,100
"USS0047O01S","Monahan Flat",4,"13E",NA,NA,"2003-03-01","2003-04-01",NA,NA,NA,100
"USS0047O01S","Monahan Flat",4,"13E",NA,NA,"2003-04-01","2003-05-01",NA,NA,NA,100
"USS0047O01S","Monahan Flat",4,"13E",NA,NA,"2003-05-01","2003-06-01",NA,NA,NA,100
"USS0047O01S","Monahan Flat",4,"13E",NA,NA,"2003-06-01","2003-07-01",NA,NA,NA,100
"USS0047O01S","Monahan Flat",4,"13E",NA,NA,"2003-07-01","2003-08-01",NA,NA,NA,100
"USS0047O01S","Monahan Flat",4,"13E",NA,NA,"2003-08-01","2003-09-01",NA,NA,NA,100
"USS0047O01S","Monahan Flat",4,"13E",NA,NA,"2003-09-01","2003-10-01",NA,NA,NA,100
"USS0047O01S","Monahan Flat",4,"13E",NA,NA,"2003-10-01","2003-11-01",NA,NA,NA,100
"USS0047O01S","Monahan Flat",4,"13E",NA,NA,"2003-11-01","2003-12-01",NA,NA,NA,100
"USS0047O01S","Monahan Flat",4,"13E",NA,NA,"2003-12-01","2004-01-01",NA,NA,NA,100
"USS0047O01S","Monahan Flat",4,"13E",NA,NA,"2004-01-01","2004-02-01",NA,NA,NA,100
"USS0047O01S","Monahan Flat",4,"13E",NA,NA,"2004-02-01","2004-03-01",NA,NA,NA,100
"USS0047O01S","Monahan Flat",4,"13E",NA,NA,"2004-03-01","2004-04-01",NA,NA,NA,100
"USS0047O01S","Monahan Flat",4,"13E",NA,NA,"2004-04-01","2004-05-01",NA,NA,NA,100
"USS0047O01S","Monahan Flat",4,"13E",NA,NA,"2004-05-01","2004-06-01",NA,NA,NA,100
"USS0047O01S","Monahan Flat",4,"13E",NA,NA,"2004-06-01","2004-07-01",NA,NA,NA,100
"USS0047O01S","Monahan Flat",4,"13E",NA,NA,"2004-07-01","2004-08-01",NA,NA,NA,100
"USS0047O01S","Monahan Flat",4,"13E",NA,NA,"2004-08-01","2004-09-01",NA,NA,NA,100
"USS0047O01S","Monahan Flat",4,"13E",NA,NA,"2004-09-01","2004-10-01",NA,NA,NA,100
"USS0047O01S","Monahan Flat",4,"13E",NA,NA,"2004-10-01","2004-11-01",NA,NA,NA,100
"USS0047O01S","Monahan Flat",4,"13E",NA,NA,"2004-11-01","2004-12-01",NA,NA,NA,100
"USS0047O01S","Monahan Flat",4,"13E",NA,NA,"2004-12-01","2005-01-01",NA,NA,NA,100
"USS0047O01S","Monahan Flat",4,"13E",NA,NA,"2005-01-01","2005-02-01",NA,NA,NA,100
"USS0047O01S","Monahan Flat",4,"13E",NA,NA,"2005-02-01","2005-03-01",NA,NA,NA,100
"USS0047O01S","Monahan Flat",4,"13E",NA,NA,"2005-03-01","2005-04-01",NA,NA,NA,100
"USS0047O01S","Monahan Flat",4,"13E",NA,NA,"2005-04-01","2005-05-01",NA,NA,NA,100
"USS0047O01S","Monahan Flat",4,"13E",NA,NA,"2005-05-01","2005-06-01",NA,NA,NA,100
"USS0047O01S","Monahan Flat",4,"13E",NA,NA,"2005-06-01","2005-07-01",NA,NA,NA,100
"USS0047O01S","Monahan Flat",4,"13E",NA,NA,"2005-07-01","2005-08-01",NA,NA,NA,100
"USS0047O01S","Monahan Flat",4,"13E",NA,NA,"2005-08-01","2005-09-01",NA,NA,NA,100
"USS0047O01S","Monahan Flat",4,"13E",NA,NA,"2005-09-01","2005-10-01",NA,NA,NA,100
"USS0047O01S","Monahan Flat",4,"13E",NA,NA,"2005-10-01","2005-11-01",NA,NA,NA,100
"USS0047O01S","Monahan Flat",4,"13E",NA,NA,"2005-11-01","2005-12-01",NA,NA,NA,100
"USS0047O01S","Monahan Flat",4,"13E",NA,NA,"2005-12-01","2006-01-01",NA,NA,NA,100
"USS0047O01S","Monahan Flat",4,"13E",NA,NA,"2006-01-01","2006-02-01",NA,NA,NA,100
"USS0047O01S","Monahan Flat",4,"13E",NA,NA,"2006-02-01","2006-03-01",NA,NA,NA,100
"USS0047O01S","Monahan Flat",4,"13E",NA,NA,"2006-03-01","2006-04-01",NA,NA,NA,100
"USS0047O01S","Monahan Flat",4,"13E",NA,NA,"2006-04-01","2006-05-01",NA,NA,NA,100
"USS0047O01S","Monahan Flat",4,"13E",NA,NA,"2006-05-01","2006-06-01",NA,NA,NA,100
"USS0047O01S","Monahan Flat",4,"13E",NA,NA,"2006-06-01","2006-07-01",NA,NA,NA,100
"USS0047O01S","Monahan Flat",4,"13E",NA,NA,"2006-07-01","2006-08-01",NA,NA,NA,100
"USS0047O01S","Monahan Flat",4,"13E",NA,NA,"2006-08-01","2006-09-01",NA,NA,NA,100
"USS0047O01S","Monahan Flat",4,"13E",NA,NA,"2006-09-01","2006-10-01",NA,NA,NA,100
"USS0047O01S","Monahan Flat",4,"13E",NA,NA,"2006-10-01","2006-11-01",NA,NA,NA,100
"USS0047O01S","Monahan Flat",4,"13E",NA,NA,"2006-11-01","2006-12-01",NA,NA,NA,100
"USS0047O01S","Monahan Flat",4,"13E",NA,NA,"2006-12-01","2007-01-01",NA,NA,NA,100
"USS0047O01S","Monahan Flat",4,"13E",NA,NA,"2007-01-01","2007-02-01",NA,NA,NA,100
"USS0047O01S","Monahan Flat",4,"13E",NA,NA,"2007-02-01","2007-03-01",NA,NA,NA,100
"USS0047O01S","Monahan Flat",4,"13E",NA,NA,"2007-03-01","2007-04-01",NA,NA,NA,100
"USS0047O01S","Monahan Flat",4,"13E",NA,NA,"2007-04-01","2007-05-01",NA,NA,NA,100
"USS0047O01S","Monahan Flat",4,"13E",NA,NA,"2007-05-01","2007-06-01",NA,NA,NA,100
"USS0047O01S","Monahan Flat",4,"13E",NA,NA,"2007-06-01","2007-07-01",NA,NA,NA,100
"USS0047O01S","Monahan Flat",4,"13E",NA,NA,"2007-07-01","2007-08-01",NA,NA,NA,100
"USS0047O01S","Monahan Flat",4,"13E",NA,NA,"2007-08-01","2007-09-01",NA,NA,NA,100
"USS0047O01S","Monahan Flat",4,"13E","2007","09","2007-09-01","2007-10-01",0,0,0,97
"USS0047O01S","Monahan Flat",4,"13E","2007","10","2007-10-01","2007-11-01",0.966471932943866,0,5.98425196850394,0
"USS0047O01S","Monahan Flat",4,"13E","2007","11","2007-11-01","2007-12-01",10.8372703412073,7.00787401574803,15.9842519685039,0
"USS0047O01S","Monahan Flat",4,"13E","2007","12","2007-12-01","2008-01-01",16.7754635509271,10.9842519685039,20,0
"USS0047O01S","Monahan Flat",4,"13E","2008","01","2008-01-01","2008-02-01",22.4231648463297,17.992125984252,25.9842519685039,0
"USS0047O01S","Monahan Flat",4,"13E","2008","02","2008-02-01","2008-03-01",24.963345099104,22.992125984252,27.992125984252,0
"USS0047O01S","Monahan Flat",4,"13E","2008","03","2008-03-01","2008-04-01",27.997205994412,27.007874015748,29.0157480314961,0
"USS0047O01S","Monahan Flat",4,"13E","2008","04","2008-04-01","2008-05-01",29.8018372703412,25.9842519685039,32.007874015748,0
"USS0047O01S","Monahan Flat",4,"13E","2008","05","2008-05-01","2008-06-01",11.7068834137668,0,25.9842519685039,0
"USS0047O01S","Monahan Flat",4,"13E","2008","06","2008-06-01","2008-07-01",0,0,0,0
"USS0047O01S","Monahan Flat",4,"13E","2008","07","2008-07-01","2008-08-01",0,0,0,0
"USS0047O01S","Monahan Flat",4,"13E","2008","08","2008-08-01","2008-09-01",0,0,0,0
"USS0047O01S","Monahan Flat",4,"13E","2008","09","2008-09-01","2008-10-01",0,0,0,0
"USS0047O01S","Monahan Flat",4,"13E","2008","10","2008-10-01","2008-11-01",9.35737871475743,0,15.9842519685039,0
"USS0047O01S","Monahan Flat",4,"13E","2008","11","2008-11-01","2008-12-01",17.001312335958,12.992125984252,25,0
"USS0047O01S","Monahan Flat",4,"13E","2008","12","2008-12-01","2009-01-01",24.5808991617983,22.007874015748,27.007874015748,0
"USS0047O01S","Monahan Flat",4,"13E","2009","01","2009-01-01","2009-02-01",27.0967741935484,25,32.007874015748,0
"USS0047O01S","Monahan Flat",4,"13E","2009","02","2009-02-01","2009-03-01",33.2185039370079,30.9842519685039,37.007874015748,0
"USS0047O01S","Monahan Flat",4,"13E","2009","03","2009-03-01","2009-04-01",38.489966979934,35,44.0157480314961,0
"USS0047O01S","Monahan Flat",4,"13E","2009","04","2009-04-01","2009-05-01",38.2690288713911,32.992125984252,40.9842519685039,0
"USS0047O01S","Monahan Flat",4,"13E","2009","05","2009-05-01","2009-06-01",16.6141732283465,0,32.007874015748,0
"USS0047O01S","Monahan Flat",4,"13E","2009","06","2009-06-01","2009-07-01",0,0,0,0
"USS0047O01S","Monahan Flat",4,"13E","2009","07","2009-07-01","2009-08-01",0,0,0,0
"USS0047O01S","Monahan Flat",4,"13E","2009","08","2009-08-01","2009-09-01",0,0,0,0
"USS0047O01S","Monahan Flat",4,"13E","2009","09","2009-09-01","2009-10-01",0,0,0,0
"USS0047O01S","Monahan Flat",4,"13E","2009","10","2009-10-01","2009-11-01",0.998221996443993,0,2.00787401574803,0
"USS0047O01S","Monahan Flat",4,"13E","2009","11","2009-11-01","2009-12-01",5.70472440944882,2.00787401574803,7.99212598425197,0
"USS0047O01S","Monahan Flat",4,"13E","2009","12","2009-12-01","2010-01-01",10.9613919227838,7.99212598425197,15.9842519685039,0
"USS0047O01S","Monahan Flat",4,"13E","2010","01","2010-01-01","2010-02-01",16.6408432816866,12.992125984252,22.992125984252,0
"USS0047O01S","Monahan Flat",4,"13E","2010","02","2010-02-01","2010-03-01",18.4617547806524,17.992125984252,20,0
"USS0047O01S","Monahan Flat",4,"13E","2010","03","2010-03-01","2010-04-01",21.7157734315469,20,22.992125984252,0
"USS0047O01S","Monahan Flat",4,"13E","2010","04","2010-04-01","2010-05-01",21.7309711286089,14.0157480314961,24.0157480314961,0
"USS0047O01S","Monahan Flat",4,"13E","2010","05","2010-05-01","2010-06-01",5.03175006350013,0,12.992125984252,0
"USS0047O01S","Monahan Flat",4,"13E","2010","06","2010-06-01","2010-07-01",0,0,0,0
"USS0047O01S","Monahan Flat",4,"13E","2010","07","2010-07-01","2010-08-01",0,0,0,0
"USS0047O01S","Monahan Flat",4,"13E","2010","08","2010-08-01","2010-09-01",0,0,0,0
"USS0047O01S","Monahan Flat",4,"13E","2010","09","2010-09-01","2010-10-01",0,0,0,0
"USS0047O01S","Monahan Flat",4,"13E","2010","10","2010-10-01","2010-11-01",0.32258064516129,0,2.99212598425197,0
"USS0047O01S","Monahan Flat",4,"13E","2010","11","2010-11-01","2010-12-01",12.2073490813648,2.00787401574803,19.0157480314961,0
"USS0047O01S","Monahan Flat",4,"13E","2010","12","2010-12-01","2011-01-01",15.8343916687833,15,17.007874015748,0
"USS0047O01S","Monahan Flat",4,"13E","2011","01","2011-01-01","2011-02-01",21.4782829565659,20.9842519685039,22.992125984252,0
"USS0047O01S","Monahan Flat",4,"13E","2011","02","2011-02-01","2011-03-01",27.4325084364454,24.0157480314961,32.007874015748,0
"USS0047O01S","Monahan Flat",4,"13E","2011","03","2011-03-01","2011-04-01",30.9334518669037,30,35,0
"USS0047O01S","Monahan Flat",4,"13E","2011","04","2011-04-01","2011-05-01",35.7007874015748,27.007874015748,40.9842519685039,0
"USS0047O01S","Monahan Flat",4,"13E","2011","05","2011-05-01","2011-06-01",13.8392176784354,0,25.9842519685039,0
"USS0047O01S","Monahan Flat",4,"13E","2011","06","2011-06-01","2011-07-01",0,0,0,0
"USS0047O01S","Monahan Flat",4,"13E","2011","07","2011-07-01","2011-08-01",0,0,0,0
"USS0047O01S","Monahan Flat",4,"13E","2011","08","2011-08-01","2011-09-01",0,0,0,0
"USS0047O01S","Monahan Flat",4,"13E","2011","09","2011-09-01","2011-10-01",0,0,0,0
"USS0047O01S","Monahan Flat",4,"13E","2011","10","2011-10-01","2011-11-01",2.3253746507493,0,7.00787401574803,0
"USS0047O01S","Monahan Flat",4,"13E","2011","11","2011-11-01","2011-12-01",11.1286089238845,2.99212598425197,15.9842519685039,0
"USS0047O01S","Monahan Flat",4,"13E","2011","12","2011-12-01","2012-01-01",23.3210566421133,15.9842519685039,25.9842519685039,0
"USS0047O01S","Monahan Flat",4,"13E","2012","01","2012-01-01","2012-02-01",31.4135128270257,24.0157480314961,35.9842519685039,0
"USS0047O01S","Monahan Flat",4,"13E","2012","02","2012-02-01","2012-03-01",36.7200651642683,34.0157480314961,42.007874015748,0
"USS0047O01S","Monahan Flat",4,"13E","2012","03","2012-03-01","2012-04-01",39.5847091694183,37.992125984252,42.007874015748,0
"USS0047O01S","Monahan Flat",4,"13E","2012","04","2012-04-01","2012-05-01",38.7664041994751,35.9842519685039,42.007874015748,0
"USS0047O01S","Monahan Flat",4,"13E","2012","05","2012-05-01","2012-06-01",21.7056134112268,0,37.007874015748,0
"USS0047O01S","Monahan Flat",4,"13E","2012","06","2012-06-01","2012-07-01",0,0,0,0
"USS0047O01S","Monahan Flat",4,"13E","2012","07","2012-07-01","2012-08-01",0,0,0,0
"USS0047O01S","Monahan Flat",4,"13E","2012","08","2012-08-01","2012-09-01",0,0,0,0
"USS0047O01S","Monahan Flat",4,"13E","2012","09","2012-09-01","2012-10-01",0,0,0,0
"USS0047O01S","Monahan Flat",4,"13E","2012","10","2012-10-01","2012-11-01",0.287020574041148,0,2.99212598425197,0
"USS0047O01S","Monahan Flat",4,"13E","2012","11","2012-11-01","2012-12-01",3.8005249343832,0,10.9842519685039,0
"USS0047O01S","Monahan Flat",4,"13E","2012","12","2012-12-01","2013-01-01",10.6159512319025,2.00787401574803,19.0157480314961,0
"USS0047O01S","Monahan Flat",4,"13E","2013","01","2013-01-01","2013-02-01",15.740411480823,12.007874015748,22.992125984252,0
"USS0047O01S","Monahan Flat",4,"13E","2013","02","2013-02-01","2013-03-01",24.5697412823397,20.9842519685039,27.007874015748,0
"USS0047O01S","Monahan Flat",4,"13E","2013","03","2013-03-01","2013-04-01",26,25,27.007874015748,68
"USS0047O01S","Monahan Flat",4,"13E",NA,NA,"2013-04-01","2013-05-01",NA,NA,NA,100
"USS0047O01S","Monahan Flat",4,"13E","2013","05","2013-05-01","2013-06-01",0,0,0,97
"USS0047O01S","Monahan Flat",4,"13E","2013","06","2013-06-01","2013-07-01",0,0,0,0
"USS0047O01S","Monahan Flat",4,"13E","2013","07","2013-07-01","2013-08-01",0,0,0,0
"USS0047O01S","Monahan Flat",4,"13E","2013","08","2013-08-01","2013-09-01",0,0,0,0
"USS0047O01S","Monahan Flat",4,"13E","2013","09","2013-09-01","2013-10-01",0,0,0,0
"USS0047O01S","Monahan Flat",4,"13E","2013","10","2013-10-01","2013-11-01",0,0,0,0
"USS0047O01S","Monahan Flat",4,"13E","2013","11","2013-11-01","2013-12-01",13.0997375328084,5.98425196850394,20,0
"USS0047O01S","Monahan Flat",4,"13E","2013","12","2013-12-01","2014-01-01",19.258318516637,15.9842519685039,22.007874015748,0
"USS0047O01S","Monahan Flat",4,"13E","2014","01","2014-01-01","2014-02-01",25.5181610363221,22.007874015748,27.992125984252,0
"USS0047O01S","Monahan Flat",4,"13E","2014","02","2014-02-01","2014-03-01",24.4333520809899,22.992125984252,25,0
"USS0047O01S","Monahan Flat",4,"13E","2014","03","2014-03-01","2014-04-01",28.6245872491745,25,30,0
"USS0047O01S","Monahan Flat",4,"13E","2014","04","2014-04-01","2014-05-01",29.8359580052493,29.0157480314961,30.9842519685039,0
"USS0047O01S","Monahan Flat",4,"13E","2014","05","2014-05-01","2014-06-01",13.1305562611125,0,29.0157480314961,0
"USS0047O01S","Monahan Flat",4,"13E","2014","06","2014-06-01","2014-07-01",0,0,0,0
"USS0047O01S","Monahan Flat",4,"13E","2014","07","2014-07-01","2014-08-01",0,0,0,0
"USS0047O01S","Monahan Flat",4,"13E","2014","08","2014-08-01","2014-09-01",0,0,0,0
"USS0047O01S","Monahan Flat",4,"13E","2014","09","2014-09-01","2014-10-01",0,0,0,0
"USS0047O01S","Monahan Flat",4,"13E","2014","10","2014-10-01","2014-11-01",5.16129032258065,0,10,0
"USS0047O01S","Monahan Flat",4,"13E","2014","11","2014-11-01","2014-12-01",6.69160104986877,5.98425196850394,9.01574803149606,0
"USS0047O01S","Monahan Flat",4,"13E","2014","12","2014-12-01","2015-01-01",12.9654559309119,10,17.007874015748,0
"USS0047O01S","Monahan Flat",4,"13E","2015","01","2015-01-01","2015-02-01",17.3837947675895,15.9842519685039,20.9842519685039,0
"USS0047O01S","Monahan Flat",4,"13E","2015","02","2015-02-01","2015-03-01",18.6867266591676,17.007874015748,20,0
"USS0047O01S","Monahan Flat",4,"13E","2015","03","2015-03-01","2015-04-01",24.1986283972568,19.0157480314961,27.007874015748,0
"USS0047O01S","Monahan Flat",4,"13E","2015","04","2015-04-01","2015-05-01",23.8398950131234,20.9842519685039,25.9842519685039,0
"USS0047O01S","Monahan Flat",4,"13E","2015","05","2015-05-01","2015-06-01",7.19202438404877,0,20.9842519685039,0
"USS0047O01S","Monahan Flat",4,"13E","2015","06","2015-06-01","2015-07-01",0,0,0,0
"USS0047O01S","Monahan Flat",4,"13E","2015","07","2015-07-01","2015-08-01",0,0,0,0
"USS0047O01S","Monahan Flat",4,"13E","2015","08","2015-08-01","2015-09-01",0,0,0,0
"USS0047O01S","Monahan Flat",4,"13E","2015","09","2015-09-01","2015-10-01",0.398950131233596,0,5.98425196850394,0
"USS0047O01S","Monahan Flat",4,"13E","2015","10","2015-10-01","2015-11-01",8.83667767335535,5.98425196850394,12.992125984252,0
"USS0047O01S","Monahan Flat",4,"13E","2015","11","2015-11-01","2015-12-01",20.8674540682415,14.0157480314961,32.992125984252,0
"USS0047O01S","Monahan Flat",4,"13E","2015","12","2015-12-01","2016-01-01",30.7988315976632,27.992125984252,32.992125984252,0
"USS0047O01S","Monahan Flat",4,"13E","2016","01","2016-01-01","2016-02-01",31.3144526289053,30,34.0157480314961,0
"USS0047O01S","Monahan Flat",4,"13E","2016","02","2016-02-01","2016-03-01",32.8265001357589,32.007874015748,34.0157480314961,0
"USS0047O01S","Monahan Flat",4,"13E","2016","03","2016-03-01","2016-04-01",34.1605283210566,32.007874015748,39.0157480314961,0
"USS0047O01S","Monahan Flat",4,"13E","2016","04","2016-04-01","2016-05-01",33.8687664041995,30,35.9842519685039,0
"USS0047O01S","Monahan Flat",4,"13E","2016","05","2016-05-01","2016-06-01",11.1290322580645,0,30,0
"USS0047O01S","Monahan Flat",4,"13E","2016","06","2016-06-01","2016-07-01",0,0,0,0
"USS0047O01S","Monahan Flat",4,"13E","2016","07","2016-07-01","2016-08-01",0,0,0,0
"USS0047O01S","Monahan Flat",4,"13E","2016","08","2016-08-01","2016-09-01",0,0,0,0
"USS0047O01S","Monahan Flat",4,"13E","2016","09","2016-09-01","2016-10-01",0,0,0,0
"USS0047O01S","Monahan Flat",4,"13E","2016","10","2016-10-01","2016-11-01",0.935991871983744,0,2.99212598425197,0
"USS0047O01S","Monahan Flat",4,"13E","2016","11","2016-11-01","2016-12-01",4.26902887139108,2.00787401574803,7.00787401574803,0
"USS0047O01S","Monahan Flat",4,"13E","2016","12","2016-12-01","2017-01-01",9.41706883413767,5.98425196850394,17.007874015748,0
"USS0047O01S","Monahan Flat",4,"13E","2017","01","2017-01-01","2017-02-01",15.8737617475235,12.007874015748,19.0157480314961,0
"USS0047O01S","Monahan Flat",4,"13E","2017","02","2017-02-01","2017-03-01",18.6037682789651,14.0157480314961,24.0157480314961,0
"USS0047O01S","Monahan Flat",4,"13E","2017","03","2017-03-01","2017-04-01",21.9723139446279,20.9842519685039,24.0157480314961,0
"USS0047O01S","Monahan Flat",4,"13E","2017","04","2017-04-01","2017-05-01",20.5341207349081,15,22.007874015748,0
"USS0047O01S","Monahan Flat",4,"13E","2017","05","2017-05-01","2017-06-01",4.42087884175768,0,14.0157480314961,0
"USS0047O01S","Monahan Flat",4,"13E","2017","06","2017-06-01","2017-07-01",0,0,0,0
"USS0047O01S","Monahan Flat",4,"13E","2017","07","2017-07-01","2017-08-01",0,0,0,0
"USS0047O01S","Monahan Flat",4,"13E","2017","08","2017-08-01","2017-09-01",0,0,0,0
"USS0047O01S","Monahan Flat",4,"13E","2017","09","2017-09-01","2017-10-01",0,0,0,0
"USS0047O01S","Monahan Flat",4,"13E","2017","10","2017-10-01","2017-11-01",4.70535941071882,0,10.9842519685039,0
"USS0047O01S","Monahan Flat",4,"13E","2017","11","2017-11-01","2017-12-01",11.997375328084,10,14.0157480314961,0
"USS0047O01S","Monahan Flat",4,"13E","2017","12","2017-12-01","2018-01-01",19.8691897383795,12.992125984252,24.0157480314961,0
"USS0047O01S","Monahan Flat",4,"13E","2018","01","2018-01-01","2018-02-01",24.4513589027178,20,27.992125984252,0
"USS0047O01S","Monahan Flat",4,"13E","2018","02","2018-02-01","2018-03-01",30.1392013498313,25,35.9842519685039,0
"USS0047O01S","Monahan Flat",4,"13E","2018","03","2018-03-01","2018-04-01",35.2247904495809,32.007874015748,37.992125984252,0
"USS0047O01S","Monahan Flat",4,"13E","2018","04","2018-04-01","2018-05-01",31.001312335958,25.9842519685039,35,0
"USS0047O01S","Monahan Flat",4,"13E","2018","05","2018-05-01","2018-06-01",9.99872999745999,0,25.9842519685039,0
"USS0047O01S","Monahan Flat",4,"13E","2018","06","2018-06-01","2018-07-01",0,0,0,0
"USS0047O01S","Monahan Flat",4,"13E","2018","07","2018-07-01","2018-08-01",0,0,0,0
"USS0047O01S","Monahan Flat",4,"13E","2018","08","2018-08-01","2018-09-01",0,0,0,0
"USS0047O01S","Monahan Flat",4,"13E","2018","09","2018-09-01","2018-10-01",0,0,0,0
"USS0047O01S","Monahan Flat",4,"13E","2018","10","2018-10-01","2018-11-01",0.548641097282195,0,5,0
"USS0047O01S","Monahan Flat",4,"13E","2018","11","2018-11-01","2018-12-01",6.80314960629921,4.01574803149606,10.9842519685039,0
