"ID","Name","Region","Unit","YEAR","MONTH","START","END","SNWDavg_in","SNWDmin_in","SNWDmax_in","MISSING_pcnt"
"USS0050N07S","Susitna Valley High",4,"14B",NA,NA,"1980-01-01","1980-02-01",NA,NA,NA,100
"USS0050N07S","Susitna Valley High",4,"14B",NA,NA,"1980-02-01","1980-03-01",NA,NA,NA,100
"USS0050N07S","Susitna Valley High",4,"14B",NA,NA,"1980-03-01","1980-04-01",NA,NA,NA,100
"USS0050N07S","Susitna Valley High",4,"14B",NA,NA,"1980-04-01","1980-05-01",NA,NA,NA,100
"USS0050N07S","Susitna Valley High",4,"14B",NA,NA,"1980-05-01","1980-06-01",NA,NA,NA,100
"USS0050N07S","Susitna Valley High",4,"14B",NA,NA,"1980-06-01","1980-07-01",NA,NA,NA,100
"USS0050N07S","Susitna Valley High",4,"14B",NA,NA,"1980-07-01","1980-08-01",NA,NA,NA,100
"USS0050N07S","Susitna Valley High",4,"14B",NA,NA,"1980-08-01","1980-09-01",NA,NA,NA,100
"USS0050N07S","Susitna Valley High",4,"14B",NA,NA,"1980-09-01","1980-10-01",NA,NA,NA,100
"USS0050N07S","Susitna Valley High",4,"14B",NA,NA,"1980-10-01","1980-11-01",NA,NA,NA,100
"USS0050N07S","Susitna Valley High",4,"14B",NA,NA,"1980-11-01","1980-12-01",NA,NA,NA,100
"USS0050N07S","Susitna Valley High",4,"14B",NA,NA,"1980-12-01","1981-01-01",NA,NA,NA,100
"USS0050N07S","Susitna Valley High",4,"14B",NA,NA,"1981-01-01","1981-02-01",NA,NA,NA,100
"USS0050N07S","Susitna Valley High",4,"14B",NA,NA,"1981-02-01","1981-03-01",NA,NA,NA,100
"USS0050N07S","Susitna Valley High",4,"14B",NA,NA,"1981-03-01","1981-04-01",NA,NA,NA,100
"USS0050N07S","Susitna Valley High",4,"14B",NA,NA,"1981-04-01","1981-05-01",NA,NA,NA,100
"USS0050N07S","Susitna Valley High",4,"14B",NA,NA,"1981-05-01","1981-06-01",NA,NA,NA,100
"USS0050N07S","Susitna Valley High",4,"14B",NA,NA,"1981-06-01","1981-07-01",NA,NA,NA,100
"USS0050N07S","Susitna Valley High",4,"14B",NA,NA,"1981-07-01","1981-08-01",NA,NA,NA,100
"USS0050N07S","Susitna Valley High",4,"14B",NA,NA,"1981-08-01","1981-09-01",NA,NA,NA,100
"USS0050N07S","Susitna Valley High",4,"14B",NA,NA,"1981-09-01","1981-10-01",NA,NA,NA,100
"USS0050N07S","Susitna Valley High",4,"14B",NA,NA,"1981-10-01","1981-11-01",NA,NA,NA,100
"USS0050N07S","Susitna Valley High",4,"14B",NA,NA,"1981-11-01","1981-12-01",NA,NA,NA,100
"USS0050N07S","Susitna Valley High",4,"14B",NA,NA,"1981-12-01","1982-01-01",NA,NA,NA,100
"USS0050N07S","Susitna Valley High",4,"14B",NA,NA,"1982-01-01","1982-02-01",NA,NA,NA,100
"USS0050N07S","Susitna Valley High",4,"14B",NA,NA,"1982-02-01","1982-03-01",NA,NA,NA,100
"USS0050N07S","Susitna Valley High",4,"14B",NA,NA,"1982-03-01","1982-04-01",NA,NA,NA,100
"USS0050N07S","Susitna Valley High",4,"14B",NA,NA,"1982-04-01","1982-05-01",NA,NA,NA,100
"USS0050N07S","Susitna Valley High",4,"14B",NA,NA,"1982-05-01","1982-06-01",NA,NA,NA,100
"USS0050N07S","Susitna Valley High",4,"14B",NA,NA,"1982-06-01","1982-07-01",NA,NA,NA,100
"USS0050N07S","Susitna Valley High",4,"14B",NA,NA,"1982-07-01","1982-08-01",NA,NA,NA,100
"USS0050N07S","Susitna Valley High",4,"14B",NA,NA,"1982-08-01","1982-09-01",NA,NA,NA,100
"USS0050N07S","Susitna Valley High",4,"14B",NA,NA,"1982-09-01","1982-10-01",NA,NA,NA,100
"USS0050N07S","Susitna Valley High",4,"14B",NA,NA,"1982-10-01","1982-11-01",NA,NA,NA,100
"USS0050N07S","Susitna Valley High",4,"14B",NA,NA,"1982-11-01","1982-12-01",NA,NA,NA,100
"USS0050N07S","Susitna Valley High",4,"14B",NA,NA,"1982-12-01","1983-01-01",NA,NA,NA,100
"USS0050N07S","Susitna Valley High",4,"14B",NA,NA,"1983-01-01","1983-02-01",NA,NA,NA,100
"USS0050N07S","Susitna Valley High",4,"14B",NA,NA,"1983-02-01","1983-03-01",NA,NA,NA,100
"USS0050N07S","Susitna Valley High",4,"14B",NA,NA,"1983-03-01","1983-04-01",NA,NA,NA,100
"USS0050N07S","Susitna Valley High",4,"14B",NA,NA,"1983-04-01","1983-05-01",NA,NA,NA,100
"USS0050N07S","Susitna Valley High",4,"14B",NA,NA,"1983-05-01","1983-06-01",NA,NA,NA,100
"USS0050N07S","Susitna Valley High",4,"14B",NA,NA,"1983-06-01","1983-07-01",NA,NA,NA,100
"USS0050N07S","Susitna Valley High",4,"14B",NA,NA,"1983-07-01","1983-08-01",NA,NA,NA,100
"USS0050N07S","Susitna Valley High",4,"14B",NA,NA,"1983-08-01","1983-09-01",NA,NA,NA,100
"USS0050N07S","Susitna Valley High",4,"14B",NA,NA,"1983-09-01","1983-10-01",NA,NA,NA,100
"USS0050N07S","Susitna Valley High",4,"14B",NA,NA,"1983-10-01","1983-11-01",NA,NA,NA,100
"USS0050N07S","Susitna Valley High",4,"14B",NA,NA,"1983-11-01","1983-12-01",NA,NA,NA,100
"USS0050N07S","Susitna Valley High",4,"14B",NA,NA,"1983-12-01","1984-01-01",NA,NA,NA,100
"USS0050N07S","Susitna Valley High",4,"14B",NA,NA,"1984-01-01","1984-02-01",NA,NA,NA,100
"USS0050N07S","Susitna Valley High",4,"14B",NA,NA,"1984-02-01","1984-03-01",NA,NA,NA,100
"USS0050N07S","Susitna Valley High",4,"14B",NA,NA,"1984-03-01","1984-04-01",NA,NA,NA,100
"USS0050N07S","Susitna Valley High",4,"14B",NA,NA,"1984-04-01","1984-05-01",NA,NA,NA,100
"USS0050N07S","Susitna Valley High",4,"14B",NA,NA,"1984-05-01","1984-06-01",NA,NA,NA,100
"USS0050N07S","Susitna Valley High",4,"14B",NA,NA,"1984-06-01","1984-07-01",NA,NA,NA,100
"USS0050N07S","Susitna Valley High",4,"14B",NA,NA,"1984-07-01","1984-08-01",NA,NA,NA,100
"USS0050N07S","Susitna Valley High",4,"14B",NA,NA,"1984-08-01","1984-09-01",NA,NA,NA,100
"USS0050N07S","Susitna Valley High",4,"14B",NA,NA,"1984-09-01","1984-10-01",NA,NA,NA,100
"USS0050N07S","Susitna Valley High",4,"14B",NA,NA,"1984-10-01","1984-11-01",NA,NA,NA,100
"USS0050N07S","Susitna Valley High",4,"14B",NA,NA,"1984-11-01","1984-12-01",NA,NA,NA,100
"USS0050N07S","Susitna Valley High",4,"14B",NA,NA,"1984-12-01","1985-01-01",NA,NA,NA,100
"USS0050N07S","Susitna Valley High",4,"14B",NA,NA,"1985-01-01","1985-02-01",NA,NA,NA,100
"USS0050N07S","Susitna Valley High",4,"14B",NA,NA,"1985-02-01","1985-03-01",NA,NA,NA,100
"USS0050N07S","Susitna Valley High",4,"14B",NA,NA,"1985-03-01","1985-04-01",NA,NA,NA,100
"USS0050N07S","Susitna Valley High",4,"14B",NA,NA,"1985-04-01","1985-05-01",NA,NA,NA,100
"USS0050N07S","Susitna Valley High",4,"14B",NA,NA,"1985-05-01","1985-06-01",NA,NA,NA,100
"USS0050N07S","Susitna Valley High",4,"14B",NA,NA,"1985-06-01","1985-07-01",NA,NA,NA,100
"USS0050N07S","Susitna Valley High",4,"14B",NA,NA,"1985-07-01","1985-08-01",NA,NA,NA,100
"USS0050N07S","Susitna Valley High",4,"14B",NA,NA,"1985-08-01","1985-09-01",NA,NA,NA,100
"USS0050N07S","Susitna Valley High",4,"14B",NA,NA,"1985-09-01","1985-10-01",NA,NA,NA,100
"USS0050N07S","Susitna Valley High",4,"14B",NA,NA,"1985-10-01","1985-11-01",NA,NA,NA,100
"USS0050N07S","Susitna Valley High",4,"14B",NA,NA,"1985-11-01","1985-12-01",NA,NA,NA,100
"USS0050N07S","Susitna Valley High",4,"14B",NA,NA,"1985-12-01","1986-01-01",NA,NA,NA,100
"USS0050N07S","Susitna Valley High",4,"14B",NA,NA,"1986-01-01","1986-02-01",NA,NA,NA,100
"USS0050N07S","Susitna Valley High",4,"14B",NA,NA,"1986-02-01","1986-03-01",NA,NA,NA,100
"USS0050N07S","Susitna Valley High",4,"14B",NA,NA,"1986-03-01","1986-04-01",NA,NA,NA,100
"USS0050N07S","Susitna Valley High",4,"14B",NA,NA,"1986-04-01","1986-05-01",NA,NA,NA,100
"USS0050N07S","Susitna Valley High",4,"14B",NA,NA,"1986-05-01","1986-06-01",NA,NA,NA,100
"USS0050N07S","Susitna Valley High",4,"14B",NA,NA,"1986-06-01","1986-07-01",NA,NA,NA,100
"USS0050N07S","Susitna Valley High",4,"14B",NA,NA,"1986-07-01","1986-08-01",NA,NA,NA,100
"USS0050N07S","Susitna Valley High",4,"14B",NA,NA,"1986-08-01","1986-09-01",NA,NA,NA,100
"USS0050N07S","Susitna Valley High",4,"14B",NA,NA,"1986-09-01","1986-10-01",NA,NA,NA,100
"USS0050N07S","Susitna Valley High",4,"14B",NA,NA,"1986-10-01","1986-11-01",NA,NA,NA,100
"USS0050N07S","Susitna Valley High",4,"14B",NA,NA,"1986-11-01","1986-12-01",NA,NA,NA,100
"USS0050N07S","Susitna Valley High",4,"14B",NA,NA,"1986-12-01","1987-01-01",NA,NA,NA,100
"USS0050N07S","Susitna Valley High",4,"14B",NA,NA,"1987-01-01","1987-02-01",NA,NA,NA,100
"USS0050N07S","Susitna Valley High",4,"14B",NA,NA,"1987-02-01","1987-03-01",NA,NA,NA,100
"USS0050N07S","Susitna Valley High",4,"14B",NA,NA,"1987-03-01","1987-04-01",NA,NA,NA,100
"USS0050N07S","Susitna Valley High",4,"14B",NA,NA,"1987-04-01","1987-05-01",NA,NA,NA,100
"USS0050N07S","Susitna Valley High",4,"14B",NA,NA,"1987-05-01","1987-06-01",NA,NA,NA,100
"USS0050N07S","Susitna Valley High",4,"14B",NA,NA,"1987-06-01","1987-07-01",NA,NA,NA,100
"USS0050N07S","Susitna Valley High",4,"14B",NA,NA,"1987-07-01","1987-08-01",NA,NA,NA,100
"USS0050N07S","Susitna Valley High",4,"14B",NA,NA,"1987-08-01","1987-09-01",NA,NA,NA,100
"USS0050N07S","Susitna Valley High",4,"14B",NA,NA,"1987-09-01","1987-10-01",NA,NA,NA,100
"USS0050N07S","Susitna Valley High",4,"14B",NA,NA,"1987-10-01","1987-11-01",NA,NA,NA,100
"USS0050N07S","Susitna Valley High",4,"14B",NA,NA,"1987-11-01","1987-12-01",NA,NA,NA,100
"USS0050N07S","Susitna Valley High",4,"14B",NA,NA,"1987-12-01","1988-01-01",NA,NA,NA,100
"USS0050N07S","Susitna Valley High",4,"14B",NA,NA,"1988-01-01","1988-02-01",NA,NA,NA,100
"USS0050N07S","Susitna Valley High",4,"14B",NA,NA,"1988-02-01","1988-03-01",NA,NA,NA,100
"USS0050N07S","Susitna Valley High",4,"14B",NA,NA,"1988-03-01","1988-04-01",NA,NA,NA,100
"USS0050N07S","Susitna Valley High",4,"14B",NA,NA,"1988-04-01","1988-05-01",NA,NA,NA,100
"USS0050N07S","Susitna Valley High",4,"14B",NA,NA,"1988-05-01","1988-06-01",NA,NA,NA,100
"USS0050N07S","Susitna Valley High",4,"14B",NA,NA,"1988-06-01","1988-07-01",NA,NA,NA,100
"USS0050N07S","Susitna Valley High",4,"14B",NA,NA,"1988-07-01","1988-08-01",NA,NA,NA,100
"USS0050N07S","Susitna Valley High",4,"14B",NA,NA,"1988-08-01","1988-09-01",NA,NA,NA,100
"USS0050N07S","Susitna Valley High",4,"14B",NA,NA,"1988-09-01","1988-10-01",NA,NA,NA,100
"USS0050N07S","Susitna Valley High",4,"14B",NA,NA,"1988-10-01","1988-11-01",NA,NA,NA,100
"USS0050N07S","Susitna Valley High",4,"14B",NA,NA,"1988-11-01","1988-12-01",NA,NA,NA,100
"USS0050N07S","Susitna Valley High",4,"14B",NA,NA,"1988-12-01","1989-01-01",NA,NA,NA,100
"USS0050N07S","Susitna Valley High",4,"14B",NA,NA,"1989-01-01","1989-02-01",NA,NA,NA,100
"USS0050N07S","Susitna Valley High",4,"14B",NA,NA,"1989-02-01","1989-03-01",NA,NA,NA,100
"USS0050N07S","Susitna Valley High",4,"14B",NA,NA,"1989-03-01","1989-04-01",NA,NA,NA,100
"USS0050N07S","Susitna Valley High",4,"14B",NA,NA,"1989-04-01","1989-05-01",NA,NA,NA,100
"USS0050N07S","Susitna Valley High",4,"14B",NA,NA,"1989-05-01","1989-06-01",NA,NA,NA,100
"USS0050N07S","Susitna Valley High",4,"14B",NA,NA,"1989-06-01","1989-07-01",NA,NA,NA,100
"USS0050N07S","Susitna Valley High",4,"14B",NA,NA,"1989-07-01","1989-08-01",NA,NA,NA,100
"USS0050N07S","Susitna Valley High",4,"14B",NA,NA,"1989-08-01","1989-09-01",NA,NA,NA,100
"USS0050N07S","Susitna Valley High",4,"14B",NA,NA,"1989-09-01","1989-10-01",NA,NA,NA,100
"USS0050N07S","Susitna Valley High",4,"14B",NA,NA,"1989-10-01","1989-11-01",NA,NA,NA,100
"USS0050N07S","Susitna Valley High",4,"14B",NA,NA,"1989-11-01","1989-12-01",NA,NA,NA,100
"USS0050N07S","Susitna Valley High",4,"14B",NA,NA,"1989-12-01","1990-01-01",NA,NA,NA,100
"USS0050N07S","Susitna Valley High",4,"14B",NA,NA,"1990-01-01","1990-02-01",NA,NA,NA,100
"USS0050N07S","Susitna Valley High",4,"14B",NA,NA,"1990-02-01","1990-03-01",NA,NA,NA,100
"USS0050N07S","Susitna Valley High",4,"14B",NA,NA,"1990-03-01","1990-04-01",NA,NA,NA,100
"USS0050N07S","Susitna Valley High",4,"14B",NA,NA,"1990-04-01","1990-05-01",NA,NA,NA,100
"USS0050N07S","Susitna Valley High",4,"14B",NA,NA,"1990-05-01","1990-06-01",NA,NA,NA,100
"USS0050N07S","Susitna Valley High",4,"14B",NA,NA,"1990-06-01","1990-07-01",NA,NA,NA,100
"USS0050N07S","Susitna Valley High",4,"14B",NA,NA,"1990-07-01","1990-08-01",NA,NA,NA,100
"USS0050N07S","Susitna Valley High",4,"14B",NA,NA,"1990-08-01","1990-09-01",NA,NA,NA,100
"USS0050N07S","Susitna Valley High",4,"14B",NA,NA,"1990-09-01","1990-10-01",NA,NA,NA,100
"USS0050N07S","Susitna Valley High",4,"14B",NA,NA,"1990-10-01","1990-11-01",NA,NA,NA,100
"USS0050N07S","Susitna Valley High",4,"14B",NA,NA,"1990-11-01","1990-12-01",NA,NA,NA,100
"USS0050N07S","Susitna Valley High",4,"14B",NA,NA,"1990-12-01","1991-01-01",NA,NA,NA,100
"USS0050N07S","Susitna Valley High",4,"14B",NA,NA,"1991-01-01","1991-02-01",NA,NA,NA,100
"USS0050N07S","Susitna Valley High",4,"14B",NA,NA,"1991-02-01","1991-03-01",NA,NA,NA,100
"USS0050N07S","Susitna Valley High",4,"14B",NA,NA,"1991-03-01","1991-04-01",NA,NA,NA,100
"USS0050N07S","Susitna Valley High",4,"14B",NA,NA,"1991-04-01","1991-05-01",NA,NA,NA,100
"USS0050N07S","Susitna Valley High",4,"14B",NA,NA,"1991-05-01","1991-06-01",NA,NA,NA,100
"USS0050N07S","Susitna Valley High",4,"14B",NA,NA,"1991-06-01","1991-07-01",NA,NA,NA,100
"USS0050N07S","Susitna Valley High",4,"14B",NA,NA,"1991-07-01","1991-08-01",NA,NA,NA,100
"USS0050N07S","Susitna Valley High",4,"14B",NA,NA,"1991-08-01","1991-09-01",NA,NA,NA,100
"USS0050N07S","Susitna Valley High",4,"14B",NA,NA,"1991-09-01","1991-10-01",NA,NA,NA,100
"USS0050N07S","Susitna Valley High",4,"14B",NA,NA,"1991-10-01","1991-11-01",NA,NA,NA,100
"USS0050N07S","Susitna Valley High",4,"14B",NA,NA,"1991-11-01","1991-12-01",NA,NA,NA,100
"USS0050N07S","Susitna Valley High",4,"14B",NA,NA,"1991-12-01","1992-01-01",NA,NA,NA,100
"USS0050N07S","Susitna Valley High",4,"14B",NA,NA,"1992-01-01","1992-02-01",NA,NA,NA,100
"USS0050N07S","Susitna Valley High",4,"14B",NA,NA,"1992-02-01","1992-03-01",NA,NA,NA,100
"USS0050N07S","Susitna Valley High",4,"14B",NA,NA,"1992-03-01","1992-04-01",NA,NA,NA,100
"USS0050N07S","Susitna Valley High",4,"14B",NA,NA,"1992-04-01","1992-05-01",NA,NA,NA,100
"USS0050N07S","Susitna Valley High",4,"14B",NA,NA,"1992-05-01","1992-06-01",NA,NA,NA,100
"USS0050N07S","Susitna Valley High",4,"14B",NA,NA,"1992-06-01","1992-07-01",NA,NA,NA,100
"USS0050N07S","Susitna Valley High",4,"14B",NA,NA,"1992-07-01","1992-08-01",NA,NA,NA,100
"USS0050N07S","Susitna Valley High",4,"14B",NA,NA,"1992-08-01","1992-09-01",NA,NA,NA,100
"USS0050N07S","Susitna Valley High",4,"14B",NA,NA,"1992-09-01","1992-10-01",NA,NA,NA,100
"USS0050N07S","Susitna Valley High",4,"14B",NA,NA,"1992-10-01","1992-11-01",NA,NA,NA,100
"USS0050N07S","Susitna Valley High",4,"14B",NA,NA,"1992-11-01","1992-12-01",NA,NA,NA,100
"USS0050N07S","Susitna Valley High",4,"14B",NA,NA,"1992-12-01","1993-01-01",NA,NA,NA,100
"USS0050N07S","Susitna Valley High",4,"14B",NA,NA,"1993-01-01","1993-02-01",NA,NA,NA,100
"USS0050N07S","Susitna Valley High",4,"14B",NA,NA,"1993-02-01","1993-03-01",NA,NA,NA,100
"USS0050N07S","Susitna Valley High",4,"14B",NA,NA,"1993-03-01","1993-04-01",NA,NA,NA,100
"USS0050N07S","Susitna Valley High",4,"14B",NA,NA,"1993-04-01","1993-05-01",NA,NA,NA,100
"USS0050N07S","Susitna Valley High",4,"14B",NA,NA,"1993-05-01","1993-06-01",NA,NA,NA,100
"USS0050N07S","Susitna Valley High",4,"14B",NA,NA,"1993-06-01","1993-07-01",NA,NA,NA,100
"USS0050N07S","Susitna Valley High",4,"14B",NA,NA,"1993-07-01","1993-08-01",NA,NA,NA,100
"USS0050N07S","Susitna Valley High",4,"14B",NA,NA,"1993-08-01","1993-09-01",NA,NA,NA,100
"USS0050N07S","Susitna Valley High",4,"14B",NA,NA,"1993-09-01","1993-10-01",NA,NA,NA,100
"USS0050N07S","Susitna Valley High",4,"14B",NA,NA,"1993-10-01","1993-11-01",NA,NA,NA,100
"USS0050N07S","Susitna Valley High",4,"14B",NA,NA,"1993-11-01","1993-12-01",NA,NA,NA,100
"USS0050N07S","Susitna Valley High",4,"14B",NA,NA,"1993-12-01","1994-01-01",NA,NA,NA,100
"USS0050N07S","Susitna Valley High",4,"14B",NA,NA,"1994-01-01","1994-02-01",NA,NA,NA,100
"USS0050N07S","Susitna Valley High",4,"14B",NA,NA,"1994-02-01","1994-03-01",NA,NA,NA,100
"USS0050N07S","Susitna Valley High",4,"14B",NA,NA,"1994-03-01","1994-04-01",NA,NA,NA,100
"USS0050N07S","Susitna Valley High",4,"14B",NA,NA,"1994-04-01","1994-05-01",NA,NA,NA,100
"USS0050N07S","Susitna Valley High",4,"14B",NA,NA,"1994-05-01","1994-06-01",NA,NA,NA,100
"USS0050N07S","Susitna Valley High",4,"14B",NA,NA,"1994-06-01","1994-07-01",NA,NA,NA,100
"USS0050N07S","Susitna Valley High",4,"14B",NA,NA,"1994-07-01","1994-08-01",NA,NA,NA,100
"USS0050N07S","Susitna Valley High",4,"14B",NA,NA,"1994-08-01","1994-09-01",NA,NA,NA,100
"USS0050N07S","Susitna Valley High",4,"14B",NA,NA,"1994-09-01","1994-10-01",NA,NA,NA,100
"USS0050N07S","Susitna Valley High",4,"14B",NA,NA,"1994-10-01","1994-11-01",NA,NA,NA,100
"USS0050N07S","Susitna Valley High",4,"14B",NA,NA,"1994-11-01","1994-12-01",NA,NA,NA,100
"USS0050N07S","Susitna Valley High",4,"14B",NA,NA,"1994-12-01","1995-01-01",NA,NA,NA,100
"USS0050N07S","Susitna Valley High",4,"14B",NA,NA,"1995-01-01","1995-02-01",NA,NA,NA,100
"USS0050N07S","Susitna Valley High",4,"14B",NA,NA,"1995-02-01","1995-03-01",NA,NA,NA,100
"USS0050N07S","Susitna Valley High",4,"14B",NA,NA,"1995-03-01","1995-04-01",NA,NA,NA,100
"USS0050N07S","Susitna Valley High",4,"14B",NA,NA,"1995-04-01","1995-05-01",NA,NA,NA,100
"USS0050N07S","Susitna Valley High",4,"14B",NA,NA,"1995-05-01","1995-06-01",NA,NA,NA,100
"USS0050N07S","Susitna Valley High",4,"14B",NA,NA,"1995-06-01","1995-07-01",NA,NA,NA,100
"USS0050N07S","Susitna Valley High",4,"14B",NA,NA,"1995-07-01","1995-08-01",NA,NA,NA,100
"USS0050N07S","Susitna Valley High",4,"14B",NA,NA,"1995-08-01","1995-09-01",NA,NA,NA,100
"USS0050N07S","Susitna Valley High",4,"14B",NA,NA,"1995-09-01","1995-10-01",NA,NA,NA,100
"USS0050N07S","Susitna Valley High",4,"14B",NA,NA,"1995-10-01","1995-11-01",NA,NA,NA,100
"USS0050N07S","Susitna Valley High",4,"14B",NA,NA,"1995-11-01","1995-12-01",NA,NA,NA,100
"USS0050N07S","Susitna Valley High",4,"14B",NA,NA,"1995-12-01","1996-01-01",NA,NA,NA,100
"USS0050N07S","Susitna Valley High",4,"14B",NA,NA,"1996-01-01","1996-02-01",NA,NA,NA,100
"USS0050N07S","Susitna Valley High",4,"14B",NA,NA,"1996-02-01","1996-03-01",NA,NA,NA,100
"USS0050N07S","Susitna Valley High",4,"14B",NA,NA,"1996-03-01","1996-04-01",NA,NA,NA,100
"USS0050N07S","Susitna Valley High",4,"14B",NA,NA,"1996-04-01","1996-05-01",NA,NA,NA,100
"USS0050N07S","Susitna Valley High",4,"14B",NA,NA,"1996-05-01","1996-06-01",NA,NA,NA,100
"USS0050N07S","Susitna Valley High",4,"14B",NA,NA,"1996-06-01","1996-07-01",NA,NA,NA,100
"USS0050N07S","Susitna Valley High",4,"14B",NA,NA,"1996-07-01","1996-08-01",NA,NA,NA,100
"USS0050N07S","Susitna Valley High",4,"14B",NA,NA,"1996-08-01","1996-09-01",NA,NA,NA,100
"USS0050N07S","Susitna Valley High",4,"14B",NA,NA,"1996-09-01","1996-10-01",NA,NA,NA,100
"USS0050N07S","Susitna Valley High",4,"14B",NA,NA,"1996-10-01","1996-11-01",NA,NA,NA,100
"USS0050N07S","Susitna Valley High",4,"14B",NA,NA,"1996-11-01","1996-12-01",NA,NA,NA,100
"USS0050N07S","Susitna Valley High",4,"14B",NA,NA,"1996-12-01","1997-01-01",NA,NA,NA,100
"USS0050N07S","Susitna Valley High",4,"14B",NA,NA,"1997-01-01","1997-02-01",NA,NA,NA,100
"USS0050N07S","Susitna Valley High",4,"14B",NA,NA,"1997-02-01","1997-03-01",NA,NA,NA,100
"USS0050N07S","Susitna Valley High",4,"14B",NA,NA,"1997-03-01","1997-04-01",NA,NA,NA,100
"USS0050N07S","Susitna Valley High",4,"14B",NA,NA,"1997-04-01","1997-05-01",NA,NA,NA,100
"USS0050N07S","Susitna Valley High",4,"14B",NA,NA,"1997-05-01","1997-06-01",NA,NA,NA,100
"USS0050N07S","Susitna Valley High",4,"14B",NA,NA,"1997-06-01","1997-07-01",NA,NA,NA,100
"USS0050N07S","Susitna Valley High",4,"14B",NA,NA,"1997-07-01","1997-08-01",NA,NA,NA,100
"USS0050N07S","Susitna Valley High",4,"14B",NA,NA,"1997-08-01","1997-09-01",NA,NA,NA,100
"USS0050N07S","Susitna Valley High",4,"14B",NA,NA,"1997-09-01","1997-10-01",NA,NA,NA,100
"USS0050N07S","Susitna Valley High",4,"14B",NA,NA,"1997-10-01","1997-11-01",NA,NA,NA,100
"USS0050N07S","Susitna Valley High",4,"14B",NA,NA,"1997-11-01","1997-12-01",NA,NA,NA,100
"USS0050N07S","Susitna Valley High",4,"14B",NA,NA,"1997-12-01","1998-01-01",NA,NA,NA,100
"USS0050N07S","Susitna Valley High",4,"14B",NA,NA,"1998-01-01","1998-02-01",NA,NA,NA,100
"USS0050N07S","Susitna Valley High",4,"14B",NA,NA,"1998-02-01","1998-03-01",NA,NA,NA,100
"USS0050N07S","Susitna Valley High",4,"14B",NA,NA,"1998-03-01","1998-04-01",NA,NA,NA,100
"USS0050N07S","Susitna Valley High",4,"14B",NA,NA,"1998-04-01","1998-05-01",NA,NA,NA,100
"USS0050N07S","Susitna Valley High",4,"14B",NA,NA,"1998-05-01","1998-06-01",NA,NA,NA,100
"USS0050N07S","Susitna Valley High",4,"14B",NA,NA,"1998-06-01","1998-07-01",NA,NA,NA,100
"USS0050N07S","Susitna Valley High",4,"14B",NA,NA,"1998-07-01","1998-08-01",NA,NA,NA,100
"USS0050N07S","Susitna Valley High",4,"14B",NA,NA,"1998-08-01","1998-09-01",NA,NA,NA,100
"USS0050N07S","Susitna Valley High",4,"14B",NA,NA,"1998-09-01","1998-10-01",NA,NA,NA,100
"USS0050N07S","Susitna Valley High",4,"14B",NA,NA,"1998-10-01","1998-11-01",NA,NA,NA,100
"USS0050N07S","Susitna Valley High",4,"14B",NA,NA,"1998-11-01","1998-12-01",NA,NA,NA,100
"USS0050N07S","Susitna Valley High",4,"14B",NA,NA,"1998-12-01","1999-01-01",NA,NA,NA,100
"USS0050N07S","Susitna Valley High",4,"14B",NA,NA,"1999-01-01","1999-02-01",NA,NA,NA,100
"USS0050N07S","Susitna Valley High",4,"14B",NA,NA,"1999-02-01","1999-03-01",NA,NA,NA,100
"USS0050N07S","Susitna Valley High",4,"14B",NA,NA,"1999-03-01","1999-04-01",NA,NA,NA,100
"USS0050N07S","Susitna Valley High",4,"14B",NA,NA,"1999-04-01","1999-05-01",NA,NA,NA,100
"USS0050N07S","Susitna Valley High",4,"14B",NA,NA,"1999-05-01","1999-06-01",NA,NA,NA,100
"USS0050N07S","Susitna Valley High",4,"14B",NA,NA,"1999-06-01","1999-07-01",NA,NA,NA,100
"USS0050N07S","Susitna Valley High",4,"14B",NA,NA,"1999-07-01","1999-08-01",NA,NA,NA,100
"USS0050N07S","Susitna Valley High",4,"14B",NA,NA,"1999-08-01","1999-09-01",NA,NA,NA,100
"USS0050N07S","Susitna Valley High",4,"14B",NA,NA,"1999-09-01","1999-10-01",NA,NA,NA,100
"USS0050N07S","Susitna Valley High",4,"14B",NA,NA,"1999-10-01","1999-11-01",NA,NA,NA,100
"USS0050N07S","Susitna Valley High",4,"14B",NA,NA,"1999-11-01","1999-12-01",NA,NA,NA,100
"USS0050N07S","Susitna Valley High",4,"14B",NA,NA,"1999-12-01","2000-01-01",NA,NA,NA,100
"USS0050N07S","Susitna Valley High",4,"14B",NA,NA,"2000-01-01","2000-02-01",NA,NA,NA,100
"USS0050N07S","Susitna Valley High",4,"14B",NA,NA,"2000-02-01","2000-03-01",NA,NA,NA,100
"USS0050N07S","Susitna Valley High",4,"14B",NA,NA,"2000-03-01","2000-04-01",NA,NA,NA,100
"USS0050N07S","Susitna Valley High",4,"14B",NA,NA,"2000-04-01","2000-05-01",NA,NA,NA,100
"USS0050N07S","Susitna Valley High",4,"14B",NA,NA,"2000-05-01","2000-06-01",NA,NA,NA,100
"USS0050N07S","Susitna Valley High",4,"14B",NA,NA,"2000-06-01","2000-07-01",NA,NA,NA,100
"USS0050N07S","Susitna Valley High",4,"14B",NA,NA,"2000-07-01","2000-08-01",NA,NA,NA,100
"USS0050N07S","Susitna Valley High",4,"14B",NA,NA,"2000-08-01","2000-09-01",NA,NA,NA,100
"USS0050N07S","Susitna Valley High",4,"14B",NA,NA,"2000-09-01","2000-10-01",NA,NA,NA,100
"USS0050N07S","Susitna Valley High",4,"14B",NA,NA,"2000-10-01","2000-11-01",NA,NA,NA,100
"USS0050N07S","Susitna Valley High",4,"14B",NA,NA,"2000-11-01","2000-12-01",NA,NA,NA,100
"USS0050N07S","Susitna Valley High",4,"14B",NA,NA,"2000-12-01","2001-01-01",NA,NA,NA,100
"USS0050N07S","Susitna Valley High",4,"14B",NA,NA,"2001-01-01","2001-02-01",NA,NA,NA,100
"USS0050N07S","Susitna Valley High",4,"14B",NA,NA,"2001-02-01","2001-03-01",NA,NA,NA,100
"USS0050N07S","Susitna Valley High",4,"14B",NA,NA,"2001-03-01","2001-04-01",NA,NA,NA,100
"USS0050N07S","Susitna Valley High",4,"14B",NA,NA,"2001-04-01","2001-05-01",NA,NA,NA,100
"USS0050N07S","Susitna Valley High",4,"14B",NA,NA,"2001-05-01","2001-06-01",NA,NA,NA,100
"USS0050N07S","Susitna Valley High",4,"14B",NA,NA,"2001-06-01","2001-07-01",NA,NA,NA,100
"USS0050N07S","Susitna Valley High",4,"14B",NA,NA,"2001-07-01","2001-08-01",NA,NA,NA,100
"USS0050N07S","Susitna Valley High",4,"14B",NA,NA,"2001-08-01","2001-09-01",NA,NA,NA,100
"USS0050N07S","Susitna Valley High",4,"14B","2001","09","2001-09-01","2001-10-01",4.96354622338874,0,134.015748031496,10
"USS0050N07S","Susitna Valley High",4,"14B","2001","10","2001-10-01","2001-11-01",1.72549551995656,0,5.98425196850394,6
"USS0050N07S","Susitna Valley High",4,"14B","2001","11","2001-11-01","2001-12-01",5.91637252240022,5,5.98425196850394,3
"USS0050N07S","Susitna Valley High",4,"14B","2001","12","2001-12-01","2002-01-01",10.5511811023622,5.98425196850394,14.0157480314961,0
"USS0050N07S","Susitna Valley High",4,"14B","2002","01","2002-01-01","2002-02-01",16.501968503937,12.007874015748,19.0157480314961,35
"USS0050N07S","Susitna Valley High",4,"14B","2002","02","2002-02-01","2002-03-01",24.8607986501687,24.0157480314961,27.007874015748,0
"USS0050N07S","Susitna Valley High",4,"14B","2002","03","2002-03-01","2002-04-01",24.3110236220472,24.0157480314961,25,3
"USS0050N07S","Susitna Valley High",4,"14B","2002","04","2002-04-01","2002-05-01",23.1076115485564,15,27.007874015748,0
"USS0050N07S","Susitna Valley High",4,"14B","2002","05","2002-05-01","2002-06-01",2.79790026246719,0,12.992125984252,3
"USS0050N07S","Susitna Valley High",4,"14B","2002","06","2002-06-01","2002-07-01",0,0,0,3
"USS0050N07S","Susitna Valley High",4,"14B","2002","07","2002-07-01","2002-08-01",0,0,0,10
"USS0050N07S","Susitna Valley High",4,"14B","2002","08","2002-08-01","2002-09-01",25.0965201930404,0,495.984251968504,0
"USS0050N07S","Susitna Valley High",4,"14B","2002","09","2002-09-01","2002-10-01",0,0,0,0
"USS0050N07S","Susitna Valley High",4,"14B","2002","10","2002-10-01","2002-11-01",0.095250190500381,0,0.984251968503937,0
"USS0050N07S","Susitna Valley High",4,"14B","2002","11","2002-11-01","2002-12-01",1.20553896280206,0,2.00787401574803,3
"USS0050N07S","Susitna Valley High",4,"14B","2002","12","2002-12-01","2003-01-01",2.45999491998984,2.00787401574803,4.01574803149606,0
"USS0050N07S","Susitna Valley High",4,"14B","2003","01","2003-01-01","2003-02-01",6.07174103237095,4.01574803149606,7.00787401574803,13
"USS0050N07S","Susitna Valley High",4,"14B","2003","02","2003-02-01","2003-03-01",7.03210175651121,5.98425196850394,10,7
"USS0050N07S","Susitna Valley High",4,"14B","2003","03","2003-03-01","2003-04-01",9.89839979679959,7.99212598425197,19.0157480314961,0
"USS0050N07S","Susitna Valley High",4,"14B","2003","04","2003-04-01","2003-05-01",7.67060367454068,0.984251968503937,14.0157480314961,0
"USS0050N07S","Susitna Valley High",4,"14B","2003","05","2003-05-01","2003-06-01",4.43931577518327,0,55.9842519685039,6
"USS0050N07S","Susitna Valley High",4,"14B","2003","06","2003-06-01","2003-07-01",43.7913385826772,0,55.9842519685039,0
"USS0050N07S","Susitna Valley High",4,"14B","2003","07","2003-07-01","2003-08-01",0,0,0,3
"USS0050N07S","Susitna Valley High",4,"14B","2003","08","2003-08-01","2003-09-01",0,0,0,0
"USS0050N07S","Susitna Valley High",4,"14B","2003","09","2003-09-01","2003-10-01",4.82142857142857,0,120,7
"USS0050N07S","Susitna Valley High",4,"14B","2003","10","2003-10-01","2003-11-01",53.3577052868391,0,492.007874015748,10
"USS0050N07S","Susitna Valley High",4,"14B","2003","11","2003-11-01","2003-12-01",6.17431441759435,0,17.992125984252,3
"USS0050N07S","Susitna Valley High",4,"14B","2003","12","2003-12-01","2004-01-01",21.9685039370079,12.992125984252,72.007874015748,0
"USS0050N07S","Susitna Valley High",4,"14B","2004","01","2004-01-01","2004-02-01",20.673665791776,17.007874015748,72.007874015748,13
"USS0050N07S","Susitna Valley High",4,"14B","2004","02","2004-02-01","2004-03-01",24.9444187123668,22.007874015748,27.992125984252,41
"USS0050N07S","Susitna Valley High",4,"14B","2004","03","2004-03-01","2004-04-01",30.0380124898181,25.9842519685039,60.9842519685039,6
"USS0050N07S","Susitna Valley High",4,"14B","2004","04","2004-04-01","2004-05-01",17.7979002624672,2.99212598425197,30,0
"USS0050N07S","Susitna Valley High",4,"14B","2004","05","2004-05-01","2004-06-01",1.93802387604775,0,4.01574803149606,0
"USS0050N07S","Susitna Valley High",4,"14B","2004","06","2004-06-01","2004-07-01",0.400991542723826,0,0.984251968503937,10
"USS0050N07S","Susitna Valley High",4,"14B","2004","07","2004-07-01","2004-08-01",0.0984251968503937,0,0.984251968503937,3
"USS0050N07S","Susitna Valley High",4,"14B","2004","08","2004-08-01","2004-09-01",0,0,0,13
"USS0050N07S","Susitna Valley High",4,"14B","2004","09","2004-09-01","2004-10-01",1.24015748031496,0,5.98425196850394,47
"USS0050N07S","Susitna Valley High",4,"14B","2004","10","2004-10-01","2004-11-01",3.82808398950131,0,10.9842519685039,3
"USS0050N07S","Susitna Valley High",4,"14B","2004","11","2004-11-01","2004-12-01",21.9658792650919,10.9842519685039,29.0157480314961,0
"USS0050N07S","Susitna Valley High",4,"14B","2004","12","2004-12-01","2005-01-01",34.8044619422572,27.992125984252,59.0157480314961,3
"USS0050N07S","Susitna Valley High",4,"14B","2005","01","2005-01-01","2005-02-01",42.6771653543307,37.992125984252,72.992125984252,29
"USS0050N07S","Susitna Valley High",4,"14B","2005","02","2005-02-01","2005-03-01",45.431664791901,40,49.0157480314961,0
"USS0050N07S","Susitna Valley High",4,"14B","2005","03","2005-03-01","2005-04-01",44.9034798069596,42.992125984252,47.992125984252,0
"USS0050N07S","Susitna Valley High",4,"14B","2005","04","2005-04-01","2005-05-01",40.3774097203367,24.0157480314961,47.992125984252,3
"USS0050N07S","Susitna Valley High",4,"14B","2005","05","2005-05-01","2005-06-01",5.27034120734908,0,22.007874015748,3
"USS0050N07S","Susitna Valley High",4,"14B","2005","06","2005-06-01","2005-07-01",0,0,0,0
"USS0050N07S","Susitna Valley High",4,"14B","2005","07","2005-07-01","2005-08-01",0.175759280089989,0,0.984251968503937,10
"USS0050N07S","Susitna Valley High",4,"14B","2005","08","2005-08-01","2005-09-01",18.8526434195726,0,492.007874015748,10
"USS0050N07S","Susitna Valley High",4,"14B","2005","09","2005-09-01","2005-10-01",0,0,0,10
"USS0050N07S","Susitna Valley High",4,"14B","2005","10","2005-10-01","2005-11-01",0.575311150622301,0,2.00787401574803,0
"USS0050N07S","Susitna Valley High",4,"14B","2005","11","2005-11-01","2005-12-01",7.5997375328084,2.00787401574803,69.0157480314961,0
"USS0050N07S","Susitna Valley High",4,"14B","2005","12","2005-12-01","2006-01-01",14.0673364105349,9.01574803149606,70,6
"USS0050N07S","Susitna Valley High",4,"14B","2006","01","2006-01-01","2006-02-01",15.6743713487427,12.992125984252,20,0
"USS0050N07S","Susitna Valley High",4,"14B","2006","02","2006-02-01","2006-03-01",20.220753655793,17.992125984252,22.007874015748,0
"USS0050N07S","Susitna Valley High",4,"14B","2006","03","2006-03-01","2006-04-01",24.8981808308444,22.007874015748,27.992125984252,6
"USS0050N07S","Susitna Valley High",4,"14B","2006","04","2006-04-01","2006-05-01",21.9291338582677,14.0157480314961,35,3
"USS0050N07S","Susitna Valley High",4,"14B","2006","05","2006-05-01","2006-06-01",2.64287528575057,0,14.0157480314961,0
"USS0050N07S","Susitna Valley High",4,"14B","2006","06","2006-06-01","2006-07-01",0,0,0,37
"USS0050N07S","Susitna Valley High",4,"14B","2006","07","2006-07-01","2006-08-01",0,0,0,3
"USS0050N07S","Susitna Valley High",4,"14B","2006","08","2006-08-01","2006-09-01",0,0,0,13
"USS0050N07S","Susitna Valley High",4,"14B","2006","09","2006-09-01","2006-10-01",18.2225138524351,0,492.007874015748,10
"USS0050N07S","Susitna Valley High",4,"14B","2006","10","2006-10-01","2006-11-01",1.61163322326645,0,9.01574803149606,0
"USS0050N07S","Susitna Valley High",4,"14B","2006","11","2006-11-01","2006-12-01",8.24735270160195,5,10,3
"USS0050N07S","Susitna Valley High",4,"14B","2006","12","2006-12-01","2007-01-01",16.3491823137492,12.007874015748,22.007874015748,16
"USS0050N07S","Susitna Valley High",4,"14B","2007","01","2007-01-01","2007-02-01",26.8732537465075,20.9842519685039,30.9842519685039,0
"USS0050N07S","Susitna Valley High",4,"14B","2007","02","2007-02-01","2007-03-01",26.787120359955,25.9842519685039,27.992125984252,0
"USS0050N07S","Susitna Valley High",4,"14B","2007","03","2007-03-01","2007-04-01",28.8950131233596,27.007874015748,30.9842519685039,3
"USS0050N07S","Susitna Valley High",4,"14B","2007","04","2007-04-01","2007-05-01",18.1010498687664,0.984251968503937,30,0
"USS0050N07S","Susitna Valley High",4,"14B","2007","05","2007-05-01","2007-06-01",0,0,0,0
"USS0050N07S","Susitna Valley High",4,"14B","2007","06","2007-06-01","2007-07-01",0,0,0,0
"USS0050N07S","Susitna Valley High",4,"14B","2007","07","2007-07-01","2007-08-01",0,0,0,0
"USS0050N07S","Susitna Valley High",4,"14B","2007","08","2007-08-01","2007-09-01",0,0,0,0
"USS0050N07S","Susitna Valley High",4,"14B","2007","09","2007-09-01","2007-10-01",0,0,0,0
"USS0050N07S","Susitna Valley High",4,"14B","2007","10","2007-10-01","2007-11-01",0.900431800863602,0,2.99212598425197,0
"USS0050N07S","Susitna Valley High",4,"14B","2007","11","2007-11-01","2007-12-01",6.03018372703412,2.00787401574803,10.9842519685039,0
"USS0050N07S","Susitna Valley High",4,"14B","2007","12","2007-12-01","2008-01-01",12.3545847091694,7.99212598425197,15.9842519685039,0
"USS0050N07S","Susitna Valley High",4,"14B","2008","01","2008-01-01","2008-02-01",22.8092456184912,15,32.007874015748,0
"USS0050N07S","Susitna Valley High",4,"14B","2008","02","2008-02-01","2008-03-01",29.4501764865599,27.992125984252,32.007874015748,0
"USS0050N07S","Susitna Valley High",4,"14B","2008","03","2008-03-01","2008-04-01",30.8966217932436,29.0157480314961,35,0
"USS0050N07S","Susitna Valley High",4,"14B","2008","04","2008-04-01","2008-05-01",27.3333333333333,22.007874015748,32.992125984252,0
"USS0050N07S","Susitna Valley High",4,"14B","2008","05","2008-05-01","2008-06-01",4.74218948437897,0,20,0
"USS0050N07S","Susitna Valley High",4,"14B","2008","06","2008-06-01","2008-07-01",0,0,0,0
"USS0050N07S","Susitna Valley High",4,"14B","2008","07","2008-07-01","2008-08-01",0,0,0,0
"USS0050N07S","Susitna Valley High",4,"14B","2008","08","2008-08-01","2008-09-01",0,0,0,0
"USS0050N07S","Susitna Valley High",4,"14B","2008","09","2008-09-01","2008-10-01",0,0,0,0
"USS0050N07S","Susitna Valley High",4,"14B","2008","10","2008-10-01","2008-11-01",3.61188722377445,0,7.00787401574803,0
"USS0050N07S","Susitna Valley High",4,"14B","2008","11","2008-11-01","2008-12-01",9.76640419947507,5.98425196850394,15,0
"USS0050N07S","Susitna Valley High",4,"14B","2008","12","2008-12-01","2009-01-01",18.0378460756922,14.0157480314961,22.992125984252,0
"USS0050N07S","Susitna Valley High",4,"14B","2009","01","2009-01-01","2009-02-01",22.3787147574295,20.9842519685039,30,0
"USS0050N07S","Susitna Valley High",4,"14B","2009","02","2009-02-01","2009-03-01",30.7156917885264,27.992125984252,40,0
"USS0050N07S","Susitna Valley High",4,"14B","2009","03","2009-03-01","2009-04-01",37.1958343916688,35,40,0
"USS0050N07S","Susitna Valley High",4,"14B","2009","04","2009-04-01","2009-05-01",28.6666666666667,12.992125984252,35.9842519685039,0
"USS0050N07S","Susitna Valley High",4,"14B","2009","05","2009-05-01","2009-06-01",0.838201676403353,0,10.9842519685039,0
"USS0050N07S","Susitna Valley High",4,"14B","2009","06","2009-06-01","2009-07-01",0,0,0,0
"USS0050N07S","Susitna Valley High",4,"14B","2009","07","2009-07-01","2009-08-01",0,0,0,0
"USS0050N07S","Susitna Valley High",4,"14B","2009","08","2009-08-01","2009-09-01",0,0,0,0
"USS0050N07S","Susitna Valley High",4,"14B","2009","09","2009-09-01","2009-10-01",0,0,0,0
"USS0050N07S","Susitna Valley High",4,"14B","2009","10","2009-10-01","2009-11-01",0.353060706121412,0,2.00787401574803,0
"USS0050N07S","Susitna Valley High",4,"14B","2009","11","2009-11-01","2009-12-01",6.79658792650919,2.00787401574803,14.0157480314961,0
"USS0050N07S","Susitna Valley High",4,"14B","2009","12","2009-12-01","2010-01-01",16.0325120650241,14.0157480314961,17.992125984252,0
"USS0050N07S","Susitna Valley High",4,"14B","2010","01","2010-01-01","2010-02-01",20.2908305816612,15.9842519685039,24.0157480314961,0
"USS0050N07S","Susitna Valley High",4,"14B","2010","02","2010-02-01","2010-03-01",23.9271653543307,20.9842519685039,27.992125984252,0
"USS0050N07S","Susitna Valley High",4,"14B","2010","03","2010-03-01","2010-04-01",26.5735331470663,25,30.9842519685039,0
"USS0050N07S","Susitna Valley High",4,"14B","2010","04","2010-04-01","2010-05-01",20.3385826771654,2.00787401574803,29.0157480314961,0
"USS0050N07S","Susitna Valley High",4,"14B","2010","05","2010-05-01","2010-06-01",0,0,0,0
"USS0050N07S","Susitna Valley High",4,"14B","2010","06","2010-06-01","2010-07-01",0,0,0,0
"USS0050N07S","Susitna Valley High",4,"14B","2010","07","2010-07-01","2010-08-01",0,0,0,0
"USS0050N07S","Susitna Valley High",4,"14B","2010","08","2010-08-01","2010-09-01",0,0,0,0
"USS0050N07S","Susitna Valley High",4,"14B","2010","09","2010-09-01","2010-10-01",0,0,0,0
"USS0050N07S","Susitna Valley High",4,"14B","2010","10","2010-10-01","2010-11-01",0.063500127000254,0,0.984251968503937,0
"USS0050N07S","Susitna Valley High",4,"14B","2010","11","2010-11-01","2010-12-01",7.79658792650919,0.984251968503937,10.9842519685039,0
"USS0050N07S","Susitna Valley High",4,"14B","2010","12","2010-12-01","2011-01-01",16.506223012446,10.9842519685039,25.9842519685039,0
"USS0050N07S","Susitna Valley High",4,"14B","2011","01","2011-01-01","2011-02-01",24.5529591059182,22.007874015748,30,0
"USS0050N07S","Susitna Valley High",4,"14B","2011","02","2011-02-01","2011-03-01",28.3591113610799,27.007874015748,30,0
"USS0050N07S","Susitna Valley High",4,"14B","2011","03","2011-03-01","2011-04-01",27.7660655321311,25.9842519685039,27.992125984252,0
"USS0050N07S","Susitna Valley High",4,"14B","2011","04","2011-04-01","2011-05-01",26.4658792650919,12.992125984252,35.9842519685039,0
"USS0050N07S","Susitna Valley High",4,"14B","2011","05","2011-05-01","2011-06-01",1.29032258064516,0,10.9842519685039,0
"USS0050N07S","Susitna Valley High",4,"14B","2011","06","2011-06-01","2011-07-01",0,0,0,0
"USS0050N07S","Susitna Valley High",4,"14B","2011","07","2011-07-01","2011-08-01",0,0,0,0
"USS0050N07S","Susitna Valley High",4,"14B","2011","08","2011-08-01","2011-09-01",0,0,0,0
"USS0050N07S","Susitna Valley High",4,"14B","2011","09","2011-09-01","2011-10-01",0,0,0,0
"USS0050N07S","Susitna Valley High",4,"14B","2011","10","2011-10-01","2011-11-01",0.031750063500127,0,0.984251968503937,0
"USS0050N07S","Susitna Valley High",4,"14B","2011","11","2011-11-01","2011-12-01",8.90419947506562,2.00787401574803,12.992125984252,0
"USS0050N07S","Susitna Valley High",4,"14B","2011","12","2011-12-01","2012-01-01",25.2235204470409,15.9842519685039,40,0
"USS0050N07S","Susitna Valley High",4,"14B","2012","01","2012-01-01","2012-02-01",34.9720599441199,29.0157480314961,40.9842519685039,0
"USS0050N07S","Susitna Valley High",4,"14B","2012","02","2012-02-01","2012-03-01",40.1411892478957,35.9842519685039,52.007874015748,0
"USS0050N07S","Susitna Valley High",4,"14B","2012","03","2012-03-01","2012-04-01",42.5476250952502,37.992125984252,50,0
"USS0050N07S","Susitna Valley High",4,"14B","2012","04","2012-04-01","2012-05-01",29.4317585301837,12.992125984252,37.992125984252,0
"USS0050N07S","Susitna Valley High",4,"14B","2012","05","2012-05-01","2012-06-01",2.19329438658877,0,12.007874015748,0
"USS0050N07S","Susitna Valley High",4,"14B","2012","06","2012-06-01","2012-07-01",0,0,0,0
"USS0050N07S","Susitna Valley High",4,"14B","2012","07","2012-07-01","2012-08-01",0,0,0,0
"USS0050N07S","Susitna Valley High",4,"14B","2012","08","2012-08-01","2012-09-01",0,0,0,0
"USS0050N07S","Susitna Valley High",4,"14B","2012","09","2012-09-01","2012-10-01",0,0,0,0
"USS0050N07S","Susitna Valley High",4,"14B","2012","10","2012-10-01","2012-11-01",1.32207264414529,0,2.99212598425197,0
"USS0050N07S","Susitna Valley High",4,"14B","2012","11","2012-11-01","2012-12-01",4.92650918635171,2.99212598425197,7.00787401574803,0
"USS0050N07S","Susitna Valley High",4,"14B","2012","12","2012-12-01","2013-01-01",11.6078232156464,5.98425196850394,15.9842519685039,0
"USS0050N07S","Susitna Valley High",4,"14B","2013","01","2013-01-01","2013-02-01",16.1315722631445,12.007874015748,25,0
"USS0050N07S","Susitna Valley High",4,"14B","2013","02","2013-02-01","2013-03-01",28.8920134983127,22.992125984252,32.992125984252,0
"USS0050N07S","Susitna Valley High",4,"14B","2013","03","2013-03-01","2013-04-01",31.741173482347,27.992125984252,40.9842519685039,0
"USS0050N07S","Susitna Valley High",4,"14B","2013","04","2013-04-01","2013-05-01",30.9698162729659,22.992125984252,35,0
"USS0050N07S","Susitna Valley High",4,"14B","2013","05","2013-05-01","2013-06-01",6.71196342392685,0,22.007874015748,0
"USS0050N07S","Susitna Valley High",4,"14B","2013","06","2013-06-01","2013-07-01",0,0,0,0
"USS0050N07S","Susitna Valley High",4,"14B","2013","07","2013-07-01","2013-08-01",0,0,0,0
"USS0050N07S","Susitna Valley High",4,"14B","2013","08","2013-08-01","2013-09-01",0,0,0,6
"USS0050N07S","Susitna Valley High",4,"14B","2013","09","2013-09-01","2013-10-01",0,0,0,0
"USS0050N07S","Susitna Valley High",4,"14B","2013","10","2013-10-01","2013-11-01",0,0,0,0
"USS0050N07S","Susitna Valley High",4,"14B","2013","11","2013-11-01","2013-12-01",7.96719160104987,0,14.0157480314961,0
"USS0050N07S","Susitna Valley High",4,"14B","2013","12","2013-12-01","2014-01-01",15.5448310896622,10.9842519685039,20.9842519685039,0
"USS0050N07S","Susitna Valley High",4,"14B","2014","01","2014-01-01","2014-02-01",20.4559309118618,17.992125984252,22.992125984252,0
"USS0050N07S","Susitna Valley High",4,"14B","2014","02","2014-02-01","2014-03-01",20.210911136108,19.0157480314961,20.9842519685039,0
"USS0050N07S","Susitna Valley High",4,"14B","2014","03","2014-03-01","2014-04-01",24.740919481839,20,30,0
"USS0050N07S","Susitna Valley High",4,"14B","2014","04","2014-04-01","2014-05-01",17.1351706036745,0.984251968503937,25,0
"USS0050N07S","Susitna Valley High",4,"14B","2014","05","2014-05-01","2014-06-01",0.0647701295402591,0,2.00787401574803,0
"USS0050N07S","Susitna Valley High",4,"14B","2014","06","2014-06-01","2014-07-01",0,0,0,0
"USS0050N07S","Susitna Valley High",4,"14B","2014","07","2014-07-01","2014-08-01",0,0,0,0
"USS0050N07S","Susitna Valley High",4,"14B","2014","08","2014-08-01","2014-09-01",0,0,0,0
"USS0050N07S","Susitna Valley High",4,"14B","2014","09","2014-09-01","2014-10-01",0,0,0,0
"USS0050N07S","Susitna Valley High",4,"14B","2014","10","2014-10-01","2014-11-01",0.161290322580645,0,2.00787401574803,0
"USS0050N07S","Susitna Valley High",4,"14B","2014","11","2014-11-01","2014-12-01",0.133858267716535,0,2.00787401574803,0
"USS0050N07S","Susitna Valley High",4,"14B","2014","12","2014-12-01","2015-01-01",6.51892303784608,2.99212598425197,10.9842519685039,0
"USS0050N07S","Susitna Valley High",4,"14B","2015","01","2015-01-01","2015-02-01",9.54787909575819,5.98425196850394,19.0157480314961,0
"USS0050N07S","Susitna Valley High",4,"14B","2015","02","2015-02-01","2015-03-01",14.1437007874016,10.9842519685039,15,0
"USS0050N07S","Susitna Valley High",4,"14B","2015","03","2015-03-01","2015-04-01",11.996443992888,10,12.992125984252,0
"USS0050N07S","Susitna Valley High",4,"14B","2015","04","2015-04-01","2015-05-01",3.33202099737533,0,10,0
"USS0050N07S","Susitna Valley High",4,"14B","2015","05","2015-05-01","2015-06-01",0,0,0,0
"USS0050N07S","Susitna Valley High",4,"14B","2015","06","2015-06-01","2015-07-01",0,0,0,0
"USS0050N07S","Susitna Valley High",4,"14B","2015","07","2015-07-01","2015-08-01",0,0,0,0
"USS0050N07S","Susitna Valley High",4,"14B","2015","08","2015-08-01","2015-09-01",0,0,0,0
"USS0050N07S","Susitna Valley High",4,"14B","2015","09","2015-09-01","2015-10-01",0,0,0,0
"USS0050N07S","Susitna Valley High",4,"14B","2015","10","2015-10-01","2015-11-01",0,0,0,0
"USS0050N07S","Susitna Valley High",4,"14B","2015","11","2015-11-01","2015-12-01",10.0643044619423,0,24.0157480314961,0
"USS0050N07S","Susitna Valley High",4,"14B","2015","12","2015-12-01","2016-01-01",16.0604521209042,14.0157480314961,17.992125984252,0
"USS0050N07S","Susitna Valley High",4,"14B","2016","01","2016-01-01","2016-02-01",17.9679959359919,17.007874015748,19.0157480314961,0
"USS0050N07S","Susitna Valley High",4,"14B","2016","02","2016-02-01","2016-03-01",18.7333695357046,17.992125984252,19.0157480314961,0
"USS0050N07S","Susitna Valley High",4,"14B","2016","03","2016-03-01","2016-04-01",19.9428498856998,15.9842519685039,25.9842519685039,0
"USS0050N07S","Susitna Valley High",4,"14B","2016","04","2016-04-01","2016-05-01",4.26640419947507,0,14.0157480314961,0
"USS0050N07S","Susitna Valley High",4,"14B","2016","05","2016-05-01","2016-06-01",0,0,0,0
"USS0050N07S","Susitna Valley High",4,"14B","2016","06","2016-06-01","2016-07-01",0,0,0,0
"USS0050N07S","Susitna Valley High",4,"14B","2016","07","2016-07-01","2016-08-01",0,0,0,0
"USS0050N07S","Susitna Valley High",4,"14B","2016","08","2016-08-01","2016-09-01",0,0,0,0
"USS0050N07S","Susitna Valley High",4,"14B","2016","09","2016-09-01","2016-10-01",0,0,0,0
"USS0050N07S","Susitna Valley High",4,"14B","2016","10","2016-10-01","2016-11-01",0,0,0,0
"USS0050N07S","Susitna Valley High",4,"14B","2016","11","2016-11-01","2016-12-01",0.855643044619423,0,2.00787401574803,0
"USS0050N07S","Susitna Valley High",4,"14B","2016","12","2016-12-01","2017-01-01",7.16662433324867,4.01574803149606,10.9842519685039,0
"USS0050N07S","Susitna Valley High",4,"14B","2017","01","2017-01-01","2017-02-01",16.1620523241046,10,27.992125984252,0
"USS0050N07S","Susitna Valley High",4,"14B","2017","02","2017-02-01","2017-03-01",24.1760404949381,20,30.9842519685039,0
"USS0050N07S","Susitna Valley High",4,"14B","2017","03","2017-03-01","2017-04-01",24.6837693675387,24.0157480314961,27.007874015748,0
"USS0050N07S","Susitna Valley High",4,"14B","2017","04","2017-04-01","2017-05-01",11.6312335958005,0,22.992125984252,0
"USS0050N07S","Susitna Valley High",4,"14B","2017","05","2017-05-01","2017-06-01",0,0,0,0
"USS0050N07S","Susitna Valley High",4,"14B","2017","06","2017-06-01","2017-07-01",0,0,0,0
"USS0050N07S","Susitna Valley High",4,"14B","2017","07","2017-07-01","2017-08-01",0,0,0,0
"USS0050N07S","Susitna Valley High",4,"14B","2017","08","2017-08-01","2017-09-01",0,0,0,0
"USS0050N07S","Susitna Valley High",4,"14B","2017","09","2017-09-01","2017-10-01",0,0,0,0
"USS0050N07S","Susitna Valley High",4,"14B","2017","10","2017-10-01","2017-11-01",0.32258064516129,0,4.01574803149606,0
"USS0050N07S","Susitna Valley High",4,"14B","2017","11","2017-11-01","2017-12-01",0.898950131233596,0,2.00787401574803,0
"USS0050N07S","Susitna Valley High",4,"14B","2017","12","2017-12-01","2018-01-01",8.12293624587249,2.00787401574803,12.992125984252,0
"USS0050N07S","Susitna Valley High",4,"14B","2018","01","2018-01-01","2018-02-01",12.3190246380493,10,15.9842519685039,0
"USS0050N07S","Susitna Valley High",4,"14B","2018","02","2018-02-01","2018-03-01",21.5438695163105,14.0157480314961,30,0
"USS0050N07S","Susitna Valley High",4,"14B","2018","03","2018-03-01","2018-04-01",29.3510287020574,27.007874015748,32.992125984252,0
"USS0050N07S","Susitna Valley High",4,"14B","2018","04","2018-04-01","2018-05-01",19.2322834645669,7.99212598425197,27.007874015748,0
"USS0050N07S","Susitna Valley High",4,"14B","2018","05","2018-05-01","2018-06-01",0.645161290322581,0,5.98425196850394,0
"USS0050N07S","Susitna Valley High",4,"14B","2018","06","2018-06-01","2018-07-01",0,0,0,0
"USS0050N07S","Susitna Valley High",4,"14B","2018","07","2018-07-01","2018-08-01",0,0,0,0
"USS0050N07S","Susitna Valley High",4,"14B","2018","08","2018-08-01","2018-09-01",0,0,0,0
"USS0050N07S","Susitna Valley High",4,"14B","2018","09","2018-09-01","2018-10-01",0,0,0,0
"USS0050N07S","Susitna Valley High",4,"14B","2018","10","2018-10-01","2018-11-01",0,0,0,0
"USS0050N07S","Susitna Valley High",4,"14B","2018","11","2018-11-01","2018-12-01",0.401574803149606,0,2.00787401574803,0
