"ID","Name","Region","Unit","YEAR","MONTH","START","END","TMINavg_F","TMINmin_F","TMINmax_F","TMINnull_pcnt","SNWDavg_in","SNWDmin_in","SNWDmax_in","SNWDnull_pcnt"
"USS0049M08S","Indian Pass",1,1,"1980","01","1980-01-01","1980-02-01",NA,NA,NA,100,NA,NA,NA,100
"USS0049M08S","Indian Pass",1,1,"1980","02","1980-02-01","1980-03-01",NA,NA,NA,100,NA,NA,NA,100
"USS0049M08S","Indian Pass",1,1,"1980","03","1980-03-01","1980-04-01",NA,NA,NA,100,NA,NA,NA,100
"USS0049M08S","Indian Pass",1,1,"1980","04","1980-04-01","1980-05-01",NA,NA,NA,100,NA,NA,NA,100
"USS0049M08S","Indian Pass",1,1,"1980","05","1980-05-01","1980-06-01",NA,NA,NA,100,NA,NA,NA,100
"USS0049M08S","Indian Pass",1,1,"1980","06","1980-06-01","1980-07-01",NA,NA,NA,100,NA,NA,NA,100
"USS0049M08S","Indian Pass",1,1,"1980","07","1980-07-01","1980-08-01",NA,NA,NA,100,NA,NA,NA,100
"USS0049M08S","Indian Pass",1,1,"1980","08","1980-08-01","1980-09-01",NA,NA,NA,100,NA,NA,NA,100
"USS0049M08S","Indian Pass",1,1,"1980","09","1980-09-01","1980-10-01",NA,NA,NA,100,NA,NA,NA,100
"USS0049M08S","Indian Pass",1,1,"1980","10","1980-10-01","1980-11-01",NA,NA,NA,100,NA,NA,NA,100
"USS0049M08S","Indian Pass",1,1,"1980","11","1980-11-01","1980-12-01",NA,NA,NA,100,NA,NA,NA,100
"USS0049M08S","Indian Pass",1,1,"1980","12","1980-12-01","1981-01-01",NA,NA,NA,100,NA,NA,NA,100
"USS0049M08S","Indian Pass",1,1,"1981","01","1981-01-01","1981-02-01",NA,NA,NA,100,NA,NA,NA,100
"USS0049M08S","Indian Pass",1,1,"1981","02","1981-02-01","1981-03-01",NA,NA,NA,100,NA,NA,NA,100
"USS0049M08S","Indian Pass",1,1,"1981","03","1981-03-01","1981-04-01",NA,NA,NA,100,NA,NA,NA,100
"USS0049M08S","Indian Pass",1,1,"1981","04","1981-04-01","1981-05-01",NA,NA,NA,100,NA,NA,NA,100
"USS0049M08S","Indian Pass",1,1,"1981","05","1981-05-01","1981-06-01",NA,NA,NA,100,NA,NA,NA,100
"USS0049M08S","Indian Pass",1,1,"1981","06","1981-06-01","1981-07-01",NA,NA,NA,100,NA,NA,NA,100
"USS0049M08S","Indian Pass",1,1,"1981","07","1981-07-01","1981-08-01",NA,NA,NA,100,NA,NA,NA,100
"USS0049M08S","Indian Pass",1,1,"1981","08","1981-08-01","1981-09-01",NA,NA,NA,100,NA,NA,NA,100
"USS0049M08S","Indian Pass",1,1,"1981","09","1981-09-01","1981-10-01",21.2,21.2,21.2,97,NA,NA,NA,100
"USS0049M08S","Indian Pass",1,1,"1981","10","1981-10-01","1981-11-01",25.2645161290323,14,33.8,0,NA,NA,NA,100
"USS0049M08S","Indian Pass",1,1,"1981","11","1981-11-01","1981-12-01",18.8,1.4,32,0,NA,NA,NA,100
"USS0049M08S","Indian Pass",1,1,"1981","12","1981-12-01","1982-01-01",15.6258064516129,1.4,32,0,NA,NA,NA,100
"USS0049M08S","Indian Pass",1,1,"1982","01","1982-01-01","1982-02-01",10.4,-14.8,30.2,0,NA,NA,NA,100
"USS0049M08S","Indian Pass",1,1,"1982","02","1982-02-01","1982-03-01",7.82857142857143,-18.4,35.6,0,NA,NA,NA,100
"USS0049M08S","Indian Pass",1,1,"1982","03","1982-03-01","1982-04-01",18.7032258064516,1.4,30.2,0,NA,NA,NA,100
"USS0049M08S","Indian Pass",1,1,"1982","04","1982-04-01","1982-05-01",21.56,-0.399999999999999,32,0,NA,NA,NA,100
"USS0049M08S","Indian Pass",1,1,"1982","05","1982-05-01","1982-06-01",31.8258064516129,24.8,42.8,0,NA,NA,NA,100
"USS0049M08S","Indian Pass",1,1,"1982","06","1982-06-01","1982-07-01",38.24,33.8,53.6,0,NA,NA,NA,100
"USS0049M08S","Indian Pass",1,1,"1982","07","1982-07-01","1982-08-01",43.0903225806452,35.6,53.6,0,NA,NA,NA,100
"USS0049M08S","Indian Pass",1,1,"1982","08","1982-08-01","1982-09-01",42.2193548387097,37.4,50,0,NA,NA,NA,100
"USS0049M08S","Indian Pass",1,1,"1982","09","1982-09-01","1982-10-01",36.08,28.4,42.8,0,NA,NA,NA,100
"USS0049M08S","Indian Pass",1,1,"1982","10","1982-10-01","1982-11-01",18.2967741935484,1.4,30.2,0,NA,NA,NA,100
"USS0049M08S","Indian Pass",1,1,"1982","11","1982-11-01","1982-12-01",19.28,-2.2,33.8,0,NA,NA,NA,100
"USS0049M08S","Indian Pass",1,1,"1982","12","1982-12-01","1983-01-01",23.6387096774194,1.4,32,0,NA,NA,NA,100
"USS0049M08S","Indian Pass",1,1,"1983","01","1983-01-01","1983-02-01",13.7677419354839,-16.6,33.8,0,NA,NA,NA,100
"USS0049M08S","Indian Pass",1,1,"1983","02","1983-02-01","1983-03-01",21.0071428571429,5,32,0,NA,NA,NA,100
"USS0049M08S","Indian Pass",1,1,"1983","03","1983-03-01","1983-04-01",24.741935483871,12.2,32,0,NA,NA,NA,100
"USS0049M08S","Indian Pass",1,1,"1983","04","1983-04-01","1983-05-01",26.36,14,32,0,NA,NA,NA,100
"USS0049M08S","Indian Pass",1,1,"1983","05","1983-05-01","1983-06-01",34.6129032258064,28.4,42.8,0,NA,NA,NA,100
"USS0049M08S","Indian Pass",1,1,"1983","06","1983-06-01","1983-07-01",41,33.8,46.4,0,NA,NA,NA,100
"USS0049M08S","Indian Pass",1,1,"1983","07","1983-07-01","1983-08-01",44.8903225806452,39.2,51.8,0,NA,NA,NA,100
"USS0049M08S","Indian Pass",1,1,"1983","08","1983-08-01","1983-09-01",37.8645161290323,32,48.2,0,NA,NA,NA,100
"USS0049M08S","Indian Pass",1,1,"1983","09","1983-09-01","1983-10-01",33.38,23,41,0,NA,NA,NA,100
"USS0049M08S","Indian Pass",1,1,"1983","10","1983-10-01","1983-11-01",26.4838709677419,14,37.4,0,NA,NA,NA,100
"USS0049M08S","Indian Pass",1,1,"1983","11","1983-11-01","1983-12-01",25.04,10.4,32,0,NA,NA,NA,100
"USS0049M08S","Indian Pass",1,1,"1983","12","1983-12-01","1984-01-01",21.2,3.2,32,0,NA,NA,NA,100
"USS0049M08S","Indian Pass",1,1,"1984","01","1984-01-01","1984-02-01",16.1483870967742,-13,32,0,NA,NA,NA,100
"USS0049M08S","Indian Pass",1,1,"1984","02","1984-02-01","1984-03-01",14.8068965517241,-5.8,26.6,0,NA,NA,NA,100
"USS0049M08S","Indian Pass",1,1,"1984","03","1984-03-01","1984-04-01",28.0516129032258,21.2,35.6,0,NA,NA,NA,100
"USS0049M08S","Indian Pass",1,1,"1984","04","1984-04-01","1984-05-01",25.22,17.6,32,0,NA,NA,NA,100
"USS0049M08S","Indian Pass",1,1,"1984","05","1984-05-01","1984-06-01",32.8129032258065,28.4,37.4,0,NA,NA,NA,100
"USS0049M08S","Indian Pass",1,1,"1984","06","1984-06-01","1984-07-01",38.6,35.6,42.8,90,NA,NA,NA,100
"USS0049M08S","Indian Pass",1,1,"1984","07","1984-07-01","1984-08-01",NA,NA,NA,100,NA,NA,NA,100
"USS0049M08S","Indian Pass",1,1,"1984","08","1984-08-01","1984-09-01",46.4,46.4,46.4,97,NA,NA,NA,100
"USS0049M08S","Indian Pass",1,1,"1984","09","1984-09-01","1984-10-01",37.4,37.4,37.4,97,NA,NA,NA,100
"USS0049M08S","Indian Pass",1,1,"1984","10","1984-10-01","1984-11-01",26.1354838709677,12.2,37.4,0,NA,NA,NA,100
"USS0049M08S","Indian Pass",1,1,"1984","11","1984-11-01","1984-12-01",14,-4,28.4,0,NA,NA,NA,100
"USS0049M08S","Indian Pass",1,1,"1984","12","1984-12-01","1985-01-01",18.2967741935484,1.4,32,0,NA,NA,NA,100
"USS0049M08S","Indian Pass",1,1,"1985","01","1985-01-01","1985-02-01",26.3677419354839,15.8,32,0,NA,NA,NA,100
"USS0049M08S","Indian Pass",1,1,"1985","02","1985-02-01","1985-03-01",5.38571428571429,-9.4,26.6,0,NA,NA,NA,100
"USS0049M08S","Indian Pass",1,1,"1985","03","1985-03-01","1985-04-01",16.4967741935484,-5.8,26.6,0,NA,NA,NA,100
"USS0049M08S","Indian Pass",1,1,"1985","04","1985-04-01","1985-05-01",17.42,-7.6,26.6,0,NA,NA,NA,100
"USS0049M08S","Indian Pass",1,1,"1985","05","1985-05-01","1985-06-01",30.4322580645161,19.4,44.6,0,NA,NA,NA,100
"USS0049M08S","Indian Pass",1,1,"1985","06","1985-06-01","1985-07-01",35.24,32,50,0,NA,NA,NA,100
"USS0049M08S","Indian Pass",1,1,"1985","07","1985-07-01","1985-08-01",42.858064516129,39.2,48.2,0,NA,NA,NA,100
"USS0049M08S","Indian Pass",1,1,"1985","08","1985-08-01","1985-09-01",39.4903225806452,23,44.6,0,NA,NA,NA,100
"USS0049M08S","Indian Pass",1,1,"1985","09","1985-09-01","1985-10-01",33.26,26.6,42.8,0,NA,NA,NA,100
"USS0049M08S","Indian Pass",1,1,"1985","10","1985-10-01","1985-11-01",17.8903225806452,-5.8,32,0,NA,NA,NA,100
"USS0049M08S","Indian Pass",1,1,"1985","11","1985-11-01","1985-12-01",13.64,-5.8,26.6,0,NA,NA,NA,100
"USS0049M08S","Indian Pass",1,1,"1985","12","1985-12-01","1986-01-01",24.6838709677419,8.6,32,0,NA,NA,NA,100
"USS0049M08S","Indian Pass",1,1,"1986","01","1986-01-01","1986-02-01",21.9548387096774,10.4,30.2,0,NA,NA,NA,100
"USS0049M08S","Indian Pass",1,1,"1986","02","1986-02-01","1986-03-01",12.9714285714286,-11.2,33.8,0,NA,NA,NA,100
"USS0049M08S","Indian Pass",1,1,"1986","03","1986-03-01","1986-04-01",14.1161290322581,-4,30.2,0,NA,NA,NA,100
"USS0049M08S","Indian Pass",1,1,"1986","04","1986-04-01","1986-05-01",16.34,-7.6,30.2,0,NA,NA,NA,100
"USS0049M08S","Indian Pass",1,1,"1986","05","1986-05-01","1986-06-01",31.2451612903226,24.8,41,0,NA,NA,NA,100
"USS0049M08S","Indian Pass",1,1,"1986","06","1986-06-01","1986-07-01",38.06,32,48.2,0,NA,NA,NA,100
"USS0049M08S","Indian Pass",1,1,"1986","07","1986-07-01","1986-08-01",42.6258064516129,37.4,50,0,NA,NA,NA,100
"USS0049M08S","Indian Pass",1,1,"1986","08","1986-08-01","1986-09-01",39.3741935483871,32,46.4,0,NA,NA,NA,100
"USS0049M08S","Indian Pass",1,1,"1986","09","1986-09-01","1986-10-01",36.44,23,44.6,0,NA,NA,NA,100
"USS0049M08S","Indian Pass",1,1,"1986","10","1986-10-01","1986-11-01",29.6193548387097,19.4,39.2,0,NA,NA,NA,100
"USS0049M08S","Indian Pass",1,1,"1986","11","1986-11-01","1986-12-01",20,-4,32,0,NA,NA,NA,100
"USS0049M08S","Indian Pass",1,1,"1986","12","1986-12-01","1987-01-01",24.741935483871,10.4,32,0,NA,NA,NA,100
"USS0049M08S","Indian Pass",1,1,"1987","01","1987-01-01","1987-02-01",19.341935483871,-7.6,30.2,0,NA,NA,NA,100
"USS0049M08S","Indian Pass",1,1,"1987","02","1987-02-01","1987-03-01",19.7214285714286,-0.399999999999999,28.4,0,NA,NA,NA,100
"USS0049M08S","Indian Pass",1,1,"1987","03","1987-03-01","1987-04-01",18.8193548387097,-5.8,30.2,0,NA,NA,NA,100
"USS0049M08S","Indian Pass",1,1,"1987","04","1987-04-01","1987-05-01",24.5,14,32,0,NA,NA,NA,100
"USS0049M08S","Indian Pass",1,1,"1987","05","1987-05-01","1987-06-01",32.5806451612903,28.4,39.2,0,NA,NA,NA,100
"USS0049M08S","Indian Pass",1,1,"1987","06","1987-06-01","1987-07-01",36.38,32,41,0,NA,NA,NA,100
"USS0049M08S","Indian Pass",1,1,"1987","07","1987-07-01","1987-08-01",42.9741935483871,37.4,51.8,0,NA,NA,NA,100
"USS0049M08S","Indian Pass",1,1,"1987","08","1987-08-01","1987-09-01",43.3225806451613,32,50,0,NA,NA,NA,100
"USS0049M08S","Indian Pass",1,1,"1987","09","1987-09-01","1987-10-01",33.98,26.6,42.8,0,NA,NA,NA,100
"USS0049M08S","Indian Pass",1,1,"1987","10","1987-10-01","1987-11-01",27.3548387096774,8.6,39.2,0,NA,NA,NA,100
"USS0049M08S","Indian Pass",1,1,"1987","11","1987-11-01","1987-12-01",20.54,6.8,30.2,0,NA,NA,NA,100
"USS0049M08S","Indian Pass",1,1,"1987","12","1987-12-01","1988-01-01",13.3454545454545,-0.399999999999999,28.4,29,NA,NA,NA,100
"USS0049M08S","Indian Pass",1,1,"1988","01","1988-01-01","1988-02-01",18.824,-2.2,32,19,NA,NA,NA,100
"USS0049M08S","Indian Pass",1,1,"1988","02","1988-02-01","1988-03-01",18.0666666666667,-13,30.2,7,NA,NA,NA,100
"USS0049M08S","Indian Pass",1,1,"1988","03","1988-03-01","1988-04-01",23.1862068965517,12.2,30.2,6,NA,NA,NA,100
"USS0049M08S","Indian Pass",1,1,"1988","04","1988-04-01","1988-05-01",24.98,14,32,0,NA,NA,NA,100
"USS0049M08S","Indian Pass",1,1,"1988","05","1988-05-01","1988-06-01",32.1862068965517,23,37.4,6,NA,NA,NA,100
"USS0049M08S","Indian Pass",1,1,"1988","06","1988-06-01","1988-07-01",38,32,42.8,0,NA,NA,NA,100
"USS0049M08S","Indian Pass",1,1,"1988","07","1988-07-01","1988-08-01",43.7290322580645,39.2,50,0,NA,NA,NA,100
"USS0049M08S","Indian Pass",1,1,"1988","08","1988-08-01","1988-09-01",40.7096774193548,35.6,46.4,0,NA,NA,NA,100
"USS0049M08S","Indian Pass",1,1,"1988","09","1988-09-01","1988-10-01",32.12,24.8,37.4,0,NA,NA,NA,100
"USS0049M08S","Indian Pass",1,1,"1988","10","1988-10-01","1988-11-01",24.1612903225806,10.4,33.8,0,NA,NA,NA,100
"USS0049M08S","Indian Pass",1,1,"1988","11","1988-11-01","1988-12-01",10.76,-2.2,24.8,0,NA,NA,NA,100
"USS0049M08S","Indian Pass",1,1,"1988","12","1988-12-01","1989-01-01",13.3612903225806,-0.399999999999999,26.6,0,NA,NA,NA,100
"USS0049M08S","Indian Pass",1,1,"1989","01","1989-01-01","1989-02-01",-4.40645161290323,-36.4,23,0,NA,NA,NA,100
"USS0049M08S","Indian Pass",1,1,"1989","02","1989-02-01","1989-03-01",17.15,-2.2,28.4,0,NA,NA,NA,100
"USS0049M08S","Indian Pass",1,1,"1989","03","1989-03-01","1989-04-01",11.4451612903226,-5.8,26.6,0,NA,NA,NA,100
"USS0049M08S","Indian Pass",1,1,"1989","04","1989-04-01","1989-05-01",22.94,-18.4,32,0,NA,NA,NA,100
"USS0049M08S","Indian Pass",1,1,"1989","05","1989-05-01","1989-06-01",28.7483870967742,23,33.8,0,NA,NA,NA,100
"USS0049M08S","Indian Pass",1,1,"1989","06","1989-06-01","1989-07-01",39.08,33.8,48.2,0,NA,NA,NA,100
"USS0049M08S","Indian Pass",1,1,"1989","07","1989-07-01","1989-08-01",45.4129032258065,41,51.8,0,NA,NA,NA,100
"USS0049M08S","Indian Pass",1,1,"1989","08","1989-08-01","1989-09-01",44.658064516129,39.2,51.8,0,NA,NA,NA,100
"USS0049M08S","Indian Pass",1,1,"1989","09","1989-09-01","1989-10-01",38.54,32,48.2,0,NA,NA,NA,100
"USS0049M08S","Indian Pass",1,1,"1989","10","1989-10-01","1989-11-01",25.304,6.8,35.6,19,NA,NA,NA,100
"USS0049M08S","Indian Pass",1,1,"1989","11","1989-11-01","1989-12-01",11.78,-13,32,0,NA,NA,NA,100
"USS0049M08S","Indian Pass",1,1,"1989","12","1989-12-01","1990-01-01",19.5741935483871,-0.399999999999999,32,0,NA,NA,NA,100
"USS0049M08S","Indian Pass",1,1,"1990","01","1990-01-01","1990-02-01",9.58709677419355,-13,28.4,0,NA,NA,NA,100
"USS0049M08S","Indian Pass",1,1,"1990","02","1990-02-01","1990-03-01",0.371428571428571,-13,26.6,0,NA,NA,NA,100
"USS0049M08S","Indian Pass",1,1,"1990","03","1990-03-01","1990-04-01",19.5862068965517,6.8,30.2,6,NA,NA,NA,100
"USS0049M08S","Indian Pass",1,1,"1990","04","1990-04-01","1990-05-01",28.16,17.6,32,0,NA,NA,NA,100
"USS0049M08S","Indian Pass",1,1,"1990","05","1990-05-01","1990-06-01",32.9391304347826,26.6,37.4,26,NA,NA,NA,100
"USS0049M08S","Indian Pass",1,1,"1990","06","1990-06-01","1990-07-01",NA,NA,NA,100,NA,NA,NA,100
"USS0049M08S","Indian Pass",1,1,"1990","07","1990-07-01","1990-08-01",NA,NA,NA,100,NA,NA,NA,100
"USS0049M08S","Indian Pass",1,1,"1990","08","1990-08-01","1990-09-01",NA,NA,NA,100,NA,NA,NA,100
"USS0049M08S","Indian Pass",1,1,"1990","09","1990-09-01","1990-10-01",28.4,28.4,28.4,97,NA,NA,NA,100
"USS0049M08S","Indian Pass",1,1,"1990","10","1990-10-01","1990-11-01",22.5354838709677,8.6,33.8,0,NA,NA,NA,100
"USS0049M08S","Indian Pass",1,1,"1990","11","1990-11-01","1990-12-01",3.68,-18.4,28.4,0,NA,NA,NA,100
"USS0049M08S","Indian Pass",1,1,"1990","12","1990-12-01","1991-01-01",12.6645161290323,-5.8,28.4,0,NA,NA,NA,100
"USS0049M08S","Indian Pass",1,1,"1991","01","1991-01-01","1991-02-01",13.1290322580645,-11.2,30.2,0,NA,NA,NA,100
"USS0049M08S","Indian Pass",1,1,"1991","02","1991-02-01","1991-03-01",16.25,-13,32,0,NA,NA,NA,100
"USS0049M08S","Indian Pass",1,1,"1991","03","1991-03-01","1991-04-01",17.2516129032258,1.4,32,0,NA,NA,NA,100
"USS0049M08S","Indian Pass",1,1,"1991","04","1991-04-01","1991-05-01",27.8,17.6,39.2,0,NA,NA,NA,100
"USS0049M08S","Indian Pass",1,1,"1991","05","1991-05-01","1991-06-01",34.4967741935484,26.6,48.2,0,NA,NA,NA,100
"USS0049M08S","Indian Pass",1,1,"1991","06","1991-06-01","1991-07-01",42.14,32,51.8,0,NA,NA,NA,100
"USS0049M08S","Indian Pass",1,1,"1991","07","1991-07-01","1991-08-01",44.4838709677419,33.8,59,0,NA,NA,NA,100
"USS0049M08S","Indian Pass",1,1,"1991","08","1991-08-01","1991-09-01",42.6258064516129,35.6,51.8,0,NA,NA,NA,100
"USS0049M08S","Indian Pass",1,1,"1991","09","1991-09-01","1991-10-01",38.54,32,46.4,0,NA,NA,NA,100
"USS0049M08S","Indian Pass",1,1,"1991","10","1991-10-01","1991-11-01",26.0193548387097,14,35.6,0,NA,NA,NA,100
"USS0049M08S","Indian Pass",1,1,"1991","11","1991-11-01","1991-12-01",23.36,3.2,33.8,0,NA,NA,NA,100
"USS0049M08S","Indian Pass",1,1,"1991","12","1991-12-01","1992-01-01",17.541935483871,-0.399999999999999,32,0,NA,NA,NA,100
"USS0049M08S","Indian Pass",1,1,"1992","01","1992-01-01","1992-02-01",18.2967741935484,1.4,32,0,NA,NA,NA,100
"USS0049M08S","Indian Pass",1,1,"1992","02","1992-02-01","1992-03-01",11.2068965517241,-9.4,30.2,0,NA,NA,NA,100
"USS0049M08S","Indian Pass",1,1,"1992","03","1992-03-01","1992-04-01",15.2193548387097,-16.6,32,0,NA,NA,NA,100
"USS0049M08S","Indian Pass",1,1,"1992","04","1992-04-01","1992-05-01",21.62,3.2,32,0,NA,NA,NA,100
"USS0049M08S","Indian Pass",1,1,"1992","05","1992-05-01","1992-06-01",31.8258064516129,19.4,39.2,0,NA,NA,NA,100
"USS0049M08S","Indian Pass",1,1,"1992","06","1992-06-01","1992-07-01",39.98,33.8,50,0,NA,NA,NA,100
"USS0049M08S","Indian Pass",1,1,"1992","07","1992-07-01","1992-08-01",44.0774193548387,39.2,51.8,0,NA,NA,NA,100
"USS0049M08S","Indian Pass",1,1,"1992","08","1992-08-01","1992-09-01",40.941935483871,33.8,48.2,0,NA,NA,NA,100
"USS0049M08S","Indian Pass",1,1,"1992","09","1992-09-01","1992-10-01",26.54,14,35.6,0,NA,NA,NA,100
"USS0049M08S","Indian Pass",1,1,"1992","10","1992-10-01","1992-11-01",21.4903225806452,3.2,32,0,NA,NA,NA,100
"USS0049M08S","Indian Pass",1,1,"1992","11","1992-11-01","1992-12-01",21.62,6.8,32,0,NA,NA,NA,100
"USS0049M08S","Indian Pass",1,1,"1992","12","1992-12-01","1993-01-01",10.5161290322581,-9.4,26.6,0,NA,NA,NA,100
"USS0049M08S","Indian Pass",1,1,"1993","01","1993-01-01","1993-02-01",9.29677419354839,-16.6,26.6,0,NA,NA,NA,100
"USS0049M08S","Indian Pass",1,1,"1993","02","1993-02-01","1993-03-01",19.7857142857143,-13,32,0,NA,NA,NA,100
"USS0049M08S","Indian Pass",1,1,"1993","03","1993-03-01","1993-04-01",19.8645161290323,3.2,30.2,0,NA,NA,NA,100
"USS0049M08S","Indian Pass",1,1,"1993","04","1993-04-01","1993-05-01",28.4,21.2,33.8,0,NA,NA,NA,100
"USS0049M08S","Indian Pass",1,1,"1993","05","1993-05-01","1993-06-01",35.8903225806452,30.2,46.4,0,NA,NA,NA,100
"USS0049M08S","Indian Pass",1,1,"1993","06","1993-06-01","1993-07-01",40.82,32,46.4,0,NA,NA,NA,100
"USS0049M08S","Indian Pass",1,1,"1993","07","1993-07-01","1993-08-01",47.9096774193548,37.4,53.6,0,NA,NA,NA,100
"USS0049M08S","Indian Pass",1,1,"1993","08","1993-08-01","1993-09-01",45.2387096774194,35.6,51.8,0,NA,NA,NA,100
"USS0049M08S","Indian Pass",1,1,"1993","09","1993-09-01","1993-10-01",34.82,24.8,44.6,0,NA,NA,NA,100
"USS0049M08S","Indian Pass",1,1,"1993","10","1993-10-01","1993-11-01",28.4,10.4,41,0,NA,NA,NA,100
"USS0049M08S","Indian Pass",1,1,"1993","11","1993-11-01","1993-12-01",18.62,-4,32,0,NA,NA,NA,100
"USS0049M08S","Indian Pass",1,1,"1993","12","1993-12-01","1994-01-01",21.4322580645161,6.8,30.2,0,NA,NA,NA,100
"USS0049M08S","Indian Pass",1,1,"1994","01","1994-01-01","1994-02-01",20.5612903225806,-9.4,33.8,0,NA,NA,NA,100
"USS0049M08S","Indian Pass",1,1,"1994","02","1994-02-01","1994-03-01",6.54285714285714,-13,32,0,NA,NA,NA,100
"USS0049M08S","Indian Pass",1,1,"1994","03","1994-03-01","1994-04-01",16.4967741935484,-11.2,32,0,NA,NA,NA,100
"USS0049M08S","Indian Pass",1,1,"1994","04","1994-04-01","1994-05-01",26.72,-0.399999999999999,33.8,0,NA,NA,NA,100
"USS0049M08S","Indian Pass",1,1,"1994","05","1994-05-01","1994-06-01",32.1161290322581,24.8,37.4,0,NA,NA,NA,100
"USS0049M08S","Indian Pass",1,1,"1994","06","1994-06-01","1994-07-01",40.34,35.6,50,0,NA,NA,NA,100
"USS0049M08S","Indian Pass",1,1,"1994","07","1994-07-01","1994-08-01",43.7870967741936,39.2,50,0,NA,NA,NA,100
"USS0049M08S","Indian Pass",1,1,"1994","08","1994-08-01","1994-09-01",44.1354838709677,32,53.6,0,NA,NA,NA,100
"USS0049M08S","Indian Pass",1,1,"1994","09","1994-09-01","1994-10-01",34.1,24.8,41,0,NA,NA,NA,100
"USS0049M08S","Indian Pass",1,1,"1994","10","1994-10-01","1994-11-01",23.7548387096774,8.6,39.2,0,NA,NA,NA,100
"USS0049M08S","Indian Pass",1,1,"1994","11","1994-11-01","1994-12-01",8.36,-13,28.4,0,NA,NA,NA,100
"USS0049M08S","Indian Pass",1,1,"1994","12","1994-12-01","1995-01-01",17.6666666666667,-5.8,30.2,13,NA,NA,NA,100
"USS0049M08S","Indian Pass",1,1,"1995","01","1995-01-01","1995-02-01",14.1161290322581,-13,32,0,NA,NA,NA,100
"USS0049M08S","Indian Pass",1,1,"1995","02","1995-02-01","1995-03-01",13.8714285714286,-5.8,32,0,NA,NA,NA,100
"USS0049M08S","Indian Pass",1,1,"1995","03","1995-03-01","1995-04-01",9.93548387096774,-13,32,0,NA,NA,NA,100
"USS0049M08S","Indian Pass",1,1,"1995","04","1995-04-01","1995-05-01",29.3,23,39.2,0,NA,NA,NA,100
"USS0049M08S","Indian Pass",1,1,"1995","05","1995-05-01","1995-06-01",33.4516129032258,30.2,42.8,0,NA,NA,NA,100
"USS0049M08S","Indian Pass",1,1,"1995","06","1995-06-01","1995-07-01",39.38,28.4,53.6,0,NA,NA,NA,100
"USS0049M08S","Indian Pass",1,1,"1995","07","1995-07-01","1995-08-01",44.1935483870968,39.2,48.2,0,NA,NA,NA,100
"USS0049M08S","Indian Pass",1,1,"1995","08","1995-08-01","1995-09-01",42.6258064516129,37.4,48.2,0,NA,NA,NA,100
"USS0049M08S","Indian Pass",1,1,"1995","09","1995-09-01","1995-10-01",41.06,32,50,0,NA,NA,NA,100
"USS0049M08S","Indian Pass",1,1,"1995","10","1995-10-01","1995-11-01",28.8645161290323,15.8,35.6,0,NA,NA,NA,100
"USS0049M08S","Indian Pass",1,1,"1995","11","1995-11-01","1995-12-01",12.62,-0.399999999999999,26.6,0,NA,NA,NA,100
"USS0049M08S","Indian Pass",1,1,"1995","12","1995-12-01","1996-01-01",19.1096774193548,-9.4,32,0,NA,NA,NA,100
"USS0049M08S","Indian Pass",1,1,"1996","01","1996-01-01","1996-02-01",6.16129032258065,-11.2,26.6,0,NA,NA,NA,100
"USS0049M08S","Indian Pass",1,1,"1996","02","1996-02-01","1996-03-01",10.4,-11.2,28.4,0,NA,NA,NA,100
"USS0049M08S","Indian Pass",1,1,"1996","03","1996-03-01","1996-04-01",19.9225806451613,5,26.6,0,NA,NA,NA,100
"USS0049M08S","Indian Pass",1,1,"1996","04","1996-04-01","1996-05-01",25.76,10.4,33.8,0,NA,NA,NA,100
"USS0049M08S","Indian Pass",1,1,"1996","05","1996-05-01","1996-06-01",35.4838709677419,30.2,51.8,0,NA,NA,NA,100
"USS0049M08S","Indian Pass",1,1,"1996","06","1996-06-01","1996-07-01",39.2,32,51.8,0,NA,NA,NA,100
"USS0049M08S","Indian Pass",1,1,"1996","07","1996-07-01","1996-08-01",44.2516129032258,37.4,53.6,0,NA,NA,NA,100
"USS0049M08S","Indian Pass",1,1,"1996","08","1996-08-01","1996-09-01",41.5806451612903,33.8,46.4,0,NA,NA,NA,100
"USS0049M08S","Indian Pass",1,1,"1996","09","1996-09-01","1996-10-01",31.88,19.4,42.8,0,NA,NA,NA,100
"USS0049M08S","Indian Pass",1,1,"1996","10","1996-10-01","1996-11-01",18.0064516129032,1.4,33.8,0,NA,NA,NA,100
"USS0049M08S","Indian Pass",1,1,"1996","11","1996-11-01","1996-12-01",16.76,-4,33.8,0,NA,NA,NA,100
"USS0049M08S","Indian Pass",1,1,"1996","12","1996-12-01","1997-01-01",13.0129032258065,-5.8,30.2,0,NA,NA,NA,100
"USS0049M08S","Indian Pass",1,1,"1997","01","1997-01-01","1997-02-01",13.5935483870968,-13,32,0,NA,NA,NA,100
"USS0049M08S","Indian Pass",1,1,"1997","02","1997-02-01","1997-03-01",24.9384615384615,6.8,32,7,NA,NA,NA,100
"USS0049M08S","Indian Pass",1,1,"1997","03","1997-03-01","1997-04-01",13.94,-2.2,24.8,3,NA,NA,NA,100
"USS0049M08S","Indian Pass",1,1,"1997","04","1997-04-01","1997-05-01",26.72,15.8,35.6,0,NA,NA,NA,100
"USS0049M08S","Indian Pass",1,1,"1997","05","1997-05-01","1997-06-01",34.4967741935484,24.8,44.6,0,NA,NA,NA,100
"USS0049M08S","Indian Pass",1,1,"1997","06","1997-06-01","1997-07-01",42.62,32,55.4,0,NA,NA,NA,100
"USS0049M08S","Indian Pass",1,1,"1997","07","1997-07-01","1997-08-01",47.9677419354839,42.8,53.6,0,NA,NA,NA,100
"USS0049M08S","Indian Pass",1,1,"1997","08","1997-08-01","1997-09-01",45.4129032258065,35.6,57.2,0,NA,NA,NA,100
"USS0049M08S","Indian Pass",1,1,"1997","09","1997-09-01","1997-10-01",37.8965517241379,30.2,44.6,3,NA,NA,NA,100
"USS0049M08S","Indian Pass",1,1,"1997","10","1997-10-01","1997-11-01",21.258064516129,3.2,32,0,NA,NA,NA,100
"USS0049M08S","Indian Pass",1,1,"1997","11","1997-11-01","1997-12-01",22.52,-0.399999999999999,32,0,NA,NA,NA,100
"USS0049M08S","Indian Pass",1,1,"1997","12","1997-12-01","1998-01-01",11.4451612903226,-7.6,30.2,0,NA,NA,NA,100
"USS0049M08S","Indian Pass",1,1,"1998","01","1998-01-01","1998-02-01",18.2387096774194,-9.4,28.4,0,NA,NA,NA,100
"USS0049M08S","Indian Pass",1,1,"1998","02","1998-02-01","1998-03-01",23.7071428571429,10.4,32,0,NA,NA,NA,100
"USS0049M08S","Indian Pass",1,1,"1998","03","1998-03-01","1998-04-01",23.9290322580645,6.8,32,0,NA,NA,NA,100
"USS0049M08S","Indian Pass",1,1,"1998","04","1998-04-01","1998-05-01",28.52,19.4,32,0,NA,NA,NA,100
"USS0049M08S","Indian Pass",1,1,"1998","05","1998-05-01","1998-06-01",32.1741935483871,24.8,44.6,0,NA,NA,NA,100
"USS0049M08S","Indian Pass",1,1,"1998","06","1998-06-01","1998-07-01",39.68,33.8,48.2,0,NA,NA,NA,100
"USS0049M08S","Indian Pass",1,1,"1998","07","1998-07-01","1998-08-01",43.3225806451613,39.2,48.2,0,NA,NA,NA,100
"USS0049M08S","Indian Pass",1,1,"1998","08","1998-08-01","1998-09-01",39.4903225806452,32,48.2,0,NA,NA,NA,100
"USS0049M08S","Indian Pass",1,1,"1998","09","1998-09-01","1998-10-01",34.46,26.6,39.2,0,NA,NA,NA,100
"USS0049M08S","Indian Pass",1,1,"1998","10","1998-10-01","1998-11-01",27.4709677419355,15.8,35.6,0,NA,NA,NA,100
"USS0049M08S","Indian Pass",1,1,"1998","11","1998-11-01","1998-12-01",24.26,3.2,33.8,0,NA,NA,NA,100
"USS0049M08S","Indian Pass",1,1,"1998","12","1998-12-01","1999-01-01",17.6,-0.399999999999999,26.6,3,NA,NA,NA,100
"USS0049M08S","Indian Pass",1,1,"1999","01","1999-01-01","1999-02-01",8.13548387096774,-23.8,28.4,0,NA,NA,NA,100
"USS0049M08S","Indian Pass",1,1,"1999","02","1999-02-01","1999-03-01",0.885714285714285,-27.4,30.2,50,NA,NA,NA,100
"USS0049M08S","Indian Pass",1,1,"1999","03","1999-03-01","1999-04-01",12.635,-9.4,28.4,23,NA,NA,NA,100
"USS0049M08S","Indian Pass",1,1,"1999","04","1999-04-01","1999-05-01",23.0423529411765,7.16,32.72,43,NA,NA,NA,100
"USS0049M08S","Indian Pass",1,1,"1999","05","1999-05-01","1999-06-01",32.36,22.46,41.9,23,NA,NA,NA,100
"USS0049M08S","Indian Pass",1,1,"1999","06","1999-06-01","1999-07-01",41.2828571428571,32.18,48.02,7,NA,NA,NA,100
"USS0049M08S","Indian Pass",1,1,"1999","07","1999-07-01","1999-08-01",45.5931034482759,39.02,52.52,6,NA,NA,NA,100
"USS0049M08S","Indian Pass",1,1,"1999","08","1999-08-01","1999-09-01",44.3992307692308,36.14,51.62,16,NA,NA,NA,100
"USS0049M08S","Indian Pass",1,1,"1999","09","1999-09-01","1999-10-01",36.725,26.06,44.24,20,NA,NA,NA,100
"USS0049M08S","Indian Pass",1,1,"1999","10","1999-10-01","1999-11-01",25.7,11.48,35.24,39,NA,NA,NA,100
"USS0049M08S","Indian Pass",1,1,"1999","11","1999-11-01","1999-12-01",18.9745454545455,0.859999999999999,31.64,27,NA,NA,NA,100
"USS0049M08S","Indian Pass",1,1,"1999","12","1999-12-01","2000-01-01",11.4938461538462,-8.68000000000001,34.7,16,NA,NA,NA,100
"USS0049M08S","Indian Pass",1,1,"2000","01","2000-01-01","2000-02-01",11.66,-15.16,28.04,23,NA,NA,NA,100
"USS0049M08S","Indian Pass",1,1,"2000","02","2000-02-01","2000-03-01",23.2976923076923,10.22,32.18,10,NA,NA,NA,100
"USS0049M08S","Indian Pass",1,1,"2000","03","2000-03-01","2000-04-01",21.2936,6.26,29.66,19,NA,NA,NA,100
"USS0049M08S","Indian Pass",1,1,"2000","04","2000-04-01","2000-05-01",25.2176,15.62,35.96,17,NA,NA,NA,100
"USS0049M08S","Indian Pass",1,1,"2000","05","2000-05-01","2000-06-01",31.2466666666667,23.9,38.12,13,NA,NA,NA,100
"USS0049M08S","Indian Pass",1,1,"2000","06","2000-06-01","2000-07-01",40.415,32.9,47.66,7,NA,NA,NA,100
"USS0049M08S","Indian Pass",1,1,"2000","07","2000-07-01","2000-08-01",44.9946153846154,40.46,49.46,16,NA,NA,NA,100
"USS0049M08S","Indian Pass",1,1,"2000","08","2000-08-01","2000-09-01",41.92,32.18,51.62,13,NA,NA,NA,100
"USS0049M08S","Indian Pass",1,1,"2000","09","2000-09-01","2000-10-01",34.1253846153846,23.18,43.16,13,NA,NA,NA,100
"USS0049M08S","Indian Pass",1,1,"2000","10","2000-10-01","2000-11-01",25.58,13.64,36.86,13,NA,NA,NA,100
"USS0049M08S","Indian Pass",1,1,"2000","11","2000-11-01","2000-12-01",23.8193103448276,12.74,32.9,3,NA,NA,NA,100
"USS0049M08S","Indian Pass",1,1,"2000","12","2000-12-01","2001-01-01",23.855,12.92,31.46,23,NA,NA,NA,100
"USS0049M08S","Indian Pass",1,1,"2001","01","2001-01-01","2001-02-01",21.7112,4.28,31.28,19,NA,NA,NA,100
"USS0049M08S","Indian Pass",1,1,"2001","02","2001-02-01","2001-03-01",12.56,-99.58,27.68,21,NA,NA,NA,100
"USS0049M08S","Indian Pass",1,1,"2001","03","2001-03-01","2001-04-01",18.14,-0.399999999999999,28.4,23,NA,NA,NA,100
"USS0049M08S","Indian Pass",1,1,"2001","04","2001-04-01","2001-05-01",23.63,8.96,31.64,33,NA,NA,NA,100
"USS0049M08S","Indian Pass",1,1,"2001","05","2001-05-01","2001-06-01",31.6533333333333,19.22,41.9,13,NA,NA,NA,100
"USS0049M08S","Indian Pass",1,1,"2001","06","2001-06-01","2001-07-01",40.2963636363636,31.82,48.74,27,NA,NA,NA,100
"USS0049M08S","Indian Pass",1,1,"2001","07","2001-07-01","2001-08-01",45.2965217391304,40.64,49.64,26,NA,NA,NA,100
"USS0049M08S","Indian Pass",1,1,"2001","08","2001-08-01","2001-09-01",45.6453846153846,39.56,49.64,16,NA,NA,NA,100
"USS0049M08S","Indian Pass",1,1,"2001","09","2001-09-01","2001-10-01",36.6944,30.2,43.7,17,NA,NA,NA,100
"USS0049M08S","Indian Pass",1,1,"2001","10","2001-10-01","2001-11-01",17.645,1.04,40.82,10,NA,NA,NA,100
"USS0049M08S","Indian Pass",1,1,"2001","11","2001-11-01","2001-12-01",17.9,5.54,31.64,10,NA,NA,NA,100
"USS0049M08S","Indian Pass",1,1,"2001","12","2001-12-01","2002-01-01",7.00347826086956,-11.2,32,26,NA,NA,NA,100
"USS0049M08S","Indian Pass",1,1,"2002","01","2002-01-01","2002-02-01",17.0253846153846,-10.66,29.84,16,NA,NA,NA,100
"USS0049M08S","Indian Pass",1,1,"2002","02","2002-02-01","2002-03-01",15.3926315789474,-3.82000000000001,25.88,32,NA,NA,NA,100
"USS0049M08S","Indian Pass",1,1,"2002","03","2002-03-01","2002-04-01",13.2515789473684,-0.220000000000006,24.62,39,NA,NA,NA,100
"USS0049M08S","Indian Pass",1,1,"2002","04","2002-04-01","2002-05-01",19.448,1.57999999999999,38.3,0,NA,NA,NA,100
"USS0049M08S","Indian Pass",1,1,"2002","05","2002-05-01","2002-06-01",35.4488,26.42,46.76,19,NA,NA,NA,100
"USS0049M08S","Indian Pass",1,1,"2002","06","2002-06-01","2002-07-01",40.5714285714286,33.62,47.48,30,NA,NA,NA,100
"USS0049M08S","Indian Pass",1,1,"2002","07","2002-07-01","2002-08-01",45.638,41,50.54,3,NA,NA,NA,100
"USS0049M08S","Indian Pass",1,1,"2002","08","2002-08-01","2002-09-01",43.565,37.58,52.88,23,NA,NA,NA,100
"USS0049M08S","Indian Pass",1,1,"2002","09","2002-09-01","2002-10-01",39.00875,29.66,50.54,47,NA,NA,NA,100
"USS0049M08S","Indian Pass",1,1,"2002","10","2002-10-01","2002-11-01",33.2942857142857,25.88,39.56,32,NA,NA,NA,100
"USS0049M08S","Indian Pass",1,1,"2002","11","2002-11-01","2002-12-01",28.0328,19.04,35.42,17,NA,NA,NA,100
"USS0049M08S","Indian Pass",1,1,"2002","12","2002-12-01","2003-01-01",18.0930434782609,-2.2,32.72,26,NA,NA,NA,100
"USS0049M08S","Indian Pass",1,1,"2003","01","2003-01-01","2003-02-01",20.3216,-6.7,30.74,19,NA,NA,NA,100
"USS0049M08S","Indian Pass",1,1,"2003","02","2003-02-01","2003-03-01",22.7336,5.72,30.56,11,NA,NA,NA,100
"USS0049M08S","Indian Pass",1,1,"2003","03","2003-03-01","2003-04-01",12.7809090909091,-17.68,28.94,29,NA,NA,NA,100
"USS0049M08S","Indian Pass",1,1,"2003","04","2003-04-01","2003-05-01",17.6490909090909,-2.2,30.38,27,NA,NA,NA,100
"USS0049M08S","Indian Pass",1,1,"2003","05","2003-05-01","2003-06-01",31.49,23.36,39.02,23,NA,NA,NA,100
"USS0049M08S","Indian Pass",1,1,"2003","06","2003-06-01","2003-07-01",39.665,32.9,47.66,20,NA,NA,NA,100
"USS0049M08S","Indian Pass",1,1,"2003","07","2003-07-01","2003-08-01",47.6857142857143,37.4,54.14,10,NA,NA,NA,100
"USS0049M08S","Indian Pass",1,1,"2003","08","2003-08-01","2003-09-01",43.32,36.5,52.16,13,NA,NA,NA,100
"USS0049M08S","Indian Pass",1,1,"2003","09","2003-09-01","2003-10-01",34.9284615384615,22.46,47.12,13,NA,NA,NA,100
"USS0049M08S","Indian Pass",1,1,"2003","10","2003-10-01","2003-11-01",31.7375,23.72,43.16,23,NA,NA,NA,100
"USS0049M08S","Indian Pass",1,1,"2003","11","2003-11-01","2003-12-01",11.615,-10.84,32.18,20,NA,NA,NA,100
"USS0049M08S","Indian Pass",1,1,"2003","12","2003-12-01","2004-01-01",14.915652173913,-10.66,28.76,26,NA,NA,NA,100
"USS0049M08S","Indian Pass",1,1,"2004","01","2004-01-01","2004-02-01",-2.57384615384616,-99.58,31.1,58,NA,NA,NA,100
"USS0049M08S","Indian Pass",1,1,"2004","02","2004-02-01","2004-03-01",19.9057142857143,6.8,30.92,28,NA,NA,NA,100
"USS0049M08S","Indian Pass",1,1,"2004","03","2004-03-01","2004-04-01",15.3172727272727,-5.62,27.5,29,NA,NA,NA,100
"USS0049M08S","Indian Pass",1,1,"2004","04","2004-04-01","2004-05-01",25.1,4.82,36.5,30,NA,NA,NA,100
"USS0049M08S","Indian Pass",1,1,"2004","05","2004-05-01","2004-06-01",36.4810526315789,31.64,40.28,39,NA,NA,NA,100
"USS0049M08S","Indian Pass",1,1,"2004","06","2004-06-01","2004-07-01",42.7937931034483,32.9,50.18,3,NA,NA,NA,100
"USS0049M08S","Indian Pass",1,1,"2004","07","2004-07-01","2004-08-01",46.658,39.92,54.14,3,NA,NA,NA,100
"USS0049M08S","Indian Pass",1,1,"2004","08","2004-08-01","2004-09-01",50.72,-99.4,136.76,42,NA,NA,NA,100
"USS0049M08S","Indian Pass",1,1,"2004","09","2004-09-01","2004-10-01",31.64,20.84,44.96,7,NA,NA,NA,100
"USS0049M08S","Indian Pass",1,1,"2004","10","2004-10-01","2004-11-01",22.7765517241379,-99.58,39.2,6,NA,NA,NA,100
"USS0049M08S","Indian Pass",1,1,"2004","11","2004-11-01","2004-12-01",18.6730769230769,-1.84,30.38,13,NA,NA,NA,100
"USS0049M08S","Indian Pass",1,1,"2004","12","2004-12-01","2005-01-01",16.5722580645161,-0.759999999999998,31.64,0,NA,NA,NA,100
"USS0049M08S","Indian Pass",1,1,"2005","01","2005-01-01","2005-02-01",16.4466666666667,-8.14,31.46,13,NA,NA,NA,100
"USS0049M08S","Indian Pass",1,1,"2005","02","2005-02-01","2005-03-01",13.43,-13.18,26.96,14,NA,NA,NA,100
"USS0049M08S","Indian Pass",1,1,"2005","03","2005-03-01","2005-04-01",20.5855172413793,5.9,29.48,6,NA,NA,NA,100
"USS0049M08S","Indian Pass",1,1,"2005","04","2005-04-01","2005-05-01",24.4494736842105,10.94,39.56,37,NA,NA,NA,100
"USS0049M08S","Indian Pass",1,1,"2005","05","2005-05-01","2005-06-01",35.0535714285714,29.66,42.08,10,NA,NA,NA,100
"USS0049M08S","Indian Pass",1,1,"2005","06","2005-06-01","2005-07-01",41.288,34.52,50.18,0,NA,NA,NA,100
"USS0049M08S","Indian Pass",1,1,"2005","07","2005-07-01","2005-08-01",45.9866666666667,35.96,51.98,13,NA,NA,NA,100
"USS0049M08S","Indian Pass",1,1,"2005","08","2005-08-01","2005-09-01",57.0333333333333,-99.58,291.38,13,NA,NA,NA,100
"USS0049M08S","Indian Pass",1,1,"2005","09","2005-09-01","2005-10-01",24.8642857142857,-99.58,42.8,7,NA,NA,NA,100
"USS0049M08S","Indian Pass",1,1,"2005","10","2005-10-01","2005-11-01",25.0544827586207,12.38,35.96,6,NA,NA,NA,100
"USS0049M08S","Indian Pass",1,1,"2005","11","2005-11-01","2005-12-01",10.904,-5.62,30.38,17,NA,NA,NA,100
"USS0049M08S","Indian Pass",1,1,"2005","12","2005-12-01","2006-01-01",21.4561538461538,-2.92,31.82,16,NA,NA,NA,100
"USS0049M08S","Indian Pass",1,1,"2006","01","2006-01-01","2006-02-01",8.50357142857143,-15.16,26.24,10,NA,NA,NA,100
"USS0049M08S","Indian Pass",1,1,"2006","02","2006-02-01","2006-03-01",11.5933333333333,-12.46,29.66,4,NA,NA,NA,100
"USS0049M08S","Indian Pass",1,1,"2006","03","2006-03-01","2006-04-01",11.6530769230769,-5.26000000000001,28.22,16,NA,NA,NA,100
"USS0049M08S","Indian Pass",1,1,"2006","04","2006-04-01","2006-05-01",59.22,7.34,1065.38,10,NA,NA,NA,100
"USS0049M08S","Indian Pass",1,1,"2006","05","2006-05-01","2006-06-01",33.0864285714286,25.16,42.98,10,NA,NA,NA,100
"USS0049M08S","Indian Pass",1,1,"2006","06","2006-06-01","2006-07-01",38.7114285714286,32.36,44.96,7,NA,NA,NA,100
"USS0049M08S","Indian Pass",1,1,"2006","07","2006-07-01","2006-08-01",43.641935483871,38.3,48.02,0,NA,NA,NA,100
"USS0049M08S","Indian Pass",1,1,"2006","08","2006-08-01","2006-09-01",42.2483870967742,33.98,47.3,0,NA,NA,NA,100
"USS0049M08S","Indian Pass",1,1,"2006","09","2006-09-01","2006-10-01",36.3632,27.14,41.72,17,NA,NA,NA,100
"USS0049M08S","Indian Pass",1,1,"2006","10","2006-10-01","2006-11-01",29.7104,12.56,40.64,19,NA,NA,NA,100
"USS0049M08S","Indian Pass",1,1,"2006","11","2006-11-01","2006-12-01",2.34666666666666,-11.38,16.7,10,NA,NA,NA,100
"USS0049M08S","Indian Pass",1,1,"2006","12","2006-12-01","2007-01-01",15.0533333333333,-3.1,29.66,13,NA,NA,NA,100
"USS0049M08S","Indian Pass",1,1,"2007","01","2007-01-01","2007-02-01",11.1083870967742,-14.44,35.96,0,NA,NA,NA,100
"USS0049M08S","Indian Pass",1,1,"2007","02","2007-02-01","2007-03-01",10.0053846153846,-11.02,25.34,7,NA,NA,NA,100
"USS0049M08S","Indian Pass",1,1,"2007","03","2007-03-01","2007-04-01",0.797931034482756,-14.62,12.56,6,NA,NA,NA,100
"USS0049M08S","Indian Pass",1,1,"2007","04","2007-04-01","2007-05-01",25.43,17.6,33.08,0,NA,NA,NA,100
"USS0049M08S","Indian Pass",1,1,"2007","05","2007-05-01","2007-06-01",32.4761290322581,28.58,41.54,0,NA,NA,NA,100
"USS0049M08S","Indian Pass",1,1,"2007","06","2007-06-01","2007-07-01",40.046,33.08,47.48,0,NA,NA,NA,100
"USS0049M08S","Indian Pass",1,1,"2007","07","2007-07-01","2007-08-01",43.9206451612903,37.4,50.9,0,NA,NA,NA,100
"USS0049M08S","Indian Pass",1,1,"2007","08","2007-08-01","2007-09-01",43.8103225806452,39.56,49.46,0,NA,NA,NA,100
"USS0049M08S","Indian Pass",1,1,"2007","09","2007-09-01","2007-10-01",37.58,30.02,44.96,0,NA,NA,NA,100
"USS0049M08S","Indian Pass",1,1,"2007","10","2007-10-01","2007-11-01",25.281935483871,15.62,32.54,0,6.36920405333333,0,17.99212656,13
"USS0049M08S","Indian Pass",1,1,"2007","11","2007-11-01","2007-12-01",23.6,12.02,30.74,0,31.866142752,19.01574864,40.98425328,0
"USS0049M08S","Indian Pass",1,1,"2007","12","2007-12-01","2008-01-01",13.2335483870968,-7.78,28.22,0,38.5496583329032,34.01574912,45.00000144,0
"USS0049M08S","Indian Pass",1,1,"2008","01","2008-01-01","2008-02-01",7.49677419354839,-11.2,27.86,0,50.1295418632258,40.98425328,60.00000192,0
"USS0049M08S","Indian Pass",1,1,"2008","02","2008-02-01","2008-03-01",8.71793103448276,-13.9,29.66,0,59.0320409875862,50.0000016,69.01575024,0
"USS0049M08S","Indian Pass",1,1,"2008","03","2008-03-01","2008-04-01",19.3245161290323,5.9,28.58,0,71.513845316129,65.00000208,77.99212848,0
"USS0049M08S","Indian Pass",1,1,"2008","04","2008-04-01","2008-05-01",20.444,5.72,34.16,0,74.300527312,65.00000208,84.01575072,0
"USS0049M08S","Indian Pass",1,1,"2008","05","2008-05-01","2008-06-01",32.2670967741935,25.88,38.66,0,54.5161307767742,35.00000112,69.01575024,0
"USS0049M08S","Indian Pass",1,1,"2008","06","2008-06-01","2008-07-01",37.364,31.82,41.18,0,11.366142096,0,32.99212704,0
"USS0049M08S","Indian Pass",1,1,"2008","07","2008-07-01","2008-08-01",42.6838709677419,36.86,49.46,0,0,0,0,0
"USS0049M08S","Indian Pass",1,1,"2008","08","2008-08-01","2008-09-01",42.62,36.68,47.66,0,0,0,0,0
"USS0049M08S","Indian Pass",1,1,"2008","09","2008-09-01","2008-10-01",36.8848275862069,25.52,43.34,3,0,0,0,0
"USS0049M08S","Indian Pass",1,1,"2008","10","2008-10-01","2008-11-01",18.2735483870968,3.56,29.66,0,15.0330205470968,0,22.99212672,0
"USS0049M08S","Indian Pass",1,1,"2008","11","2008-11-01","2008-12-01",15.26,5.72,28.58,0,27.371391952,17.99212656,44.01574944,0
"USS0049M08S","Indian Pass",1,1,"2008","12","2008-12-01","2009-01-01",11.718064516129,-11.02,32,0,46.2230139251613,40.00000128,55.98425376,0
"USS0049M08S","Indian Pass",1,1,"2009","01","2009-01-01","2009-02-01",8.57677419354839,-17.68,31.28,0,52.1297959277419,42.99212736,62.992128,0
"USS0049M08S","Indian Pass",1,1,"2009","02","2009-02-01","2009-03-01",10.6057142857143,-11.92,25.88,0,62.5674935657143,60.00000192,75.0000024,0
"USS0049M08S","Indian Pass",1,1,"2009","03","2009-03-01","2009-04-01",12.2522580645161,-3.64,24.98,0,71.8059459096774,67.99212816,77.99212848,0
"USS0049M08S","Indian Pass",1,1,"2009","04","2009-04-01","2009-05-01",23.396,9.14,40.64,0,71.066931408,59.01574992,77.00787648,0
"USS0049M08S","Indian Pass",1,1,"2009","05","2009-05-01","2009-06-01",35.1238709677419,28.94,41.54,0,16.9050043509677,0,55.00000176,0
"USS0049M08S","Indian Pass",1,1,"2009","06","2009-06-01","2009-07-01",39.842,32.54,46.58,0,0,0,0,0
"USS0049M08S","Indian Pass",1,1,"2009","07","2009-07-01","2009-08-01",47.9967741935484,42.08,57.92,0,0,0,0,0
"USS0049M08S","Indian Pass",1,1,"2009","08","2009-08-01","2009-09-01",43.3225806451613,37.4,48.02,0,0,0,0,0
"USS0049M08S","Indian Pass",1,1,"2009","09","2009-09-01","2009-10-01",37.6668965517241,25.52,43.7,3,0.0328084,0,0.984252,0
"USS0049M08S","Indian Pass",1,1,"2009","10","2009-10-01","2009-11-01",31.1174193548387,10.4,43.52,0,0.805181636129032,0,5.00000016,0
"USS0049M08S","Indian Pass",1,1,"2009","11","2009-11-01","2009-12-01",13.706,-8.68000000000001,31.64,0,12.969816688,2.99212608,32.00787504,0
"USS0049M08S","Indian Pass",1,1,"2009","12","2009-12-01","2010-01-01",20.1316129032258,-13.36,30.56,0,34.0640092180645,27.99212688,40.98425328,0
"USS0049M08S","Indian Pass",1,1,"2010","01","2010-01-01","2010-02-01",19.3187096774194,-0.759999999999998,29.48,0,35.8077227612903,32.99212704,39.01574928,0
"USS0049M08S","Indian Pass",1,1,"2010","02","2010-02-01","2010-03-01",20.885,4.28,31.28,0,46.3920149828571,35.00000112,52.00787568,0
"USS0049M08S","Indian Pass",1,1,"2010","03","2010-03-01","2010-04-01",16.8161290322581,-5.98,29.48,0,58.1902482425807,50.9842536,67.00787616,0
"USS0049M08S","Indian Pass",1,1,"2010","04","2010-04-01","2010-05-01",24.446,14.54,35.42,0,63.734910176,57.00787584,75.0000024,0
"USS0049M08S","Indian Pass",1,1,"2010","05","2010-05-01","2010-06-01",34.0206451612903,26.6,47.12,0,40.4838722632258,12.0078744,59.01574992,0
"USS0049M08S","Indian Pass",1,1,"2010","06","2010-06-01","2010-07-01",39.302,34.88,45.32,0,1.165354368,0,10.98425232,0
"USS0049M08S","Indian Pass",1,1,"2010","07","2010-07-01","2010-08-01",42.9858064516129,37.58,46.04,0,0,0,0,0
"USS0049M08S","Indian Pass",1,1,"2010","08","2010-08-01","2010-09-01",44.9541935483871,39.74,51.98,0,0,0,0,0
"USS0049M08S","Indian Pass",1,1,"2010","09","2010-09-01","2010-10-01",38.084,20.48,45.5,0,0,0,0,0
"USS0049M08S","Indian Pass",1,1,"2010","10","2010-10-01","2010-11-01",27.9587096774194,18.14,36.14,0,2.22377451870968,0,9.01574832,0
"USS0049M08S","Indian Pass",1,1,"2010","11","2010-11-01","2010-12-01",19.61,1.22,31.82,0,24.397638576,7.99212624,32.99212704,0
"USS0049M08S","Indian Pass",1,1,"2010","12","2010-12-01","2011-01-01",8.69870967741935,-4.72000000000001,28.4,0,34.2291095535484,27.99212688,42.99212736,0
"USS0049M08S","Indian Pass",1,1,"2011","01","2011-01-01","2011-02-01",16.1193548387097,-16.96,30.38,0,42.7444768567742,39.01574928,52.99212768,0
"USS0049M08S","Indian Pass",1,1,"2011","02","2011-02-01","2011-03-01",9.365,-5.08000000000001,28.76,0,56.9614753885714,50.9842536,67.00787616,0
"USS0049M08S","Indian Pass",1,1,"2011","03","2011-03-01","2011-04-01",14.6909677419355,-0.0399999999999991,29.66,0,51.9608855845161,50.0000016,55.00000176,0
"USS0049M08S","Indian Pass",1,1,"2011","04","2011-04-01","2011-05-01",24.65,15.44,33.26,0,59.799214512,54.01574976,67.99212816,0
"USS0049M08S","Indian Pass",1,1,"2011","05","2011-05-01","2011-06-01",33.3296774193548,24.26,42.26,0,39.7091706890323,9.01574832,55.98425376,0
"USS0049M08S","Indian Pass",1,1,"2011","06","2011-06-01","2011-07-01",39.44,34.88,45.68,0,0.366141744,0,5.98425216,0
"USS0049M08S","Indian Pass",1,1,"2011","07","2011-07-01","2011-08-01",44.0077419354839,39.2,48.74,0,0,0,0,0
"USS0049M08S","Indian Pass",1,1,"2011","08","2011-08-01","2011-09-01",42.7593548387097,36.86,47.12,0,0,0,0,0
"USS0049M08S","Indian Pass",1,1,"2011","09","2011-09-01","2011-10-01",37.034,29.48,44.06,0,0,0,0,0
"USS0049M08S","Indian Pass",1,1,"2011","10","2011-10-01","2011-11-01",25.8277419354839,9.14,32.36,0,9.90729013161291,2.99212608,22.99212672,0
"USS0049M08S","Indian Pass",1,1,"2011","11","2011-11-01","2011-12-01",6.206,-8.68000000000001,26.42,0,34.728347568,22.99212672,50.9842536,0
"USS0049M08S","Indian Pass",1,1,"2011","12","2011-12-01","2012-01-01",13.7851612903226,-7.06000000000001,27.14,0,61.6446552619355,40.00000128,70.98425424,0
"USS0049M08S","Indian Pass",1,1,"2012","01","2012-01-01","2012-02-01",-0.336129032258067,-13.18,27.14,0,68.0340382451613,62.007876,72.00787632,0
"USS0049M08S","Indian Pass",1,1,"2012","02","2012-02-01","2012-03-01",18.9034482758621,1.04,29.12,0,81.2774937765517,72.99212832,92.00787696,0
"USS0049M08S","Indian Pass",1,1,"2012","03","2012-03-01","2012-04-01",11.5670967741935,-0.940000000000005,28.4,0,89.7079022864516,85.00000272,97.99212912,0
"USS0049M08S","Indian Pass",1,1,"2012","04","2012-04-01","2012-05-01",26.516,15.26,33.62,0,79.500002544,67.99212816,90.00000288,0
"USS0049M08S","Indian Pass",1,1,"2012","05","2012-05-01","2012-06-01",30.4845161290323,17.06,39.02,0,59.2557804077419,42.99212736,67.99212816,0
"USS0049M08S","Indian Pass",1,1,"2012","06","2012-06-01","2012-07-01",38.564,32.72,46.94,0,15.965879776,0,42.00787536,0
"USS0049M08S","Indian Pass",1,1,"2012","07","2012-07-01","2012-08-01",42.4690322580645,35.06,51.62,0,0,0,0,0
"USS0049M08S","Indian Pass",1,1,"2012","08","2012-08-01","2012-09-01",42.138064516129,36.86,48.74,0,0,0,0,0
"USS0049M08S","Indian Pass",1,1,"2012","09","2012-09-01","2012-10-01",36.026,22.46,45.14,0,0.066929136,0,2.00787408,0
"USS0049M08S","Indian Pass",1,1,"2012","10","2012-10-01","2012-11-01",22.1432,6.62,40.82,19,3.97002806709677,0,7.99212624,0
"USS0049M08S","Indian Pass",1,1,"2012","11","2012-11-01","2012-12-01",14.156,2.84,28.04,0,13.43175896,7.99212624,17.00787456,0
"USS0049M08S","Indian Pass",1,1,"2012","12","2012-12-01","2013-01-01",11.5903225806452,-9.58000000000001,31.1,0,28.2245373522581,15.00000048,37.9921272,0
"USS0049M08S","Indian Pass",1,1,"2013","01","2013-01-01","2013-02-01",17.7625806451613,-19.3,31.82,0,56.8732555664516,40.98425328,69.01575024,0
"USS0049M08S","Indian Pass",1,1,"2013","02","2013-02-01","2013-03-01",18.5707142857143,0.140000000000001,28.94,0,76.3203061542857,67.00787616,82.00787664,0
"USS0049M08S","Indian Pass",1,1,"2013","03","2013-03-01","2013-04-01",14.1567741935484,-4.72000000000001,27.68,0,78.0975386941936,72.00787632,90.00000288,0
"USS0049M08S","Indian Pass",1,1,"2013","04","2013-04-01","2013-05-01",13.694,-4.54,28.76,0,89.165357184,82.99212864,102.99212928,0
"USS0049M08S","Indian Pass",1,1,"2013","05","2013-05-01","2013-06-01",30.9141935483871,16.16,45.5,0,77.068836603871,52.00787568,92.00787696,0
"USS0049M08S","Indian Pass",1,1,"2013","06","2013-06-01","2013-07-01",43.532,34.34,52.88,0,17.501312896,0,50.0000016,0
"USS0049M08S","Indian Pass",1,1,"2013","07","2013-07-01","2013-08-01",47.5264516129032,40.64,54.5,0,0,0,0,0
"USS0049M08S","Indian Pass",1,1,"2013","08","2013-08-01","2013-09-01",45.441935483871,37.04,50.54,0,0,0,0,0
"USS0049M08S","Indian Pass",1,1,"2013","09","2013-09-01","2013-10-01",37.424,21.92,45.68,0,0.83333336,0,9.01574832,0
"USS0049M08S","Indian Pass",1,1,"2013","10","2013-10-01","2013-11-01",31.6806451612903,19.76,38.3,0,3.22580655483871,0,10.00000032,0
"USS0049M08S","Indian Pass",1,1,"2013","11","2013-11-01","2013-12-01",13.646,-8.14,31.46,0,18.203412656,2.00787408,30.00000096,0
"USS0049M08S","Indian Pass",1,1,"2013","12","2013-12-01","2014-01-01",13.3612903225806,-7.06000000000001,34.16,0,28.2219973470968,20.98425264,35.98425312,0
"USS0049M08S","Indian Pass",1,1,"2014","01","2014-01-01","2014-02-01",26.3677419354839,5.72,37.58,0,36.0033031587097,32.00787504,45.00000144,0
"USS0049M08S","Indian Pass",1,1,"2014","02","2014-02-01","2014-03-01",12.4828571428571,-7.42,34.7,0,37.4282914114286,30.98425296,49.0157496,0
"USS0049M08S","Indian Pass",1,1,"2014","03","2014-03-01","2014-04-01",15.3238709677419,2.66,28.76,0,46.7399049754839,37.9921272,57.00787584,0
"USS0049M08S","Indian Pass",1,1,"2014","04","2014-04-01","2014-05-01",23.486,5.18,33.08,0,46.86351856,37.9921272,52.00787568,0
"USS0049M08S","Indian Pass",1,1,"2014","05","2014-05-01","2014-06-01",36.7670967741935,29.12,43.88,0,11.0972825496774,0,35.98425312,0
"USS0049M08S","Indian Pass",1,1,"2014","06","2014-06-01","2014-07-01",38.588,32.36,46.58,0,0.099737536,0,2.99212608,0
"USS0049M08S","Indian Pass",1,1,"2014","07","2014-07-01","2014-08-01",45.1922580645161,37.76,51.08,0,0,0,0,0
"USS0049M08S","Indian Pass",1,1,"2014","08","2014-08-01","2014-09-01",43.2993548387097,-0.0399999999999991,49.64,0,0,0,0,0
"USS0049M08S","Indian Pass",1,1,"2014","09","2014-09-01","2014-10-01",38.996,27.68,49.1,0,0,0,0,0
"USS0049M08S","Indian Pass",1,1,"2014","10","2014-10-01","2014-11-01",24.3470967741935,11.48,35.42,0,3.54838721032258,0,9.01574832,0
"USS0049M08S","Indian Pass",1,1,"2014","11","2014-11-01","2014-12-01",26.78,8.42,35.42,3,9.000000288,7.00787424,10.98425232,0
"USS0049M08S","Indian Pass",1,1,"2014","12","2014-12-01","2015-01-01",24.7129032258064,16.16,32.9,0,22.773686276129,15.98425248,34.01574912,0
"USS0049M08S","Indian Pass",1,1,"2015","01","2015-01-01","2015-02-01",18.2503225806452,-4.9,34.52,0,29.9657108903226,25.9842528,32.99212704,0
"USS0049M08S","Indian Pass",1,1,"2015","02","2015-02-01","2015-03-01",19.5414285714286,-2.74,33.26,0,35.89567044,32.00787504,45.00000144,0
"USS0049M08S","Indian Pass",1,1,"2015","03","2015-03-01","2015-04-01",18.081935483871,-10.84,30.56,0,50.5486427148387,42.00787536,57.00787584,0
"USS0049M08S","Indian Pass",1,1,"2015","04","2015-04-01","2015-05-01",25.844,17.78,31.82,0,53.70078912,50.0000016,59.01574992,0
"USS0049M08S","Indian Pass",1,1,"2015","05","2015-05-01","2015-06-01",36.0412903225806,30.02,46.94,0,24.7104402116129,0,50.0000016,0
"USS0049M08S","Indian Pass",1,1,"2015","06","2015-06-01","2015-07-01",43.4,35.96,52.52,0,0,0,0,0
"USS0049M08S","Indian Pass",1,1,"2015","07","2015-07-01","2015-08-01",45.738064516129,39.74,51.98,0,0,0,0,0
"USS0049M08S","Indian Pass",1,1,"2015","08","2015-08-01","2015-09-01",43.04,29.84,51.08,13,0,0,0,0
"USS0049M08S","Indian Pass",1,1,"2015","09","2015-09-01","2015-10-01",31.348275862069,-0.0399999999999991,42.62,3,1.367454112,0,9.01574832,0
"USS0049M08S","Indian Pass",1,1,"2015","10","2015-10-01","2015-11-01",31.7503225806452,18.32,39.2,0,4.19354852129032,0,14.01574848,0
"USS0049M08S","Indian Pass",1,1,"2015","11","2015-11-01","2015-12-01",16.034,-5.98,29.84,0,17.6052727304348,2.00787408,40.98425328,23
"USS0049M08S","Indian Pass",1,1,"2015","12","2015-12-01","2016-01-01",18.4767741935484,4.46,30.02,0,NA,NA,NA,100
"USS0049M08S","Indian Pass",1,1,"2016","01","2016-01-01","2016-02-01",24.4516129032258,13.82,30.02,0,42.200788752,39.01574928,45.00000144,68
"USS0049M08S","Indian Pass",1,1,"2016","02","2016-02-01","2016-03-01",23.9124137931034,14.36,30.38,0,48.0722252689655,42.99212736,59.01574992,0
"USS0049M08S","Indian Pass",1,1,"2016","03","2016-03-01","2016-04-01",24.0393548387097,12.92,32.72,0,55.9067836025807,52.00787568,69.01575024,0
"USS0049M08S","Indian Pass",1,1,"2016","04","2016-04-01","2016-05-01",29.426,23.18,34.52,0,50.001313936,42.00787536,57.00787584,0
"USS0049M08S","Indian Pass",1,1,"2016","05","2016-05-01","2016-06-01",35.361935483871,27.86,42.44,0,20.612141883871,0,40.98425328,0
"USS0049M08S","Indian Pass",1,1,"2016","06","2016-06-01","2016-07-01",41.39,34.34,46.94,0,0,0,0,0
"USS0049M08S","Indian Pass",1,1,"2016","07","2016-07-01","2016-08-01",47.7006451612903,40.46,53.96,0,0,0,0,0
"USS0049M08S","Indian Pass",1,1,"2016","08","2016-08-01","2016-09-01",45.86,41,49.28,0,0,0,0,0
"USS0049M08S","Indian Pass",1,1,"2016","09","2016-09-01","2016-10-01",37.1,27.68,44.24,0,0,0,0,0
"USS0049M08S","Indian Pass",1,1,"2016","10","2016-10-01","2016-11-01",27.7438709677419,13.82,36.14,0,2.48412504774194,0,10.00000032,0
"USS0049M08S","Indian Pass",1,1,"2016","11","2016-11-01","2016-12-01",19.514,-1.84,33.8,0,2.737532896,0,5.98425216,0
"USS0049M08S","Indian Pass",1,1,"2016","12","2016-12-01","2017-01-01",12.6006451612903,-7.24,27.68,0,11.5468634632258,5.98425216,20.00000064,0
"USS0049M08S","Indian Pass",1,1,"2017","01","2017-01-01","2017-02-01",13.2161290322581,-8.68000000000001,27.32,0,29.1617992567742,17.00787456,44.01574944,0
"USS0049M08S","Indian Pass",1,1,"2017","02","2017-02-01","2017-03-01",13.3764285714286,-5.98,27.14,0,43.0722735942857,35.00000112,52.99212768,0
"USS0049M08S","Indian Pass",1,1,"2017","03","2017-03-01","2017-04-01",4.13483870967742,-9.58000000000001,28.22,0,43.3528080929032,40.98425328,52.00787568,0
"USS0049M08S","Indian Pass",1,1,"2017","04","2017-04-01","2017-05-01",26.246,20.66,35.42,0,42.236221824,30.98425296,49.0157496,0
"USS0049M08S","Indian Pass",1,1,"2017","05","2017-05-01","2017-06-01",31.8258064516129,24.44,36.5,0,15.3225811354839,0,30.98425296,0
"USS0049M08S","Indian Pass",1,1,"2017","06","2017-06-01","2017-07-01",40.13,35.96,46.94,0,0,0,0,0
"USS0049M08S","Indian Pass",1,1,"2017","07","2017-07-01","2017-08-01",45.7322580645161,38.84,51.98,0,0,0,0,0
"USS0049M08S","Indian Pass",1,1,"2017","08","2017-08-01","2017-09-01",43.0032258064516,36.5,49.28,0,0,0,0,0
"USS0049M08S","Indian Pass",1,1,"2017","09","2017-09-01","2017-10-01",37.598,31.28,43.16,0,0,0,0,0
"USS0049M08S","Indian Pass",1,1,"2017","10","2017-10-01","2017-11-01",26.4896774193548,5,41,0,2.99847609290323,0,10.98425232,0
"USS0049M08S","Indian Pass",1,1,"2017","11","2017-11-01","2017-12-01",13.64,-2.2,32.54,0,16.565617328,10.00000032,22.00787472,0
"USS0049M08S","Indian Pass",1,1,"2017","12","2017-12-01","2018-01-01",21.6354838709677,9.14,32.72,0,30.4216418167742,19.01574864,35.98425312,0
"USS0049M08S","Indian Pass",1,1,"2018","01","2018-01-01","2018-02-01",14.661935483871,-6.88,30.38,0,36.9329450477419,32.99212704,40.98425328,0
"USS0049M08S","Indian Pass",1,1,"2018","02","2018-02-01","2018-03-01",13.2671428571429,-4,25.88,0,47.7854346,37.9921272,65.00000208,0
"USS0049M08S","Indian Pass",1,1,"2018","03","2018-03-01","2018-04-01",16.3341935483871,-2.38,28.04,0,63.1597683406452,55.98425376,72.00787632,0
"USS0049M08S","Indian Pass",1,1,"2018","04","2018-04-01","2018-05-01",25.886,14.18,32.36,0,58.535434944,54.01574976,67.99212816,0
"USS0049M08S","Indian Pass",1,1,"2018","05","2018-05-01","2018-06-01",32.0174193548387,19.94,38.84,0,46.163323803871,27.00787488,62.007876,0
"USS0049M08S","Indian Pass",1,1,"2018","06","2018-06-01","2018-07-01",39.128,33.62,45.14,0,3.566929248,0,24.0157488,0
"USS0049M08S","Indian Pass",1,1,"2018","07","2018-07-01","2018-08-01",46.1038709677419,40.46,51.08,0,0,0,0,0
"USS0049M08S","Indian Pass",1,1,"2018","08","2018-08-01","2018-09-01",43.6477419354839,35.06,51.62,0,0,0,0,0
"USS0049M08S","Indian Pass",1,1,"2018","09","2018-09-01","2018-10-01",40.034,34.34,46.76,0,0,0,0,0
"USS0049M08S","Indian Pass",1,1,"2018","10","2018-10-01","2018-11-01",32.5864516129032,14.18,42.08,0,2.00025406451613,0,19.01574864,0
"USS0049M08S","Indian Pass",1,1,"2018","11","2018-11-01","2018-12-01",23.732,11.48,36.86,0,9.204724704,7.00787424,12.9921264,0
"USS0049M08S","Indian Pass",1,1,"2018","12","2018-12-01","2019-01-01",18.5870967741935,1.04,30.74,0,29.7752105032258,12.9921264,42.99212736,0
"USS0049M08S","Indian Pass",1,1,"2019","01","2019-01-01","2019-02-01",15.6896774193548,-5.8,30.38,0,39.9707912206452,37.0078752,45.00000144,0
"USS0049M08S","Indian Pass",1,1,"2019","02","2019-02-01","2019-03-01",15.0157142857143,-0.0399999999999991,24.62,0,52.8557384742857,42.99212736,64.01575008,0
"USS0049M08S","Indian Pass",1,1,"2019","03","2019-03-01","2019-04-01",25.6883870967742,12.02,32.18,0,54.5516908490323,49.0157496,60.98425392,0
"USS0049M08S","Indian Pass",1,1,"2019","04","2019-04-01","2019-05-01",24.824,17.6,33.8,0,53.568243184,47.99212752,60.98425392,0
"USS0049M08S","Indian Pass",1,1,"2019","05","2019-05-01","2019-06-01",33.8638709677419,28.58,38.3,0,37.3545859045161,14.01574848,52.00787568,0
"USS0049M08S","Indian Pass",1,1,"2019","06","2019-06-01","2019-07-01",18.824,-147.82,57.74,0,1.23359584,0,12.0078744,0
"USS0049M08S","Indian Pass",1,1,"2019","07","2019-07-01","2019-08-01",50.4703225806452,41.9,61.52,0,0.0635001290322581,0,0.984252,0
"USS0049M08S","Indian Pass",1,1,"2019","08","2019-08-01","2019-09-01",45.6161290322581,37.58,55.04,0,0,0,0,0
"USS0049M08S","Indian Pass",1,1,"2019","09","2019-09-01","2019-10-01",38.984,27.32,46.22,0,0,0,0,0
"USS0049M08S","Indian Pass",1,1,"2019","10","2019-10-01","2019-11-01",28.4553846153846,19.94,32.54,58,3.69170211692308,0,12.0078744,58
"USS0049M08S","Indian Pass",1,1,"2019","11","2019-11-01","2019-12-01",19.13,3.92,32,73,23.12500074,15.00000048,34.01574912,73
